file,vehicle_id,n_rows,time_col,error_source_cols,schema_ok,time_ok,finite_state_ok,end_guide_any,end_guide_final,final_row_ok,end_reason_final,terminal_reason_ok,success_flag_any,success_cols,close_pass_any,close_cols,replayed_dwell,dwell_entry_idx,dwell_confirm_idx,max_replayed_dwell_count,logging_audit_pass,replayed_strict_success,notes
outputs\logging_audit_B5D_input_stage\audit_input_00001.csv,0,1,,,False,False,False,False,False,False,,False,False,,False,,False,,,0,False,False,"missing time column | missing end_reason column | missing end_guide column | Cannot reconstruct TAEM errors; missing columns: ['height', 'velocity', 's_go'] | time ordering or finite-time check failed | final-row preservation check failed"
outputs\logging_audit_B5D_input_stage\audit_input_00001.csv,1,1,,,False,False,False,False,False,False,,False,False,,False,,False,,,0,False,False,"missing time column | missing end_reason column | missing end_guide column | Cannot reconstruct TAEM errors; missing columns: ['height', 'velocity', 's_go'] | time ordering or finite-time check failed | final-row preservation check failed"
outputs\logging_audit_B5D_input_stage\audit_input_00001.csv,2,1,,,False,False,False,False,False,False,,False,False,,False,,False,,,0,False,False,"missing time column | missing end_reason column | missing end_guide column | Cannot reconstruct TAEM errors; missing columns: ['height', 'velocity', 's_go'] | time ordering or finite-time check failed | final-row preservation check failed"
outputs\logging_audit_B5D_input_stage\audit_input_00002.csv,0,1,,,False,False,False,False,False,False,,False,False,,False,,False,,,0,False,False,"missing time column | missing end_reason column | missing end_guide column | Cannot reconstruct TAEM errors; missing columns: ['height', 'velocity', 's_go'] | time ordering or finite-time check failed | final-row preservation check failed"
outputs\logging_audit_B5D_input_stage\audit_input_00002.csv,1,1,,,False,False,False,False,False,False,,False,False,,False,,False,,,0,False,False,"missing time column | missing end_reason column | missing end_guide column | Cannot reconstruct TAEM errors; missing columns: ['height', 'velocity', 's_go'] | time ordering or finite-time check failed | final-row preservation check failed"
outputs\logging_audit_B5D_input_stage\audit_input_00002.csv,2,1,,,False,False,False,False,False,False,,False,False,,False,,False,,,0,False,False,"missing time column | missing end_reason column | missing end_guide column | Cannot reconstruct TAEM errors; missing columns: ['height', 'velocity', 's_go'] | time ordering or finite-time check failed | final-row preservation check failed"
outputs\logging_audit_B5D_input_stage\audit_input_00003.csv,0,1,,,False,False,False,False,False,False,,False,False,,False,,False,,,0,False,False,"missing time column | missing end_reason column | missing end_guide column | Cannot reconstruct TAEM errors; missing columns: ['height', 'velocity', 's_go'] | time ordering or finite-time check failed | final-row preservation check failed"
outputs\logging_audit_B5D_input_stage\audit_input_00003.csv,1,1,,,False,False,False,False,False,False,,False,False,,False,,False,,,0,False,False,"missing time column | missing end_reason column | missing end_guide column | Cannot reconstruct TAEM errors; missing columns: ['height', 'velocity', 's_go'] | time ordering or finite-time check failed | final-row preservation check failed"
outputs\logging_audit_B5D_input_stage\audit_input_00003.csv,2,1,,,False,False,False,False,False,False,,False,False,,False,,False,,,0,False,False,"missing time column | missing end_reason column | missing end_guide column | Cannot reconstruct TAEM errors; missing columns: ['height', 'velocity', 's_go'] | time ordering or finite-time check failed | final-row preservation check failed"
outputs\logging_audit_B5D_input_stage\audit_input_00004.csv,0,5864,global_t,height;velocity;s_go,True,True,True,True,True,True,taem_dwell_reached,True,True,taem_success_latched;taem_reached_ever;taem_reached_event;taem_reached,False,close_pass_escape,True,5856,5858,5,True,True,
outputs\logging_audit_B5D_input_stage\audit_input_00004.csv,1,5828,global_t,height;velocity;s_go,True,True,True,True,True,True,taem_dwell_reached,True,True,taem_success_latched;taem_reached_ever;taem_reached_event;taem_reached,False,close_pass_escape,True,5820,5822,5,True,True,
outputs\logging_audit_B5D_input_stage\audit_input_00004.csv,2,5815,global_t,height;velocity;s_go,True,True,True,True,True,True,taem_dwell_reached,True,True,taem_success_latched;taem_reached_ever;taem_reached_event;taem_reached,False,close_pass_escape,True,5807,5809,4,True,True,
outputs\logging_audit_B5D_input_stage\audit_input_00005.csv,0,1,,,False,False,False,False,False,False,,False,False,,False,,False,,,0,False,False,"missing time column | missing end_reason column | missing end_guide column | Cannot reconstruct TAEM errors; missing columns: ['height', 'velocity', 's_go'] | time ordering or finite-time check failed | final-row preservation check failed"
outputs\logging_audit_B5D_input_stage\audit_input_00005.csv,1,1,,,False,False,False,False,False,False,,False,False,,False,,False,,,0,False,False,"missing time column | missing end_reason column | missing end_guide column | Cannot reconstruct TAEM errors; missing columns: ['height', 'velocity', 's_go'] | time ordering or finite-time check failed | final-row preservation check failed"
outputs\logging_audit_B5D_input_stage\audit_input_00005.csv,2,1,,,False,False,False,False,False,False,,False,False,,False,,False,,,0,False,False,"missing time column | missing end_reason column | missing end_guide column | Cannot reconstruct TAEM errors; missing columns: ['height', 'velocity', 's_go'] | time ordering or finite-time check failed | final-row preservation check failed"
outputs\logging_audit_B5D_input_stage\audit_input_00006.csv,0,1,,,False,False,False,False,False,False,,False,False,,False,,False,,,0,False,False,"missing time column | missing end_reason column | missing end_guide column | Cannot reconstruct TAEM errors; missing columns: ['height', 'velocity', 's_go'] | time ordering or finite-time check failed | final-row preservation check failed"
outputs\logging_audit_B5D_input_stage\audit_input_00006.csv,1,1,,,False,False,False,False,False,False,,False,False,,False,,False,,,0,False,False,"missing time column | missing end_reason column | missing end_guide column | Cannot reconstruct TAEM errors; missing columns: ['height', 'velocity', 's_go'] | time ordering or finite-time check failed | final-row preservation check failed"
outputs\logging_audit_B5D_input_stage\audit_input_00006.csv,2,1,,,False,False,False,False,False,False,,False,False,,False,,False,,,0,False,False,"missing time column | missing end_reason column | missing end_guide column | Cannot reconstruct TAEM errors; missing columns: ['height', 'velocity', 's_go'] | time ordering or finite-time check failed | final-row preservation check failed"
outputs\logging_audit_B5D_input_stage\audit_input_00007.csv,0,1,,,False,False,False,False,False,False,,False,False,,False,,False,,,0,False,False,"missing time column | missing end_reason column | missing end_guide column | Cannot reconstruct TAEM errors; missing columns: ['height', 'velocity', 's_go'] | time ordering or finite-time check failed | final-row preservation check failed"
outputs\logging_audit_B5D_input_stage\audit_input_00007.csv,1,1,,,False,False,False,False,False,False,,False,False,,False,,False,,,0,False,False,"missing time column | missing end_reason column | missing end_guide column | Cannot reconstruct TAEM errors; missing columns: ['height', 'velocity', 's_go'] | time ordering or finite-time check failed | final-row preservation check failed"
outputs\logging_audit_B5D_input_stage\audit_input_00007.csv,2,1,,,False,False,False,False,False,False,,False,False,,False,,False,,,0,False,False,"missing time column | missing end_reason column | missing end_guide column | Cannot reconstruct TAEM errors; missing columns: ['height', 'velocity', 's_go'] | time ordering or finite-time check failed | final-row preservation check failed"
outputs\logging_audit_B5D_input_stage\audit_input_00008.csv,0,5855,global_t,height;velocity;s_go,True,True,True,True,True,True,taem_dwell_reached,True,True,taem_success_latched;taem_reached_ever;taem_reached_event;taem_reached,False,close_pass_escape,True,5847,5849,5,True,True,
outputs\logging_audit_B5D_input_stage\audit_input_00008.csv,1,5840,global_t,height;velocity;s_go,True,True,True,True,True,True,taem_dwell_reached,True,True,taem_success_latched;taem_reached_ever;taem_reached_event;taem_reached,False,close_pass_escape,True,5831,5833,5,True,True,
outputs\logging_audit_B5D_input_stage\audit_input_00008.csv,2,5813,global_t,height;velocity;s_go,True,True,True,True,True,True,taem_dwell_reached,True,True,taem_success_latched;taem_reached_ever;taem_reached_event;taem_reached,False,close_pass_escape,True,5804,5806,5,True,True,
outputs\logging_audit_B5D_input_stage\audit_input_00009.csv,0,1,,,False,False,False,False,False,False,,False,False,,False,,False,,,0,False,False,"missing time column | missing end_reason column | missing end_guide column | Cannot reconstruct TAEM errors; missing columns: ['height', 'velocity', 's_go'] | time ordering or finite-time check failed | final-row preservation check failed"
outputs\logging_audit_B5D_input_stage\audit_input_00009.csv,1,1,,,False,False,False,False,False,False,,False,False,,False,,False,,,0,False,False,"missing time column | missing end_reason column | missing end_guide column | Cannot reconstruct TAEM errors; missing columns: ['height', 'velocity', 's_go'] | time ordering or finite-time check failed | final-row preservation check failed"
outputs\logging_audit_B5D_input_stage\audit_input_00009.csv,2,1,,,False,False,False,False,False,False,,False,False,,False,,False,,,0,False,False,"missing time column | missing end_reason column | missing end_guide column | Cannot reconstruct TAEM errors; missing columns: ['height', 'velocity', 's_go'] | time ordering or finite-time check failed | final-row preservation check failed"
outputs\logging_audit_B5D_input_stage\audit_input_00010.csv,0,1,,,False,False,False,False,False,False,,False,False,,False,,False,,,0,False,False,"missing time column | missing end_reason column | missing end_guide column | Cannot reconstruct TAEM errors; missing columns: ['height', 'velocity', 's_go'] | time ordering or finite-time check failed | final-row preservation check failed"
outputs\logging_audit_B5D_input_stage\audit_input_00010.csv,1,1,,,False,False,False,False,False,False,,False,False,,False,,False,,,0,False,False,"missing time column | missing end_reason column | missing end_guide column | Cannot reconstruct TAEM errors; missing columns: ['height', 'velocity', 's_go'] | time ordering or finite-time check failed | final-row preservation check failed"
outputs\logging_audit_B5D_input_stage\audit_input_00010.csv,2,1,,,False,False,False,False,False,False,,False,False,,False,,False,,,0,False,False,"missing time column | missing end_reason column | missing end_guide column | Cannot reconstruct TAEM errors; missing columns: ['height', 'velocity', 's_go'] | time ordering or finite-time check failed | final-row preservation check failed"
outputs\logging_audit_B5D_input_stage\audit_input_00011.csv,0,1,,,False,False,False,False,False,False,,False,False,,False,,False,,,0,False,False,"missing time column | missing end_reason column | missing end_guide column | Cannot reconstruct TAEM errors; missing columns: ['height', 'velocity', 's_go'] | time ordering or finite-time check failed | final-row preservation check failed"
outputs\logging_audit_B5D_input_stage\audit_input_00011.csv,1,1,,,False,False,False,False,False,False,,False,False,,False,,False,,,0,False,False,"missing time column | missing end_reason column | missing end_guide column | Cannot reconstruct TAEM errors; missing columns: ['height', 'velocity', 's_go'] | time ordering or finite-time check failed | final-row preservation check failed"
outputs\logging_audit_B5D_input_stage\audit_input_00011.csv,2,1,,,False,False,False,False,False,False,,False,False,,False,,False,,,0,False,False,"missing time column | missing end_reason column | missing end_guide column | Cannot reconstruct TAEM errors; missing columns: ['height', 'velocity', 's_go'] | time ordering or finite-time check failed | final-row preservation check failed"
outputs\logging_audit_B5D_input_stage\audit_input_00012.csv,0,5857,global_t,height;velocity;s_go,True,True,True,True,True,True,taem_dwell_reached,True,True,taem_success_latched;taem_reached_ever;taem_reached_event;taem_reached,False,close_pass_escape,True,5849,5851,5,True,True,
outputs\logging_audit_B5D_input_stage\audit_input_00012.csv,1,5833,global_t,height;velocity;s_go,True,True,True,True,True,True,taem_dwell_reached,True,True,taem_success_latched;taem_reached_ever;taem_reached_event;taem_reached,False,close_pass_escape,True,5825,5827,5,True,True,
outputs\logging_audit_B5D_input_stage\audit_input_00012.csv,2,5810,global_t,height;velocity;s_go,True,True,True,True,True,True,taem_dwell_reached,True,True,taem_success_latched;taem_reached_ever;taem_reached_event;taem_reached,False,close_pass_escape,True,5802,5804,5,True,True,
outputs\logging_audit_B5D_input_stage\audit_input_00013.csv,0,1,,,False,False,False,False,False,False,,False,False,,False,,False,,,0,False,False,"missing time column | missing end_reason column | missing end_guide column | Cannot reconstruct TAEM errors; missing columns: ['height', 'velocity', 's_go'] | time ordering or finite-time check failed | final-row preservation check failed"
outputs\logging_audit_B5D_input_stage\audit_input_00013.csv,1,1,,,False,False,False,False,False,False,,False,False,,False,,False,,,0,False,False,"missing time column | missing end_reason column | missing end_guide column | Cannot reconstruct TAEM errors; missing columns: ['height', 'velocity', 's_go'] | time ordering or finite-time check failed | final-row preservation check failed"
outputs\logging_audit_B5D_input_stage\audit_input_00013.csv,2,1,,,False,False,False,False,False,False,,False,False,,False,,False,,,0,False,False,"missing time column | missing end_reason column | missing end_guide column | Cannot reconstruct TAEM errors; missing columns: ['height', 'velocity', 's_go'] | time ordering or finite-time check failed | final-row preservation check failed"
outputs\logging_audit_B5D_input_stage\audit_input_00014.csv,0,1,,,False,False,False,False,False,False,,False,False,,False,,False,,,0,False,False,"missing time column | missing end_reason column | missing end_guide column | Cannot reconstruct TAEM errors; missing columns: ['height', 'velocity', 's_go'] | time ordering or finite-time check failed | final-row preservation check failed"
outputs\logging_audit_B5D_input_stage\audit_input_00014.csv,1,1,,,False,False,False,False,False,False,,False,False,,False,,False,,,0,False,False,"missing time column | missing end_reason column | missing end_guide column | Cannot reconstruct TAEM errors; missing columns: ['height', 'velocity', 's_go'] | time ordering or finite-time check failed | final-row preservation check failed"
outputs\logging_audit_B5D_input_stage\audit_input_00014.csv,2,1,,,False,False,False,False,False,False,,False,False,,False,,False,,,0,False,False,"missing time column | missing end_reason column | missing end_guide column | Cannot reconstruct TAEM errors; missing columns: ['height', 'velocity', 's_go'] | time ordering or finite-time check failed | final-row preservation check failed"
outputs\logging_audit_B5D_input_stage\audit_input_00015.csv,0,1,,,False,False,False,False,False,False,,False,False,,False,,False,,,0,False,False,"missing time column | missing end_reason column | missing end_guide column | Cannot reconstruct TAEM errors; missing columns: ['height', 'velocity', 's_go'] | time ordering or finite-time check failed | final-row preservation check failed"
outputs\logging_audit_B5D_input_stage\audit_input_00015.csv,1,1,,,False,False,False,False,False,False,,False,False,,False,,False,,,0,False,False,"missing time column | missing end_reason column | missing end_guide column | Cannot reconstruct TAEM errors; missing columns: ['height', 'velocity', 's_go'] | time ordering or finite-time check failed | final-row preservation check failed"
outputs\logging_audit_B5D_input_stage\audit_input_00015.csv,2,1,,,False,False,False,False,False,False,,False,False,,False,,False,,,0,False,False,"missing time column | missing end_reason column | missing end_guide column | Cannot reconstruct TAEM errors; missing columns: ['height', 'velocity', 's_go'] | time ordering or finite-time check failed | final-row preservation check failed"
outputs\logging_audit_B5D_input_stage\audit_input_00016.csv,0,5863,global_t,height;velocity;s_go,True,True,True,True,True,True,taem_dwell_reached,True,True,taem_success_latched;taem_reached_ever;taem_reached_event;taem_reached,False,close_pass_escape,True,5854,5856,5,True,True,
outputs\logging_audit_B5D_input_stage\audit_input_00016.csv,1,5829,global_t,height;velocity;s_go,True,True,True,True,True,True,taem_dwell_reached,True,True,taem_success_latched;taem_reached_ever;taem_reached_event;taem_reached,False,close_pass_escape,True,5820,5822,5,True,True,
outputs\logging_audit_B5D_input_stage\audit_input_00016.csv,2,5805,global_t,height;velocity;s_go,True,True,True,True,True,True,taem_dwell_reached,True,True,taem_success_latched;taem_reached_ever;taem_reached_event;taem_reached,False,close_pass_escape,True,5796,5798,5,True,True,
outputs\logging_audit_B5D_input_stage\audit_input_00017.csv,0,1,,,False,False,False,False,False,False,,False,False,,False,,False,,,0,False,False,"missing time column | missing end_reason column | missing end_guide column | Cannot reconstruct TAEM errors; missing columns: ['height', 'velocity', 's_go'] | time ordering or finite-time check failed | final-row preservation check failed"
outputs\logging_audit_B5D_input_stage\audit_input_00017.csv,1,1,,,False,False,False,False,False,False,,False,False,,False,,False,,,0,False,False,"missing time column | missing end_reason column | missing end_guide column | Cannot reconstruct TAEM errors; missing columns: ['height', 'velocity', 's_go'] | time ordering or finite-time check failed | final-row preservation check failed"
outputs\logging_audit_B5D_input_stage\audit_input_00017.csv,2,1,,,False,False,False,False,False,False,,False,False,,False,,False,,,0,False,False,"missing time column | missing end_reason column | missing end_guide column | Cannot reconstruct TAEM errors; missing columns: ['height', 'velocity', 's_go'] | time ordering or finite-time check failed | final-row preservation check failed"
outputs\logging_audit_B5D_input_stage\audit_input_00018.csv,0,1,,,False,False,False,False,False,False,,False,False,,False,,False,,,0,False,False,"missing time column | missing end_reason column | missing end_guide column | Cannot reconstruct TAEM errors; missing columns: ['height', 'velocity', 's_go'] | time ordering or finite-time check failed | final-row preservation check failed"
outputs\logging_audit_B5D_input_stage\audit_input_00018.csv,1,1,,,False,False,False,False,False,False,,False,False,,False,,False,,,0,False,False,"missing time column | missing end_reason column | missing end_guide column | Cannot reconstruct TAEM errors; missing columns: ['height', 'velocity', 's_go'] | time ordering or finite-time check failed | final-row preservation check failed"
outputs\logging_audit_B5D_input_stage\audit_input_00018.csv,2,1,,,False,False,False,False,False,False,,False,False,,False,,False,,,0,False,False,"missing time column | missing end_reason column | missing end_guide column | Cannot reconstruct TAEM errors; missing columns: ['height', 'velocity', 's_go'] | time ordering or finite-time check failed | final-row preservation check failed"
outputs\logging_audit_B5D_input_stage\audit_input_00019.csv,0,1,,,False,False,False,False,False,False,,False,False,,False,,False,,,0,False,False,"missing time column | missing end_reason column | missing end_guide column | Cannot reconstruct TAEM errors; missing columns: ['height', 'velocity', 's_go'] | time ordering or finite-time check failed | final-row preservation check failed"
outputs\logging_audit_B5D_input_stage\audit_input_00019.csv,1,1,,,False,False,False,False,False,False,,False,False,,False,,False,,,0,False,False,"missing time column | missing end_reason column | missing end_guide column | Cannot reconstruct TAEM errors; missing columns: ['height', 'velocity', 's_go'] | time ordering or finite-time check failed | final-row preservation check failed"
outputs\logging_audit_B5D_input_stage\audit_input_00019.csv,2,1,,,False,False,False,False,False,False,,False,False,,False,,False,,,0,False,False,"missing time column | missing end_reason column | missing end_guide column | Cannot reconstruct TAEM errors; missing columns: ['height', 'velocity', 's_go'] | time ordering or finite-time check failed | final-row preservation check failed"
outputs\logging_audit_B5D_input_stage\audit_input_00020.csv,0,5858,global_t,height;velocity;s_go,True,True,True,True,True,True,taem_dwell_reached,True,True,taem_success_latched;taem_reached_ever;taem_reached_event;taem_reached,False,close_pass_escape,True,5850,5852,4,True,True,
outputs\logging_audit_B5D_input_stage\audit_input_00020.csv,1,5831,global_t,height;velocity;s_go,True,True,True,True,True,True,taem_dwell_reached,True,True,taem_success_latched;taem_reached_ever;taem_reached_event;taem_reached,False,close_pass_escape,True,5822,5824,5,True,True,
outputs\logging_audit_B5D_input_stage\audit_input_00020.csv,2,5808,global_t,height;velocity;s_go,True,True,True,True,True,True,taem_dwell_reached,True,True,taem_success_latched;taem_reached_ever;taem_reached_event;taem_reached,False,close_pass_escape,True,5799,5801,4,True,True,
outputs\logging_audit_B5D_input_stage\audit_input_00021.csv,0,1,,,False,False,False,False,False,False,,False,False,,False,,False,,,0,False,False,"missing time column | missing end_reason column | missing end_guide column | Cannot reconstruct TAEM errors; missing columns: ['height', 'velocity', 's_go'] | time ordering or finite-time check failed | final-row preservation check failed"
outputs\logging_audit_B5D_input_stage\audit_input_00021.csv,1,1,,,False,False,False,False,False,False,,False,False,,False,,False,,,0,False,False,"missing time column | missing end_reason column | missing end_guide column | Cannot reconstruct TAEM errors; missing columns: ['height', 'velocity', 's_go'] | time ordering or finite-time check failed | final-row preservation check failed"
outputs\logging_audit_B5D_input_stage\audit_input_00021.csv,2,1,,,False,False,False,False,False,False,,False,False,,False,,False,,,0,False,False,"missing time column | missing end_reason column | missing end_guide column | Cannot reconstruct TAEM errors; missing columns: ['height', 'velocity', 's_go'] | time ordering or finite-time check failed | final-row preservation check failed"
outputs\logging_audit_B5D_input_stage\audit_input_00022.csv,0,1,,,False,False,False,False,False,False,,False,False,,False,,False,,,0,False,False,"missing time column | missing end_reason column | missing end_guide column | Cannot reconstruct TAEM errors; missing columns: ['height', 'velocity', 's_go'] | time ordering or finite-time check failed | final-row preservation check failed"
outputs\logging_audit_B5D_input_stage\audit_input_00022.csv,1,1,,,False,False,False,False,False,False,,False,False,,False,,False,,,0,False,False,"missing time column | missing end_reason column | missing end_guide column | Cannot reconstruct TAEM errors; missing columns: ['height', 'velocity', 's_go'] | time ordering or finite-time check failed | final-row preservation check failed"
outputs\logging_audit_B5D_input_stage\audit_input_00022.csv,2,1,,,False,False,False,False,False,False,,False,False,,False,,False,,,0,False,False,"missing time column | missing end_reason column | missing end_guide column | Cannot reconstruct TAEM errors; missing columns: ['height', 'velocity', 's_go'] | time ordering or finite-time check failed | final-row preservation check failed"
outputs\logging_audit_B5D_input_stage\audit_input_00023.csv,0,1,,,False,False,False,False,False,False,,False,False,,False,,False,,,0,False,False,"missing time column | missing end_reason column | missing end_guide column | Cannot reconstruct TAEM errors; missing columns: ['height', 'velocity', 's_go'] | time ordering or finite-time check failed | final-row preservation check failed"
outputs\logging_audit_B5D_input_stage\audit_input_00023.csv,1,1,,,False,False,False,False,False,False,,False,False,,False,,False,,,0,False,False,"missing time column | missing end_reason column | missing end_guide column | Cannot reconstruct TAEM errors; missing columns: ['height', 'velocity', 's_go'] | time ordering or finite-time check failed | final-row preservation check failed"
outputs\logging_audit_B5D_input_stage\audit_input_00023.csv,2,1,,,False,False,False,False,False,False,,False,False,,False,,False,,,0,False,False,"missing time column | missing end_reason column | missing end_guide column | Cannot reconstruct TAEM errors; missing columns: ['height', 'velocity', 's_go'] | time ordering or finite-time check failed | final-row preservation check failed"
outputs\logging_audit_B5D_input_stage\audit_input_00024.csv,0,5844,global_t,height;velocity;s_go,True,True,True,True,True,True,taem_dwell_reached,True,True,taem_success_latched;taem_reached_ever;taem_reached_event;taem_reached,False,close_pass_escape,True,5836,5838,5,True,True,
outputs\logging_audit_B5D_input_stage\audit_input_00024.csv,1,5829,global_t,height;velocity;s_go,True,True,True,True,True,True,taem_dwell_reached,True,True,taem_success_latched;taem_reached_ever;taem_reached_event;taem_reached,False,close_pass_escape,True,5820,5822,5,True,True,
outputs\logging_audit_B5D_input_stage\audit_input_00024.csv,2,5813,global_t,height;velocity;s_go,True,True,True,True,True,True,taem_dwell_reached,True,True,taem_success_latched;taem_reached_ever;taem_reached_event;taem_reached,False,close_pass_escape,True,5805,5807,4,True,True,
outputs\logging_audit_B5D_input_stage\audit_input_00025.csv,0,1,,,False,False,False,False,False,False,,False,False,,False,,False,,,0,False,False,"missing time column | missing end_reason column | missing end_guide column | Cannot reconstruct TAEM errors; missing columns: ['height', 'velocity', 's_go'] | time ordering or finite-time check failed | final-row preservation check failed"
outputs\logging_audit_B5D_input_stage\audit_input_00025.csv,1,1,,,False,False,False,False,False,False,,False,False,,False,,False,,,0,False,False,"missing time column | missing end_reason column | missing end_guide column | Cannot reconstruct TAEM errors; missing columns: ['height', 'velocity', 's_go'] | time ordering or finite-time check failed | final-row preservation check failed"
outputs\logging_audit_B5D_input_stage\audit_input_00025.csv,2,1,,,False,False,False,False,False,False,,False,False,,False,,False,,,0,False,False,"missing time column | missing end_reason column | missing end_guide column | Cannot reconstruct TAEM errors; missing columns: ['height', 'velocity', 's_go'] | time ordering or finite-time check failed | final-row preservation check failed"
outputs\logging_audit_B5D_input_stage\audit_input_00026.csv,0,1,,,False,False,False,False,False,False,,False,False,,False,,False,,,0,False,False,"missing time column | missing end_reason column | missing end_guide column | Cannot reconstruct TAEM errors; missing columns: ['height', 'velocity', 's_go'] | time ordering or finite-time check failed | final-row preservation check failed"
outputs\logging_audit_B5D_input_stage\audit_input_00026.csv,1,1,,,False,False,False,False,False,False,,False,False,,False,,False,,,0,False,False,"missing time column | missing end_reason column | missing end_guide column | Cannot reconstruct TAEM errors; missing columns: ['height', 'velocity', 's_go'] | time ordering or finite-time check failed | final-row preservation check failed"
outputs\logging_audit_B5D_input_stage\audit_input_00026.csv,2,1,,,False,False,False,False,False,False,,False,False,,False,,False,,,0,False,False,"missing time column | missing end_reason column | missing end_guide column | Cannot reconstruct TAEM errors; missing columns: ['height', 'velocity', 's_go'] | time ordering or finite-time check failed | final-row preservation check failed"
outputs\logging_audit_B5D_input_stage\audit_input_00027.csv,0,1,,,False,False,False,False,False,False,,False,False,,False,,False,,,0,False,False,"missing time column | missing end_reason column | missing end_guide column | Cannot reconstruct TAEM errors; missing columns: ['height', 'velocity', 's_go'] | time ordering or finite-time check failed | final-row preservation check failed"
outputs\logging_audit_B5D_input_stage\audit_input_00027.csv,1,1,,,False,False,False,False,False,False,,False,False,,False,,False,,,0,False,False,"missing time column | missing end_reason column | missing end_guide column | Cannot reconstruct TAEM errors; missing columns: ['height', 'velocity', 's_go'] | time ordering or finite-time check failed | final-row preservation check failed"
outputs\logging_audit_B5D_input_stage\audit_input_00027.csv,2,1,,,False,False,False,False,False,False,,False,False,,False,,False,,,0,False,False,"missing time column | missing end_reason column | missing end_guide column | Cannot reconstruct TAEM errors; missing columns: ['height', 'velocity', 's_go'] | time ordering or finite-time check failed | final-row preservation check failed"
outputs\logging_audit_B5D_input_stage\audit_input_00028.csv,0,5846,global_t,height;velocity;s_go,True,True,True,True,True,True,taem_dwell_reached,True,True,taem_success_latched;taem_reached_ever;taem_reached_event;taem_reached,False,close_pass_escape,True,5837,5839,6,True,True,
outputs\logging_audit_B5D_input_stage\audit_input_00028.csv,1,5827,global_t,height;velocity;s_go,True,True,True,True,True,True,taem_dwell_reached,True,True,taem_success_latched;taem_reached_ever;taem_reached_event;taem_reached,False,close_pass_escape,True,5818,5820,6,True,True,
outputs\logging_audit_B5D_input_stage\audit_input_00028.csv,2,5817,global_t,height;velocity;s_go,True,True,True,True,True,True,taem_dwell_reached,True,True,taem_success_latched;taem_reached_ever;taem_reached_event;taem_reached,False,close_pass_escape,True,5808,5810,5,True,True,
outputs\logging_audit_B5D_input_stage\audit_input_00029.csv,0,1,,,False,False,False,False,False,False,,False,False,,False,,False,,,0,False,False,"missing time column | missing end_reason column | missing end_guide column | Cannot reconstruct TAEM errors; missing columns: ['height', 'velocity', 's_go'] | time ordering or finite-time check failed | final-row preservation check failed"
outputs\logging_audit_B5D_input_stage\audit_input_00029.csv,1,1,,,False,False,False,False,False,False,,False,False,,False,,False,,,0,False,False,"missing time column | missing end_reason column | missing end_guide column | Cannot reconstruct TAEM errors; missing columns: ['height', 'velocity', 's_go'] | time ordering or finite-time check failed | final-row preservation check failed"
outputs\logging_audit_B5D_input_stage\audit_input_00029.csv,2,1,,,False,False,False,False,False,False,,False,False,,False,,False,,,0,False,False,"missing time column | missing end_reason column | missing end_guide column | Cannot reconstruct TAEM errors; missing columns: ['height', 'velocity', 's_go'] | time ordering or finite-time check failed | final-row preservation check failed"
outputs\logging_audit_B5D_input_stage\audit_input_00030.csv,0,1,,,False,False,False,False,False,False,,False,False,,False,,False,,,0,False,False,"missing time column | missing end_reason column | missing end_guide column | Cannot reconstruct TAEM errors; missing columns: ['height', 'velocity', 's_go'] | time ordering or finite-time check failed | final-row preservation check failed"
outputs\logging_audit_B5D_input_stage\audit_input_00030.csv,1,1,,,False,False,False,False,False,False,,False,False,,False,,False,,,0,False,False,"missing time column | missing end_reason column | missing end_guide column | Cannot reconstruct TAEM errors; missing columns: ['height', 'velocity', 's_go'] | time ordering or finite-time check failed | final-row preservation check failed"
outputs\logging_audit_B5D_input_stage\audit_input_00030.csv,2,1,,,False,False,False,False,False,False,,False,False,,False,,False,,,0,False,False,"missing time column | missing end_reason column | missing end_guide column | Cannot reconstruct TAEM errors; missing columns: ['height', 'velocity', 's_go'] | time ordering or finite-time check failed | final-row preservation check failed"
outputs\logging_audit_B5D_input_stage\audit_input_00031.csv,0,1,,,False,False,False,False,False,False,,False,False,,False,,False,,,0,False,False,"missing time column | missing end_reason column | missing end_guide column | Cannot reconstruct TAEM errors; missing columns: ['height', 'velocity', 's_go'] | time ordering or finite-time check failed | final-row preservation check failed"
outputs\logging_audit_B5D_input_stage\audit_input_00031.csv,1,1,,,False,False,False,False,False,False,,False,False,,False,,False,,,0,False,False,"missing time column | missing end_reason column | missing end_guide column | Cannot reconstruct TAEM errors; missing columns: ['height', 'velocity', 's_go'] | time ordering or finite-time check failed | final-row preservation check failed"
outputs\logging_audit_B5D_input_stage\audit_input_00031.csv,2,1,,,False,False,False,False,False,False,,False,False,,False,,False,,,0,False,False,"missing time column | missing end_reason column | missing end_guide column | Cannot reconstruct TAEM errors; missing columns: ['height', 'velocity', 's_go'] | time ordering or finite-time check failed | final-row preservation check failed"
outputs\logging_audit_B5D_input_stage\audit_input_00032.csv,0,5849,global_t,height;velocity;s_go,True,True,True,True,True,True,taem_dwell_reached,True,True,taem_success_latched;taem_reached_ever;taem_reached_event;taem_reached,False,close_pass_escape,True,5840,5842,6,True,True,
outputs\logging_audit_B5D_input_stage\audit_input_00032.csv,1,5827,global_t,height;velocity;s_go,True,True,True,True,True,True,taem_dwell_reached,True,True,taem_success_latched;taem_reached_ever;taem_reached_event;taem_reached,False,close_pass_escape,True,5819,5821,5,True,True,
outputs\logging_audit_B5D_input_stage\audit_input_00032.csv,2,5819,global_t,height;velocity;s_go,True,True,True,True,True,True,taem_dwell_reached,True,True,taem_success_latched;taem_reached_ever;taem_reached_event;taem_reached,False,close_pass_escape,True,5810,5812,5,True,True,
outputs\logging_audit_B5D_input_stage\audit_input_00033.csv,0,1,,,False,False,False,False,False,False,,False,False,,False,,False,,,0,False,False,"missing time column | missing end_reason column | missing end_guide column | Cannot reconstruct TAEM errors; missing columns: ['height', 'velocity', 's_go'] | time ordering or finite-time check failed | final-row preservation check failed"
outputs\logging_audit_B5D_input_stage\audit_input_00033.csv,1,1,,,False,False,False,False,False,False,,False,False,,False,,False,,,0,False,False,"missing time column | missing end_reason column | missing end_guide column | Cannot reconstruct TAEM errors; missing columns: ['height', 'velocity', 's_go'] | time ordering or finite-time check failed | final-row preservation check failed"
outputs\logging_audit_B5D_input_stage\audit_input_00033.csv,2,1,,,False,False,False,False,False,False,,False,False,,False,,False,,,0,False,False,"missing time column | missing end_reason column | missing end_guide column | Cannot reconstruct TAEM errors; missing columns: ['height', 'velocity', 's_go'] | time ordering or finite-time check failed | final-row preservation check failed"
outputs\logging_audit_B5D_input_stage\audit_input_00034.csv,0,1,,,False,False,False,False,False,False,,False,False,,False,,False,,,0,False,False,"missing time column | missing end_reason column | missing end_guide column | Cannot reconstruct TAEM errors; missing columns: ['height', 'velocity', 's_go'] | time ordering or finite-time check failed | final-row preservation check failed"
outputs\logging_audit_B5D_input_stage\audit_input_00034.csv,1,1,,,False,False,False,False,False,False,,False,False,,False,,False,,,0,False,False,"missing time column | missing end_reason column | missing end_guide column | Cannot reconstruct TAEM errors; missing columns: ['height', 'velocity', 's_go'] | time ordering or finite-time check failed | final-row preservation check failed"
outputs\logging_audit_B5D_input_stage\audit_input_00034.csv,2,1,,,False,False,False,False,False,False,,False,False,,False,,False,,,0,False,False,"missing time column | missing end_reason column | missing end_guide column | Cannot reconstruct TAEM errors; missing columns: ['height', 'velocity', 's_go'] | time ordering or finite-time check failed | final-row preservation check failed"
outputs\logging_audit_B5D_input_stage\audit_input_00035.csv,0,1,,,False,False,False,False,False,False,,False,False,,False,,False,,,0,False,False,"missing time column | missing end_reason column | missing end_guide column | Cannot reconstruct TAEM errors; missing columns: ['height', 'velocity', 's_go'] | time ordering or finite-time check failed | final-row preservation check failed"
outputs\logging_audit_B5D_input_stage\audit_input_00035.csv,1,1,,,False,False,False,False,False,False,,False,False,,False,,False,,,0,False,False,"missing time column | missing end_reason column | missing end_guide column | Cannot reconstruct TAEM errors; missing columns: ['height', 'velocity', 's_go'] | time ordering or finite-time check failed | final-row preservation check failed"
outputs\logging_audit_B5D_input_stage\audit_input_00035.csv,2,1,,,False,False,False,False,False,False,,False,False,,False,,False,,,0,False,False,"missing time column | missing end_reason column | missing end_guide column | Cannot reconstruct TAEM errors; missing columns: ['height', 'velocity', 's_go'] | time ordering or finite-time check failed | final-row preservation check failed"
outputs\logging_audit_B5D_input_stage\audit_input_00036.csv,0,5862,global_t,height;velocity;s_go,True,True,True,True,True,True,taem_dwell_reached,True,True,taem_success_latched;taem_reached_ever;taem_reached_event;taem_reached,False,close_pass_escape,True,5854,5856,5,True,True,
outputs\logging_audit_B5D_input_stage\audit_input_00036.csv,1,5833,global_t,height;velocity;s_go,True,True,True,True,True,True,taem_dwell_reached,True,True,taem_success_latched;taem_reached_ever;taem_reached_event;taem_reached,False,close_pass_escape,True,5825,5827,5,True,True,
outputs\logging_audit_B5D_input_stage\audit_input_00036.csv,2,5804,global_t,height;velocity;s_go,True,True,True,True,True,True,taem_dwell_reached,True,True,taem_success_latched;taem_reached_ever;taem_reached_event;taem_reached,False,close_pass_escape,True,5796,5798,5,True,True,
outputs\logging_audit_B5D_input_stage\audit_input_00037.csv,0,1,,,False,False,False,False,False,False,,False,False,,False,,False,,,0,False,False,"missing time column | missing end_reason column | missing end_guide column | Cannot reconstruct TAEM errors; missing columns: ['height', 'velocity', 's_go'] | time ordering or finite-time check failed | final-row preservation check failed"
outputs\logging_audit_B5D_input_stage\audit_input_00037.csv,1,1,,,False,False,False,False,False,False,,False,False,,False,,False,,,0,False,False,"missing time column | missing end_reason column | missing end_guide column | Cannot reconstruct TAEM errors; missing columns: ['height', 'velocity', 's_go'] | time ordering or finite-time check failed | final-row preservation check failed"
outputs\logging_audit_B5D_input_stage\audit_input_00037.csv,2,1,,,False,False,False,False,False,False,,False,False,,False,,False,,,0,False,False,"missing time column | missing end_reason column | missing end_guide column | Cannot reconstruct TAEM errors; missing columns: ['height', 'velocity', 's_go'] | time ordering or finite-time check failed | final-row preservation check failed"
outputs\logging_audit_B5D_input_stage\audit_input_00038.csv,0,1,,,False,False,False,False,False,False,,False,False,,False,,False,,,0,False,False,"missing time column | missing end_reason column | missing end_guide column | Cannot reconstruct TAEM errors; missing columns: ['height', 'velocity', 's_go'] | time ordering or finite-time check failed | final-row preservation check failed"
outputs\logging_audit_B5D_input_stage\audit_input_00038.csv,1,1,,,False,False,False,False,False,False,,False,False,,False,,False,,,0,False,False,"missing time column | missing end_reason column | missing end_guide column | Cannot reconstruct TAEM errors; missing columns: ['height', 'velocity', 's_go'] | time ordering or finite-time check failed | final-row preservation check failed"
outputs\logging_audit_B5D_input_stage\audit_input_00038.csv,2,1,,,False,False,False,False,False,False,,False,False,,False,,False,,,0,False,False,"missing time column | missing end_reason column | missing end_guide column | Cannot reconstruct TAEM errors; missing columns: ['height', 'velocity', 's_go'] | time ordering or finite-time check failed | final-row preservation check failed"
outputs\logging_audit_B5D_input_stage\audit_input_00039.csv,0,1,,,False,False,False,False,False,False,,False,False,,False,,False,,,0,False,False,"missing time column | missing end_reason column | missing end_guide column | Cannot reconstruct TAEM errors; missing columns: ['height', 'velocity', 's_go'] | time ordering or finite-time check failed | final-row preservation check failed"
outputs\logging_audit_B5D_input_stage\audit_input_00039.csv,1,1,,,False,False,False,False,False,False,,False,False,,False,,False,,,0,False,False,"missing time column | missing end_reason column | missing end_guide column | Cannot reconstruct TAEM errors; missing columns: ['height', 'velocity', 's_go'] | time ordering or finite-time check failed | final-row preservation check failed"
outputs\logging_audit_B5D_input_stage\audit_input_00039.csv,2,1,,,False,False,False,False,False,False,,False,False,,False,,False,,,0,False,False,"missing time column | missing end_reason column | missing end_guide column | Cannot reconstruct TAEM errors; missing columns: ['height', 'velocity', 's_go'] | time ordering or finite-time check failed | final-row preservation check failed"
outputs\logging_audit_B5D_input_stage\audit_input_00040.csv,0,5869,global_t,height;velocity;s_go,True,True,True,True,True,True,taem_dwell_reached,True,True,taem_success_latched;taem_reached_ever;taem_reached_event;taem_reached,False,close_pass_escape,True,5861,5863,5,True,True,
outputs\logging_audit_B5D_input_stage\audit_input_00040.csv,1,5832,global_t,height;velocity;s_go,True,True,True,True,True,True,taem_dwell_reached,True,True,taem_success_latched;taem_reached_ever;taem_reached_event;taem_reached,False,close_pass_escape,True,5823,5825,5,True,True,
outputs\logging_audit_B5D_input_stage\audit_input_00040.csv,2,5819,global_t,height;velocity;s_go,True,True,True,True,True,True,taem_dwell_reached,True,True,taem_success_latched;taem_reached_ever;taem_reached_event;taem_reached,False,close_pass_escape,True,5810,5812,5,True,True,
outputs\logging_audit_B5D_input_stage\audit_input_00041.csv,0,1,,,False,False,False,False,False,False,,False,False,,False,,False,,,0,False,False,"missing time column | missing end_reason column | missing end_guide column | Cannot reconstruct TAEM errors; missing columns: ['height', 'velocity', 's_go'] | time ordering or finite-time check failed | final-row preservation check failed"
outputs\logging_audit_B5D_input_stage\audit_input_00041.csv,1,1,,,False,False,False,False,False,False,,False,False,,False,,False,,,0,False,False,"missing time column | missing end_reason column | missing end_guide column | Cannot reconstruct TAEM errors; missing columns: ['height', 'velocity', 's_go'] | time ordering or finite-time check failed | final-row preservation check failed"
outputs\logging_audit_B5D_input_stage\audit_input_00041.csv,2,1,,,False,False,False,False,False,False,,False,False,,False,,False,,,0,False,False,"missing time column | missing end_reason column | missing end_guide column | Cannot reconstruct TAEM errors; missing columns: ['height', 'velocity', 's_go'] | time ordering or finite-time check failed | final-row preservation check failed"
outputs\logging_audit_B5D_input_stage\audit_input_00042.csv,0,1,,,False,False,False,False,False,False,,False,False,,False,,False,,,0,False,False,"missing time column | missing end_reason column | missing end_guide column | Cannot reconstruct TAEM errors; missing columns: ['height', 'velocity', 's_go'] | time ordering or finite-time check failed | final-row preservation check failed"
outputs\logging_audit_B5D_input_stage\audit_input_00042.csv,1,1,,,False,False,False,False,False,False,,False,False,,False,,False,,,0,False,False,"missing time column | missing end_reason column | missing end_guide column | Cannot reconstruct TAEM errors; missing columns: ['height', 'velocity', 's_go'] | time ordering or finite-time check failed | final-row preservation check failed"
outputs\logging_audit_B5D_input_stage\audit_input_00042.csv,2,1,,,False,False,False,False,False,False,,False,False,,False,,False,,,0,False,False,"missing time column | missing end_reason column | missing end_guide column | Cannot reconstruct TAEM errors; missing columns: ['height', 'velocity', 's_go'] | time ordering or finite-time check failed | final-row preservation check failed"
outputs\logging_audit_B5D_input_stage\audit_input_00043.csv,0,1,,,False,False,False,False,False,False,,False,False,,False,,False,,,0,False,False,"missing time column | missing end_reason column | missing end_guide column | Cannot reconstruct TAEM errors; missing columns: ['height', 'velocity', 's_go'] | time ordering or finite-time check failed | final-row preservation check failed"
outputs\logging_audit_B5D_input_stage\audit_input_00043.csv,1,1,,,False,False,False,False,False,False,,False,False,,False,,False,,,0,False,False,"missing time column | missing end_reason column | missing end_guide column | Cannot reconstruct TAEM errors; missing columns: ['height', 'velocity', 's_go'] | time ordering or finite-time check failed | final-row preservation check failed"
outputs\logging_audit_B5D_input_stage\audit_input_00043.csv,2,1,,,False,False,False,False,False,False,,False,False,,False,,False,,,0,False,False,"missing time column | missing end_reason column | missing end_guide column | Cannot reconstruct TAEM errors; missing columns: ['height', 'velocity', 's_go'] | time ordering or finite-time check failed | final-row preservation check failed"
outputs\logging_audit_B5D_input_stage\audit_input_00044.csv,0,5852,global_t,height;velocity;s_go,True,True,True,True,True,True,taem_dwell_reached,True,True,taem_success_latched;taem_reached_ever;taem_reached_event;taem_reached,False,close_pass_escape,True,5844,5846,5,True,True,
outputs\logging_audit_B5D_input_stage\audit_input_00044.csv,1,5843,global_t,height;velocity;s_go,True,True,True,True,True,True,taem_dwell_reached,True,True,taem_success_latched;taem_reached_ever;taem_reached_event;taem_reached,False,close_pass_escape,True,5834,5836,5,True,True,
outputs\logging_audit_B5D_input_stage\audit_input_00044.csv,2,5812,global_t,height;velocity;s_go,True,True,True,True,True,True,taem_dwell_reached,True,True,taem_success_latched;taem_reached_ever;taem_reached_event;taem_reached,False,close_pass_escape,True,5803,5805,5,True,True,
outputs\logging_audit_B5D_input_stage\audit_input_00045.csv,0,1,,,False,False,False,False,False,False,,False,False,,False,,False,,,0,False,False,"missing time column | missing end_reason column | missing end_guide column | Cannot reconstruct TAEM errors; missing columns: ['height', 'velocity', 's_go'] | time ordering or finite-time check failed | final-row preservation check failed"
outputs\logging_audit_B5D_input_stage\audit_input_00045.csv,1,1,,,False,False,False,False,False,False,,False,False,,False,,False,,,0,False,False,"missing time column | missing end_reason column | missing end_guide column | Cannot reconstruct TAEM errors; missing columns: ['height', 'velocity', 's_go'] | time ordering or finite-time check failed | final-row preservation check failed"
outputs\logging_audit_B5D_input_stage\audit_input_00045.csv,2,1,,,False,False,False,False,False,False,,False,False,,False,,False,,,0,False,False,"missing time column | missing end_reason column | missing end_guide column | Cannot reconstruct TAEM errors; missing columns: ['height', 'velocity', 's_go'] | time ordering or finite-time check failed | final-row preservation check failed"
outputs\logging_audit_B5D_input_stage\audit_input_00046.csv,0,1,,,False,False,False,False,False,False,,False,False,,False,,False,,,0,False,False,"missing time column | missing end_reason column | missing end_guide column | Cannot reconstruct TAEM errors; missing columns: ['height', 'velocity', 's_go'] | time ordering or finite-time check failed | final-row preservation check failed"
outputs\logging_audit_B5D_input_stage\audit_input_00046.csv,1,1,,,False,False,False,False,False,False,,False,False,,False,,False,,,0,False,False,"missing time column | missing end_reason column | missing end_guide column | Cannot reconstruct TAEM errors; missing columns: ['height', 'velocity', 's_go'] | time ordering or finite-time check failed | final-row preservation check failed"
outputs\logging_audit_B5D_input_stage\audit_input_00046.csv,2,1,,,False,False,False,False,False,False,,False,False,,False,,False,,,0,False,False,"missing time column | missing end_reason column | missing end_guide column | Cannot reconstruct TAEM errors; missing columns: ['height', 'velocity', 's_go'] | time ordering or finite-time check failed | final-row preservation check failed"
outputs\logging_audit_B5D_input_stage\audit_input_00047.csv,0,1,,,False,False,False,False,False,False,,False,False,,False,,False,,,0,False,False,"missing time column | missing end_reason column | missing end_guide column | Cannot reconstruct TAEM errors; missing columns: ['height', 'velocity', 's_go'] | time ordering or finite-time check failed | final-row preservation check failed"
outputs\logging_audit_B5D_input_stage\audit_input_00047.csv,1,1,,,False,False,False,False,False,False,,False,False,,False,,False,,,0,False,False,"missing time column | missing end_reason column | missing end_guide column | Cannot reconstruct TAEM errors; missing columns: ['height', 'velocity', 's_go'] | time ordering or finite-time check failed | final-row preservation check failed"
outputs\logging_audit_B5D_input_stage\audit_input_00047.csv,2,1,,,False,False,False,False,False,False,,False,False,,False,,False,,,0,False,False,"missing time column | missing end_reason column | missing end_guide column | Cannot reconstruct TAEM errors; missing columns: ['height', 'velocity', 's_go'] | time ordering or finite-time check failed | final-row preservation check failed"
outputs\logging_audit_B5D_input_stage\audit_input_00048.csv,0,5847,global_t,height;velocity;s_go,True,True,True,True,True,True,taem_dwell_reached,True,True,taem_success_latched;taem_reached_ever;taem_reached_event;taem_reached,False,close_pass_escape,True,5839,5841,5,True,True,
outputs\logging_audit_B5D_input_stage\audit_input_00048.csv,1,5842,global_t,height;velocity;s_go,True,True,True,True,True,True,taem_dwell_reached,True,True,taem_success_latched;taem_reached_ever;taem_reached_event;taem_reached,False,close_pass_escape,True,5834,5836,5,True,True,
outputs\logging_audit_B5D_input_stage\audit_input_00048.csv,2,5810,global_t,height;velocity;s_go,True,True,True,True,True,True,taem_dwell_reached,True,True,taem_success_latched;taem_reached_ever;taem_reached_event;taem_reached,False,close_pass_escape,True,5802,5804,5,True,True,
outputs\logging_audit_B5D_input_stage\audit_input_00049.csv,0,1,,,False,False,False,False,False,False,,False,False,,False,,False,,,0,False,False,"missing time column | missing end_reason column | missing end_guide column | Cannot reconstruct TAEM errors; missing columns: ['height', 'velocity', 's_go'] | time ordering or finite-time check failed | final-row preservation check failed"
outputs\logging_audit_B5D_input_stage\audit_input_00049.csv,1,1,,,False,False,False,False,False,False,,False,False,,False,,False,,,0,False,False,"missing time column | missing end_reason column | missing end_guide column | Cannot reconstruct TAEM errors; missing columns: ['height', 'velocity', 's_go'] | time ordering or finite-time check failed | final-row preservation check failed"
outputs\logging_audit_B5D_input_stage\audit_input_00049.csv,2,1,,,False,False,False,False,False,False,,False,False,,False,,False,,,0,False,False,"missing time column | missing end_reason column | missing end_guide column | Cannot reconstruct TAEM errors; missing columns: ['height', 'velocity', 's_go'] | time ordering or finite-time check failed | final-row preservation check failed"
outputs\logging_audit_B5D_input_stage\audit_input_00050.csv,0,1,,,False,False,False,False,False,False,,False,False,,False,,False,,,0,False,False,"missing time column | missing end_reason column | missing end_guide column | Cannot reconstruct TAEM errors; missing columns: ['height', 'velocity', 's_go'] | time ordering or finite-time check failed | final-row preservation check failed"
outputs\logging_audit_B5D_input_stage\audit_input_00050.csv,1,1,,,False,False,False,False,False,False,,False,False,,False,,False,,,0,False,False,"missing time column | missing end_reason column | missing end_guide column | Cannot reconstruct TAEM errors; missing columns: ['height', 'velocity', 's_go'] | time ordering or finite-time check failed | final-row preservation check failed"
outputs\logging_audit_B5D_input_stage\audit_input_00050.csv,2,1,,,False,False,False,False,False,False,,False,False,,False,,False,,,0,False,False,"missing time column | missing end_reason column | missing end_guide column | Cannot reconstruct TAEM errors; missing columns: ['height', 'velocity', 's_go'] | time ordering or finite-time check failed | final-row preservation check failed"
outputs\logging_audit_B5D_input_stage\audit_input_00051.csv,0,1,,,False,False,False,False,False,False,,False,False,,False,,False,,,0,False,False,"missing time column | missing end_reason column | missing end_guide column | Cannot reconstruct TAEM errors; missing columns: ['height', 'velocity', 's_go'] | time ordering or finite-time check failed | final-row preservation check failed"
outputs\logging_audit_B5D_input_stage\audit_input_00051.csv,1,1,,,False,False,False,False,False,False,,False,False,,False,,False,,,0,False,False,"missing time column | missing end_reason column | missing end_guide column | Cannot reconstruct TAEM errors; missing columns: ['height', 'velocity', 's_go'] | time ordering or finite-time check failed | final-row preservation check failed"
outputs\logging_audit_B5D_input_stage\audit_input_00051.csv,2,1,,,False,False,False,False,False,False,,False,False,,False,,False,,,0,False,False,"missing time column | missing end_reason column | missing end_guide column | Cannot reconstruct TAEM errors; missing columns: ['height', 'velocity', 's_go'] | time ordering or finite-time check failed | final-row preservation check failed"
outputs\logging_audit_B5D_input_stage\audit_input_00052.csv,0,5865,global_t,height;velocity;s_go,True,True,True,True,True,True,taem_dwell_reached,True,True,taem_success_latched;taem_reached_ever;taem_reached_event;taem_reached,False,close_pass_escape,True,5857,5859,5,True,True,
outputs\logging_audit_B5D_input_stage\audit_input_00052.csv,1,5829,global_t,height;velocity;s_go,True,True,True,True,True,True,taem_dwell_reached,True,True,taem_success_latched;taem_reached_ever;taem_reached_event;taem_reached,False,close_pass_escape,True,5821,5823,5,True,True,
outputs\logging_audit_B5D_input_stage\audit_input_00052.csv,2,5815,global_t,height;velocity;s_go,True,True,True,True,True,True,taem_dwell_reached,True,True,taem_success_latched;taem_reached_ever;taem_reached_event;taem_reached,False,close_pass_escape,True,5806,5808,5,True,True,
outputs\logging_audit_B5D_input_stage\audit_input_00053.csv,0,1,,,False,False,False,False,False,False,,False,False,,False,,False,,,0,False,False,"missing time column | missing end_reason column | missing end_guide column | Cannot reconstruct TAEM errors; missing columns: ['height', 'velocity', 's_go'] | time ordering or finite-time check failed | final-row preservation check failed"
outputs\logging_audit_B5D_input_stage\audit_input_00053.csv,1,1,,,False,False,False,False,False,False,,False,False,,False,,False,,,0,False,False,"missing time column | missing end_reason column | missing end_guide column | Cannot reconstruct TAEM errors; missing columns: ['height', 'velocity', 's_go'] | time ordering or finite-time check failed | final-row preservation check failed"
outputs\logging_audit_B5D_input_stage\audit_input_00053.csv,2,1,,,False,False,False,False,False,False,,False,False,,False,,False,,,0,False,False,"missing time column | missing end_reason column | missing end_guide column | Cannot reconstruct TAEM errors; missing columns: ['height', 'velocity', 's_go'] | time ordering or finite-time check failed | final-row preservation check failed"
outputs\logging_audit_B5D_input_stage\audit_input_00054.csv,0,1,,,False,False,False,False,False,False,,False,False,,False,,False,,,0,False,False,"missing time column | missing end_reason column | missing end_guide column | Cannot reconstruct TAEM errors; missing columns: ['height', 'velocity', 's_go'] | time ordering or finite-time check failed | final-row preservation check failed"
outputs\logging_audit_B5D_input_stage\audit_input_00054.csv,1,1,,,False,False,False,False,False,False,,False,False,,False,,False,,,0,False,False,"missing time column | missing end_reason column | missing end_guide column | Cannot reconstruct TAEM errors; missing columns: ['height', 'velocity', 's_go'] | time ordering or finite-time check failed | final-row preservation check failed"
outputs\logging_audit_B5D_input_stage\audit_input_00054.csv,2,1,,,False,False,False,False,False,False,,False,False,,False,,False,,,0,False,False,"missing time column | missing end_reason column | missing end_guide column | Cannot reconstruct TAEM errors; missing columns: ['height', 'velocity', 's_go'] | time ordering or finite-time check failed | final-row preservation check failed"
outputs\logging_audit_B5D_input_stage\audit_input_00055.csv,0,1,,,False,False,False,False,False,False,,False,False,,False,,False,,,0,False,False,"missing time column | missing end_reason column | missing end_guide column | Cannot reconstruct TAEM errors; missing columns: ['height', 'velocity', 's_go'] | time ordering or finite-time check failed | final-row preservation check failed"
outputs\logging_audit_B5D_input_stage\audit_input_00055.csv,1,1,,,False,False,False,False,False,False,,False,False,,False,,False,,,0,False,False,"missing time column | missing end_reason column | missing end_guide column | Cannot reconstruct TAEM errors; missing columns: ['height', 'velocity', 's_go'] | time ordering or finite-time check failed | final-row preservation check failed"
outputs\logging_audit_B5D_input_stage\audit_input_00055.csv,2,1,,,False,False,False,False,False,False,,False,False,,False,,False,,,0,False,False,"missing time column | missing end_reason column | missing end_guide column | Cannot reconstruct TAEM errors; missing columns: ['height', 'velocity', 's_go'] | time ordering or finite-time check failed | final-row preservation check failed"
outputs\logging_audit_B5D_input_stage\audit_input_00056.csv,0,5857,global_t,height;velocity;s_go,True,True,True,True,True,True,taem_dwell_reached,True,True,taem_success_latched;taem_reached_ever;taem_reached_event;taem_reached,False,close_pass_escape,True,5849,5851,5,True,True,
outputs\logging_audit_B5D_input_stage\audit_input_00056.csv,1,5832,global_t,height;velocity;s_go,True,True,True,True,True,True,taem_dwell_reached,True,True,taem_success_latched;taem_reached_ever;taem_reached_event;taem_reached,False,close_pass_escape,True,5824,5826,5,True,True,
outputs\logging_audit_B5D_input_stage\audit_input_00056.csv,2,5815,global_t,height;velocity;s_go,True,True,True,True,True,True,taem_dwell_reached,True,True,taem_success_latched;taem_reached_ever;taem_reached_event;taem_reached,False,close_pass_escape,True,5807,5809,5,True,True,
outputs\logging_audit_B5D_input_stage\audit_input_00057.csv,0,1,,,False,False,False,False,False,False,,False,False,,False,,False,,,0,False,False,"missing time column | missing end_reason column | missing end_guide column | Cannot reconstruct TAEM errors; missing columns: ['height', 'velocity', 's_go'] | time ordering or finite-time check failed | final-row preservation check failed"
outputs\logging_audit_B5D_input_stage\audit_input_00057.csv,1,1,,,False,False,False,False,False,False,,False,False,,False,,False,,,0,False,False,"missing time column | missing end_reason column | missing end_guide column | Cannot reconstruct TAEM errors; missing columns: ['height', 'velocity', 's_go'] | time ordering or finite-time check failed | final-row preservation check failed"
outputs\logging_audit_B5D_input_stage\audit_input_00057.csv,2,1,,,False,False,False,False,False,False,,False,False,,False,,False,,,0,False,False,"missing time column | missing end_reason column | missing end_guide column | Cannot reconstruct TAEM errors; missing columns: ['height', 'velocity', 's_go'] | time ordering or finite-time check failed | final-row preservation check failed"
outputs\logging_audit_B5D_input_stage\audit_input_00058.csv,0,1,,,False,False,False,False,False,False,,False,False,,False,,False,,,0,False,False,"missing time column | missing end_reason column | missing end_guide column | Cannot reconstruct TAEM errors; missing columns: ['height', 'velocity', 's_go'] | time ordering or finite-time check failed | final-row preservation check failed"
outputs\logging_audit_B5D_input_stage\audit_input_00058.csv,1,1,,,False,False,False,False,False,False,,False,False,,False,,False,,,0,False,False,"missing time column | missing end_reason column | missing end_guide column | Cannot reconstruct TAEM errors; missing columns: ['height', 'velocity', 's_go'] | time ordering or finite-time check failed | final-row preservation check failed"
outputs\logging_audit_B5D_input_stage\audit_input_00058.csv,2,1,,,False,False,False,False,False,False,,False,False,,False,,False,,,0,False,False,"missing time column | missing end_reason column | missing end_guide column | Cannot reconstruct TAEM errors; missing columns: ['height', 'velocity', 's_go'] | time ordering or finite-time check failed | final-row preservation check failed"
outputs\logging_audit_B5D_input_stage\audit_input_00059.csv,0,1,,,False,False,False,False,False,False,,False,False,,False,,False,,,0,False,False,"missing time column | missing end_reason column | missing end_guide column | Cannot reconstruct TAEM errors; missing columns: ['height', 'velocity', 's_go'] | time ordering or finite-time check failed | final-row preservation check failed"
outputs\logging_audit_B5D_input_stage\audit_input_00059.csv,1,1,,,False,False,False,False,False,False,,False,False,,False,,False,,,0,False,False,"missing time column | missing end_reason column | missing end_guide column | Cannot reconstruct TAEM errors; missing columns: ['height', 'velocity', 's_go'] | time ordering or finite-time check failed | final-row preservation check failed"
outputs\logging_audit_B5D_input_stage\audit_input_00059.csv,2,1,,,False,False,False,False,False,False,,False,False,,False,,False,,,0,False,False,"missing time column | missing end_reason column | missing end_guide column | Cannot reconstruct TAEM errors; missing columns: ['height', 'velocity', 's_go'] | time ordering or finite-time check failed | final-row preservation check failed"
outputs\logging_audit_B5D_input_stage\audit_input_00060.csv,0,5839,global_t,height;velocity;s_go,True,True,True,True,True,True,taem_dwell_reached,True,True,taem_success_latched;taem_reached_ever;taem_reached_event;taem_reached,False,close_pass_escape,True,5831,5833,5,True,True,
outputs\logging_audit_B5D_input_stage\audit_input_00060.csv,1,5837,global_t,height;velocity;s_go,True,True,True,True,True,True,taem_dwell_reached,True,True,taem_success_latched;taem_reached_ever;taem_reached_event;taem_reached,False,close_pass_escape,True,5829,5831,5,True,True,
outputs\logging_audit_B5D_input_stage\audit_input_00060.csv,2,5819,global_t,height;velocity;s_go,True,True,True,True,True,True,taem_dwell_reached,True,True,taem_success_latched;taem_reached_ever;taem_reached_event;taem_reached,False,close_pass_escape,True,5811,5813,5,True,True,
outputs\logging_audit_B5D_input_stage\audit_input_00061.csv,0,1,,,False,False,False,False,False,False,,False,False,,False,,False,,,0,False,False,"missing time column | missing end_reason column | missing end_guide column | Cannot reconstruct TAEM errors; missing columns: ['height', 'velocity', 's_go'] | time ordering or finite-time check failed | final-row preservation check failed"
outputs\logging_audit_B5D_input_stage\audit_input_00061.csv,1,1,,,False,False,False,False,False,False,,False,False,,False,,False,,,0,False,False,"missing time column | missing end_reason column | missing end_guide column | Cannot reconstruct TAEM errors; missing columns: ['height', 'velocity', 's_go'] | time ordering or finite-time check failed | final-row preservation check failed"
outputs\logging_audit_B5D_input_stage\audit_input_00061.csv,2,1,,,False,False,False,False,False,False,,False,False,,False,,False,,,0,False,False,"missing time column | missing end_reason column | missing end_guide column | Cannot reconstruct TAEM errors; missing columns: ['height', 'velocity', 's_go'] | time ordering or finite-time check failed | final-row preservation check failed"
outputs\logging_audit_B5D_input_stage\audit_input_00062.csv,0,1,,,False,False,False,False,False,False,,False,False,,False,,False,,,0,False,False,"missing time column | missing end_reason column | missing end_guide column | Cannot reconstruct TAEM errors; missing columns: ['height', 'velocity', 's_go'] | time ordering or finite-time check failed | final-row preservation check failed"
outputs\logging_audit_B5D_input_stage\audit_input_00062.csv,1,1,,,False,False,False,False,False,False,,False,False,,False,,False,,,0,False,False,"missing time column | missing end_reason column | missing end_guide column | Cannot reconstruct TAEM errors; missing columns: ['height', 'velocity', 's_go'] | time ordering or finite-time check failed | final-row preservation check failed"
outputs\logging_audit_B5D_input_stage\audit_input_00062.csv,2,1,,,False,False,False,False,False,False,,False,False,,False,,False,,,0,False,False,"missing time column | missing end_reason column | missing end_guide column | Cannot reconstruct TAEM errors; missing columns: ['height', 'velocity', 's_go'] | time ordering or finite-time check failed | final-row preservation check failed"
outputs\logging_audit_B5D_input_stage\audit_input_00063.csv,0,1,,,False,False,False,False,False,False,,False,False,,False,,False,,,0,False,False,"missing time column | missing end_reason column | missing end_guide column | Cannot reconstruct TAEM errors; missing columns: ['height', 'velocity', 's_go'] | time ordering or finite-time check failed | final-row preservation check failed"
outputs\logging_audit_B5D_input_stage\audit_input_00063.csv,1,1,,,False,False,False,False,False,False,,False,False,,False,,False,,,0,False,False,"missing time column | missing end_reason column | missing end_guide column | Cannot reconstruct TAEM errors; missing columns: ['height', 'velocity', 's_go'] | time ordering or finite-time check failed | final-row preservation check failed"
outputs\logging_audit_B5D_input_stage\audit_input_00063.csv,2,1,,,False,False,False,False,False,False,,False,False,,False,,False,,,0,False,False,"missing time column | missing end_reason column | missing end_guide column | Cannot reconstruct TAEM errors; missing columns: ['height', 'velocity', 's_go'] | time ordering or finite-time check failed | final-row preservation check failed"
outputs\logging_audit_B5D_input_stage\audit_input_00064.csv,0,5858,global_t,height;velocity;s_go,True,True,True,True,True,True,taem_dwell_reached,True,True,taem_success_latched;taem_reached_ever;taem_reached_event;taem_reached,False,close_pass_escape,True,5849,5851,5,True,True,
outputs\logging_audit_B5D_input_stage\audit_input_00064.csv,1,5839,global_t,height;velocity;s_go,True,True,True,True,True,True,taem_dwell_reached,True,True,taem_success_latched;taem_reached_ever;taem_reached_event;taem_reached,False,close_pass_escape,True,5830,5832,5,True,True,
outputs\logging_audit_B5D_input_stage\audit_input_00064.csv,2,5820,global_t,height;velocity;s_go,True,True,True,True,True,True,taem_dwell_reached,True,True,taem_success_latched;taem_reached_ever;taem_reached_event;taem_reached,False,close_pass_escape,True,5810,5812,5,True,True,
outputs\logging_audit_B5D_input_stage\audit_input_00065.csv,0,1,,,False,False,False,False,False,False,,False,False,,False,,False,,,0,False,False,"missing time column | missing end_reason column | missing end_guide column | Cannot reconstruct TAEM errors; missing columns: ['height', 'velocity', 's_go'] | time ordering or finite-time check failed | final-row preservation check failed"
outputs\logging_audit_B5D_input_stage\audit_input_00065.csv,1,1,,,False,False,False,False,False,False,,False,False,,False,,False,,,0,False,False,"missing time column | missing end_reason column | missing end_guide column | Cannot reconstruct TAEM errors; missing columns: ['height', 'velocity', 's_go'] | time ordering or finite-time check failed | final-row preservation check failed"
outputs\logging_audit_B5D_input_stage\audit_input_00065.csv,2,1,,,False,False,False,False,False,False,,False,False,,False,,False,,,0,False,False,"missing time column | missing end_reason column | missing end_guide column | Cannot reconstruct TAEM errors; missing columns: ['height', 'velocity', 's_go'] | time ordering or finite-time check failed | final-row preservation check failed"
outputs\logging_audit_B5D_input_stage\audit_input_00066.csv,0,1,,,False,False,False,False,False,False,,False,False,,False,,False,,,0,False,False,"missing time column | missing end_reason column | missing end_guide column | Cannot reconstruct TAEM errors; missing columns: ['height', 'velocity', 's_go'] | time ordering or finite-time check failed | final-row preservation check failed"
outputs\logging_audit_B5D_input_stage\audit_input_00066.csv,1,1,,,False,False,False,False,False,False,,False,False,,False,,False,,,0,False,False,"missing time column | missing end_reason column | missing end_guide column | Cannot reconstruct TAEM errors; missing columns: ['height', 'velocity', 's_go'] | time ordering or finite-time check failed | final-row preservation check failed"
outputs\logging_audit_B5D_input_stage\audit_input_00066.csv,2,1,,,False,False,False,False,False,False,,False,False,,False,,False,,,0,False,False,"missing time column | missing end_reason column | missing end_guide column | Cannot reconstruct TAEM errors; missing columns: ['height', 'velocity', 's_go'] | time ordering or finite-time check failed | final-row preservation check failed"
outputs\logging_audit_B5D_input_stage\audit_input_00067.csv,0,1,,,False,False,False,False,False,False,,False,False,,False,,False,,,0,False,False,"missing time column | missing end_reason column | missing end_guide column | Cannot reconstruct TAEM errors; missing columns: ['height', 'velocity', 's_go'] | time ordering or finite-time check failed | final-row preservation check failed"
outputs\logging_audit_B5D_input_stage\audit_input_00067.csv,1,1,,,False,False,False,False,False,False,,False,False,,False,,False,,,0,False,False,"missing time column | missing end_reason column | missing end_guide column | Cannot reconstruct TAEM errors; missing columns: ['height', 'velocity', 's_go'] | time ordering or finite-time check failed | final-row preservation check failed"
outputs\logging_audit_B5D_input_stage\audit_input_00067.csv,2,1,,,False,False,False,False,False,False,,False,False,,False,,False,,,0,False,False,"missing time column | missing end_reason column | missing end_guide column | Cannot reconstruct TAEM errors; missing columns: ['height', 'velocity', 's_go'] | time ordering or finite-time check failed | final-row preservation check failed"
outputs\logging_audit_B5D_input_stage\audit_input_00068.csv,0,5855,global_t,height;velocity;s_go,True,True,True,True,True,True,taem_dwell_reached,True,True,taem_success_latched;taem_reached_ever;taem_reached_event;taem_reached,False,close_pass_escape,True,5847,5849,6,True,True,
outputs\logging_audit_B5D_input_stage\audit_input_00068.csv,1,5825,global_t,height;velocity;s_go,True,True,True,True,True,True,taem_dwell_reached,True,True,taem_success_latched;taem_reached_ever;taem_reached_event;taem_reached,False,close_pass_escape,True,5817,5819,6,True,True,
outputs\logging_audit_B5D_input_stage\audit_input_00068.csv,2,5803,global_t,height;velocity;s_go,True,True,True,True,True,True,taem_dwell_reached,True,True,taem_success_latched;taem_reached_ever;taem_reached_event;taem_reached,False,close_pass_escape,True,5795,5797,5,True,True,
outputs\logging_audit_B5D_input_stage\audit_input_00069.csv,0,1,,,False,False,False,False,False,False,,False,False,,False,,False,,,0,False,False,"missing time column | missing end_reason column | missing end_guide column | Cannot reconstruct TAEM errors; missing columns: ['height', 'velocity', 's_go'] | time ordering or finite-time check failed | final-row preservation check failed"
outputs\logging_audit_B5D_input_stage\audit_input_00069.csv,1,1,,,False,False,False,False,False,False,,False,False,,False,,False,,,0,False,False,"missing time column | missing end_reason column | missing end_guide column | Cannot reconstruct TAEM errors; missing columns: ['height', 'velocity', 's_go'] | time ordering or finite-time check failed | final-row preservation check failed"
outputs\logging_audit_B5D_input_stage\audit_input_00069.csv,2,1,,,False,False,False,False,False,False,,False,False,,False,,False,,,0,False,False,"missing time column | missing end_reason column | missing end_guide column | Cannot reconstruct TAEM errors; missing columns: ['height', 'velocity', 's_go'] | time ordering or finite-time check failed | final-row preservation check failed"
outputs\logging_audit_B5D_input_stage\audit_input_00070.csv,0,1,,,False,False,False,False,False,False,,False,False,,False,,False,,,0,False,False,"missing time column | missing end_reason column | missing end_guide column | Cannot reconstruct TAEM errors; missing columns: ['height', 'velocity', 's_go'] | time ordering or finite-time check failed | final-row preservation check failed"
outputs\logging_audit_B5D_input_stage\audit_input_00070.csv,1,1,,,False,False,False,False,False,False,,False,False,,False,,False,,,0,False,False,"missing time column | missing end_reason column | missing end_guide column | Cannot reconstruct TAEM errors; missing columns: ['height', 'velocity', 's_go'] | time ordering or finite-time check failed | final-row preservation check failed"
outputs\logging_audit_B5D_input_stage\audit_input_00070.csv,2,1,,,False,False,False,False,False,False,,False,False,,False,,False,,,0,False,False,"missing time column | missing end_reason column | missing end_guide column | Cannot reconstruct TAEM errors; missing columns: ['height', 'velocity', 's_go'] | time ordering or finite-time check failed | final-row preservation check failed"
outputs\logging_audit_B5D_input_stage\audit_input_00071.csv,0,1,,,False,False,False,False,False,False,,False,False,,False,,False,,,0,False,False,"missing time column | missing end_reason column | missing end_guide column | Cannot reconstruct TAEM errors; missing columns: ['height', 'velocity', 's_go'] | time ordering or finite-time check failed | final-row preservation check failed"
outputs\logging_audit_B5D_input_stage\audit_input_00071.csv,1,1,,,False,False,False,False,False,False,,False,False,,False,,False,,,0,False,False,"missing time column | missing end_reason column | missing end_guide column | Cannot reconstruct TAEM errors; missing columns: ['height', 'velocity', 's_go'] | time ordering or finite-time check failed | final-row preservation check failed"
outputs\logging_audit_B5D_input_stage\audit_input_00071.csv,2,1,,,False,False,False,False,False,False,,False,False,,False,,False,,,0,False,False,"missing time column | missing end_reason column | missing end_guide column | Cannot reconstruct TAEM errors; missing columns: ['height', 'velocity', 's_go'] | time ordering or finite-time check failed | final-row preservation check failed"
outputs\logging_audit_B5D_input_stage\audit_input_00072.csv,0,5866,global_t,height;velocity;s_go,True,True,True,True,True,True,taem_dwell_reached,True,True,taem_success_latched;taem_reached_ever;taem_reached_event;taem_reached,False,close_pass_escape,True,5858,5860,5,True,True,
outputs\logging_audit_B5D_input_stage\audit_input_00072.csv,1,5836,global_t,height;velocity;s_go,True,True,True,True,True,True,taem_dwell_reached,True,True,taem_success_latched;taem_reached_ever;taem_reached_event;taem_reached,False,close_pass_escape,True,5828,5830,5,True,True,
outputs\logging_audit_B5D_input_stage\audit_input_00072.csv,2,5824,global_t,height;velocity;s_go,True,True,True,True,True,True,taem_dwell_reached,True,True,taem_success_latched;taem_reached_ever;taem_reached_event;taem_reached,False,close_pass_escape,True,5815,5817,5,True,True,
outputs\logging_audit_B5D_input_stage\audit_input_00073.csv,0,1,,,False,False,False,False,False,False,,False,False,,False,,False,,,0,False,False,"missing time column | missing end_reason column | missing end_guide column | Cannot reconstruct TAEM errors; missing columns: ['height', 'velocity', 's_go'] | time ordering or finite-time check failed | final-row preservation check failed"
outputs\logging_audit_B5D_input_stage\audit_input_00073.csv,1,1,,,False,False,False,False,False,False,,False,False,,False,,False,,,0,False,False,"missing time column | missing end_reason column | missing end_guide column | Cannot reconstruct TAEM errors; missing columns: ['height', 'velocity', 's_go'] | time ordering or finite-time check failed | final-row preservation check failed"
outputs\logging_audit_B5D_input_stage\audit_input_00073.csv,2,1,,,False,False,False,False,False,False,,False,False,,False,,False,,,0,False,False,"missing time column | missing end_reason column | missing end_guide column | Cannot reconstruct TAEM errors; missing columns: ['height', 'velocity', 's_go'] | time ordering or finite-time check failed | final-row preservation check failed"
outputs\logging_audit_B5D_input_stage\audit_input_00074.csv,0,1,,,False,False,False,False,False,False,,False,False,,False,,False,,,0,False,False,"missing time column | missing end_reason column | missing end_guide column | Cannot reconstruct TAEM errors; missing columns: ['height', 'velocity', 's_go'] | time ordering or finite-time check failed | final-row preservation check failed"
outputs\logging_audit_B5D_input_stage\audit_input_00074.csv,1,1,,,False,False,False,False,False,False,,False,False,,False,,False,,,0,False,False,"missing time column | missing end_reason column | missing end_guide column | Cannot reconstruct TAEM errors; missing columns: ['height', 'velocity', 's_go'] | time ordering or finite-time check failed | final-row preservation check failed"
outputs\logging_audit_B5D_input_stage\audit_input_00074.csv,2,1,,,False,False,False,False,False,False,,False,False,,False,,False,,,0,False,False,"missing time column | missing end_reason column | missing end_guide column | Cannot reconstruct TAEM errors; missing columns: ['height', 'velocity', 's_go'] | time ordering or finite-time check failed | final-row preservation check failed"
outputs\logging_audit_B5D_input_stage\audit_input_00075.csv,0,1,,,False,False,False,False,False,False,,False,False,,False,,False,,,0,False,False,"missing time column | missing end_reason column | missing end_guide column | Cannot reconstruct TAEM errors; missing columns: ['height', 'velocity', 's_go'] | time ordering or finite-time check failed | final-row preservation check failed"
outputs\logging_audit_B5D_input_stage\audit_input_00075.csv,1,1,,,False,False,False,False,False,False,,False,False,,False,,False,,,0,False,False,"missing time column | missing end_reason column | missing end_guide column | Cannot reconstruct TAEM errors; missing columns: ['height', 'velocity', 's_go'] | time ordering or finite-time check failed | final-row preservation check failed"
outputs\logging_audit_B5D_input_stage\audit_input_00075.csv,2,1,,,False,False,False,False,False,False,,False,False,,False,,False,,,0,False,False,"missing time column | missing end_reason column | missing end_guide column | Cannot reconstruct TAEM errors; missing columns: ['height', 'velocity', 's_go'] | time ordering or finite-time check failed | final-row preservation check failed"
outputs\logging_audit_B5D_input_stage\audit_input_00076.csv,0,5857,global_t,height;velocity;s_go,True,True,True,True,True,True,taem_dwell_reached,True,True,taem_success_latched;taem_reached_ever;taem_reached_event;taem_reached,False,close_pass_escape,True,5849,5851,5,True,True,
outputs\logging_audit_B5D_input_stage\audit_input_00076.csv,1,5836,global_t,height;velocity;s_go,True,True,True,True,True,True,taem_dwell_reached,True,True,taem_success_latched;taem_reached_ever;taem_reached_event;taem_reached,False,close_pass_escape,True,5827,5829,5,True,True,
outputs\logging_audit_B5D_input_stage\audit_input_00076.csv,2,5820,global_t,height;velocity;s_go,True,True,True,True,True,True,taem_dwell_reached,True,True,taem_success_latched;taem_reached_ever;taem_reached_event;taem_reached,False,close_pass_escape,True,5811,5813,5,True,True,
outputs\logging_audit_B5D_input_stage\audit_input_00077.csv,0,1,,,False,False,False,False,False,False,,False,False,,False,,False,,,0,False,False,"missing time column | missing end_reason column | missing end_guide column | Cannot reconstruct TAEM errors; missing columns: ['height', 'velocity', 's_go'] | time ordering or finite-time check failed | final-row preservation check failed"
outputs\logging_audit_B5D_input_stage\audit_input_00077.csv,1,1,,,False,False,False,False,False,False,,False,False,,False,,False,,,0,False,False,"missing time column | missing end_reason column | missing end_guide column | Cannot reconstruct TAEM errors; missing columns: ['height', 'velocity', 's_go'] | time ordering or finite-time check failed | final-row preservation check failed"
outputs\logging_audit_B5D_input_stage\audit_input_00077.csv,2,1,,,False,False,False,False,False,False,,False,False,,False,,False,,,0,False,False,"missing time column | missing end_reason column | missing end_guide column | Cannot reconstruct TAEM errors; missing columns: ['height', 'velocity', 's_go'] | time ordering or finite-time check failed | final-row preservation check failed"
outputs\logging_audit_B5D_input_stage\audit_input_00078.csv,0,1,,,False,False,False,False,False,False,,False,False,,False,,False,,,0,False,False,"missing time column | missing end_reason column | missing end_guide column | Cannot reconstruct TAEM errors; missing columns: ['height', 'velocity', 's_go'] | time ordering or finite-time check failed | final-row preservation check failed"
outputs\logging_audit_B5D_input_stage\audit_input_00078.csv,1,1,,,False,False,False,False,False,False,,False,False,,False,,False,,,0,False,False,"missing time column | missing end_reason column | missing end_guide column | Cannot reconstruct TAEM errors; missing columns: ['height', 'velocity', 's_go'] | time ordering or finite-time check failed | final-row preservation check failed"
outputs\logging_audit_B5D_input_stage\audit_input_00078.csv,2,1,,,False,False,False,False,False,False,,False,False,,False,,False,,,0,False,False,"missing time column | missing end_reason column | missing end_guide column | Cannot reconstruct TAEM errors; missing columns: ['height', 'velocity', 's_go'] | time ordering or finite-time check failed | final-row preservation check failed"
outputs\logging_audit_B5D_input_stage\audit_input_00079.csv,0,1,,,False,False,False,False,False,False,,False,False,,False,,False,,,0,False,False,"missing time column | missing end_reason column | missing end_guide column | Cannot reconstruct TAEM errors; missing columns: ['height', 'velocity', 's_go'] | time ordering or finite-time check failed | final-row preservation check failed"
outputs\logging_audit_B5D_input_stage\audit_input_00079.csv,1,1,,,False,False,False,False,False,False,,False,False,,False,,False,,,0,False,False,"missing time column | missing end_reason column | missing end_guide column | Cannot reconstruct TAEM errors; missing columns: ['height', 'velocity', 's_go'] | time ordering or finite-time check failed | final-row preservation check failed"
outputs\logging_audit_B5D_input_stage\audit_input_00079.csv,2,1,,,False,False,False,False,False,False,,False,False,,False,,False,,,0,False,False,"missing time column | missing end_reason column | missing end_guide column | Cannot reconstruct TAEM errors; missing columns: ['height', 'velocity', 's_go'] | time ordering or finite-time check failed | final-row preservation check failed"
outputs\logging_audit_B5D_input_stage\audit_input_00080.csv,0,5858,global_t,height;velocity;s_go,True,True,True,True,True,True,taem_dwell_reached,True,True,taem_success_latched;taem_reached_ever;taem_reached_event;taem_reached,False,close_pass_escape,True,5850,5852,5,True,True,
outputs\logging_audit_B5D_input_stage\audit_input_00080.csv,1,5829,global_t,height;velocity;s_go,True,True,True,True,True,True,taem_dwell_reached,True,True,taem_success_latched;taem_reached_ever;taem_reached_event;taem_reached,False,close_pass_escape,True,5821,5823,5,True,True,
outputs\logging_audit_B5D_input_stage\audit_input_00080.csv,2,5817,global_t,height;velocity;s_go,True,True,True,True,True,True,taem_dwell_reached,True,True,taem_success_latched;taem_reached_ever;taem_reached_event;taem_reached,False,close_pass_escape,True,5808,5810,5,True,True,
outputs\logging_audit_B5D_input_stage\audit_input_00081.csv,0,1,,,False,False,False,False,False,False,,False,False,,False,,False,,,0,False,False,"missing time column | missing end_reason column | missing end_guide column | Cannot reconstruct TAEM errors; missing columns: ['height', 'velocity', 's_go'] | time ordering or finite-time check failed | final-row preservation check failed"
outputs\logging_audit_B5D_input_stage\audit_input_00081.csv,1,1,,,False,False,False,False,False,False,,False,False,,False,,False,,,0,False,False,"missing time column | missing end_reason column | missing end_guide column | Cannot reconstruct TAEM errors; missing columns: ['height', 'velocity', 's_go'] | time ordering or finite-time check failed | final-row preservation check failed"
outputs\logging_audit_B5D_input_stage\audit_input_00081.csv,2,1,,,False,False,False,False,False,False,,False,False,,False,,False,,,0,False,False,"missing time column | missing end_reason column | missing end_guide column | Cannot reconstruct TAEM errors; missing columns: ['height', 'velocity', 's_go'] | time ordering or finite-time check failed | final-row preservation check failed"
outputs\logging_audit_B5D_input_stage\audit_input_00082.csv,0,1,,,False,False,False,False,False,False,,False,False,,False,,False,,,0,False,False,"missing time column | missing end_reason column | missing end_guide column | Cannot reconstruct TAEM errors; missing columns: ['height', 'velocity', 's_go'] | time ordering or finite-time check failed | final-row preservation check failed"
outputs\logging_audit_B5D_input_stage\audit_input_00082.csv,1,1,,,False,False,False,False,False,False,,False,False,,False,,False,,,0,False,False,"missing time column | missing end_reason column | missing end_guide column | Cannot reconstruct TAEM errors; missing columns: ['height', 'velocity', 's_go'] | time ordering or finite-time check failed | final-row preservation check failed"
outputs\logging_audit_B5D_input_stage\audit_input_00082.csv,2,1,,,False,False,False,False,False,False,,False,False,,False,,False,,,0,False,False,"missing time column | missing end_reason column | missing end_guide column | Cannot reconstruct TAEM errors; missing columns: ['height', 'velocity', 's_go'] | time ordering or finite-time check failed | final-row preservation check failed"
outputs\logging_audit_B5D_input_stage\audit_input_00083.csv,0,1,,,False,False,False,False,False,False,,False,False,,False,,False,,,0,False,False,"missing time column | missing end_reason column | missing end_guide column | Cannot reconstruct TAEM errors; missing columns: ['height', 'velocity', 's_go'] | time ordering or finite-time check failed | final-row preservation check failed"
outputs\logging_audit_B5D_input_stage\audit_input_00083.csv,1,1,,,False,False,False,False,False,False,,False,False,,False,,False,,,0,False,False,"missing time column | missing end_reason column | missing end_guide column | Cannot reconstruct TAEM errors; missing columns: ['height', 'velocity', 's_go'] | time ordering or finite-time check failed | final-row preservation check failed"
outputs\logging_audit_B5D_input_stage\audit_input_00083.csv,2,1,,,False,False,False,False,False,False,,False,False,,False,,False,,,0,False,False,"missing time column | missing end_reason column | missing end_guide column | Cannot reconstruct TAEM errors; missing columns: ['height', 'velocity', 's_go'] | time ordering or finite-time check failed | final-row preservation check failed"
outputs\logging_audit_B5D_input_stage\audit_input_00084.csv,0,5910,global_t,height;velocity;s_go,True,True,True,True,True,True,close_pass_escape,False,False,taem_success_latched;taem_reached_ever;taem_reached_event;taem_reached,True,close_pass_escape,False,,,0,True,False,
outputs\logging_audit_B5D_input_stage\audit_input_00084.csv,1,5822,global_t,height;velocity;s_go,True,True,True,True,True,True,taem_dwell_reached,True,True,taem_success_latched;taem_reached_ever;taem_reached_event;taem_reached,False,close_pass_escape,True,5814,5816,5,True,True,
outputs\logging_audit_B5D_input_stage\audit_input_00084.csv,2,5805,global_t,height;velocity;s_go,True,True,True,True,True,True,taem_dwell_reached,True,True,taem_success_latched;taem_reached_ever;taem_reached_event;taem_reached,False,close_pass_escape,True,5797,5799,5,True,True,
outputs\logging_audit_B5D_input_stage\audit_input_00085.csv,0,1,,,False,False,False,False,False,False,,False,False,,False,,False,,,0,False,False,"missing time column | missing end_reason column | missing end_guide column | Cannot reconstruct TAEM errors; missing columns: ['height', 'velocity', 's_go'] | time ordering or finite-time check failed | final-row preservation check failed"
outputs\logging_audit_B5D_input_stage\audit_input_00085.csv,1,1,,,False,False,False,False,False,False,,False,False,,False,,False,,,0,False,False,"missing time column | missing end_reason column | missing end_guide column | Cannot reconstruct TAEM errors; missing columns: ['height', 'velocity', 's_go'] | time ordering or finite-time check failed | final-row preservation check failed"
outputs\logging_audit_B5D_input_stage\audit_input_00085.csv,2,1,,,False,False,False,False,False,False,,False,False,,False,,False,,,0,False,False,"missing time column | missing end_reason column | missing end_guide column | Cannot reconstruct TAEM errors; missing columns: ['height', 'velocity', 's_go'] | time ordering or finite-time check failed | final-row preservation check failed"
outputs\logging_audit_B5D_input_stage\audit_input_00086.csv,0,1,,,False,False,False,False,False,False,,False,False,,False,,False,,,0,False,False,"missing time column | missing end_reason column | missing end_guide column | Cannot reconstruct TAEM errors; missing columns: ['height', 'velocity', 's_go'] | time ordering or finite-time check failed | final-row preservation check failed"
outputs\logging_audit_B5D_input_stage\audit_input_00086.csv,1,1,,,False,False,False,False,False,False,,False,False,,False,,False,,,0,False,False,"missing time column | missing end_reason column | missing end_guide column | Cannot reconstruct TAEM errors; missing columns: ['height', 'velocity', 's_go'] | time ordering or finite-time check failed | final-row preservation check failed"
outputs\logging_audit_B5D_input_stage\audit_input_00086.csv,2,1,,,False,False,False,False,False,False,,False,False,,False,,False,,,0,False,False,"missing time column | missing end_reason column | missing end_guide column | Cannot reconstruct TAEM errors; missing columns: ['height', 'velocity', 's_go'] | time ordering or finite-time check failed | final-row preservation check failed"
outputs\logging_audit_B5D_input_stage\audit_input_00087.csv,0,1,,,False,False,False,False,False,False,,False,False,,False,,False,,,0,False,False,"missing time column | missing end_reason column | missing end_guide column | Cannot reconstruct TAEM errors; missing columns: ['height', 'velocity', 's_go'] | time ordering or finite-time check failed | final-row preservation check failed"
outputs\logging_audit_B5D_input_stage\audit_input_00087.csv,1,1,,,False,False,False,False,False,False,,False,False,,False,,False,,,0,False,False,"missing time column | missing end_reason column | missing end_guide column | Cannot reconstruct TAEM errors; missing columns: ['height', 'velocity', 's_go'] | time ordering or finite-time check failed | final-row preservation check failed"
outputs\logging_audit_B5D_input_stage\audit_input_00087.csv,2,1,,,False,False,False,False,False,False,,False,False,,False,,False,,,0,False,False,"missing time column | missing end_reason column | missing end_guide column | Cannot reconstruct TAEM errors; missing columns: ['height', 'velocity', 's_go'] | time ordering or finite-time check failed | final-row preservation check failed"
outputs\logging_audit_B5D_input_stage\audit_input_00088.csv,0,5857,global_t,height;velocity;s_go,True,True,True,True,True,True,taem_dwell_reached,True,True,taem_success_latched;taem_reached_ever;taem_reached_event;taem_reached,False,close_pass_escape,True,5849,5851,6,True,True,
outputs\logging_audit_B5D_input_stage\audit_input_00088.csv,1,5830,global_t,height;velocity;s_go,True,True,True,True,True,True,taem_dwell_reached,True,True,taem_success_latched;taem_reached_ever;taem_reached_event;taem_reached,False,close_pass_escape,True,5822,5824,5,True,True,
outputs\logging_audit_B5D_input_stage\audit_input_00088.csv,2,5820,global_t,height;velocity;s_go,True,True,True,True,True,True,taem_dwell_reached,True,True,taem_success_latched;taem_reached_ever;taem_reached_event;taem_reached,False,close_pass_escape,True,5812,5814,5,True,True,
outputs\logging_audit_B5D_input_stage\audit_input_00089.csv,0,1,,,False,False,False,False,False,False,,False,False,,False,,False,,,0,False,False,"missing time column | missing end_reason column | missing end_guide column | Cannot reconstruct TAEM errors; missing columns: ['height', 'velocity', 's_go'] | time ordering or finite-time check failed | final-row preservation check failed"
outputs\logging_audit_B5D_input_stage\audit_input_00089.csv,1,1,,,False,False,False,False,False,False,,False,False,,False,,False,,,0,False,False,"missing time column | missing end_reason column | missing end_guide column | Cannot reconstruct TAEM errors; missing columns: ['height', 'velocity', 's_go'] | time ordering or finite-time check failed | final-row preservation check failed"
outputs\logging_audit_B5D_input_stage\audit_input_00089.csv,2,1,,,False,False,False,False,False,False,,False,False,,False,,False,,,0,False,False,"missing time column | missing end_reason column | missing end_guide column | Cannot reconstruct TAEM errors; missing columns: ['height', 'velocity', 's_go'] | time ordering or finite-time check failed | final-row preservation check failed"
outputs\logging_audit_B5D_input_stage\audit_input_00090.csv,0,1,,,False,False,False,False,False,False,,False,False,,False,,False,,,0,False,False,"missing time column | missing end_reason column | missing end_guide column | Cannot reconstruct TAEM errors; missing columns: ['height', 'velocity', 's_go'] | time ordering or finite-time check failed | final-row preservation check failed"
outputs\logging_audit_B5D_input_stage\audit_input_00090.csv,1,1,,,False,False,False,False,False,False,,False,False,,False,,False,,,0,False,False,"missing time column | missing end_reason column | missing end_guide column | Cannot reconstruct TAEM errors; missing columns: ['height', 'velocity', 's_go'] | time ordering or finite-time check failed | final-row preservation check failed"
outputs\logging_audit_B5D_input_stage\audit_input_00090.csv,2,1,,,False,False,False,False,False,False,,False,False,,False,,False,,,0,False,False,"missing time column | missing end_reason column | missing end_guide column | Cannot reconstruct TAEM errors; missing columns: ['height', 'velocity', 's_go'] | time ordering or finite-time check failed | final-row preservation check failed"
outputs\logging_audit_B5D_input_stage\audit_input_00091.csv,0,1,,,False,False,False,False,False,False,,False,False,,False,,False,,,0,False,False,"missing time column | missing end_reason column | missing end_guide column | Cannot reconstruct TAEM errors; missing columns: ['height', 'velocity', 's_go'] | time ordering or finite-time check failed | final-row preservation check failed"
outputs\logging_audit_B5D_input_stage\audit_input_00091.csv,1,1,,,False,False,False,False,False,False,,False,False,,False,,False,,,0,False,False,"missing time column | missing end_reason column | missing end_guide column | Cannot reconstruct TAEM errors; missing columns: ['height', 'velocity', 's_go'] | time ordering or finite-time check failed | final-row preservation check failed"
outputs\logging_audit_B5D_input_stage\audit_input_00091.csv,2,1,,,False,False,False,False,False,False,,False,False,,False,,False,,,0,False,False,"missing time column | missing end_reason column | missing end_guide column | Cannot reconstruct TAEM errors; missing columns: ['height', 'velocity', 's_go'] | time ordering or finite-time check failed | final-row preservation check failed"
outputs\logging_audit_B5D_input_stage\audit_input_00092.csv,0,5858,global_t,height;velocity;s_go,True,True,True,True,True,True,taem_dwell_reached,True,True,taem_success_latched;taem_reached_ever;taem_reached_event;taem_reached,False,close_pass_escape,True,5850,5852,6,True,True,
outputs\logging_audit_B5D_input_stage\audit_input_00092.csv,1,5829,global_t,height;velocity;s_go,True,True,True,True,True,True,taem_dwell_reached,True,True,taem_success_latched;taem_reached_ever;taem_reached_event;taem_reached,False,close_pass_escape,True,5822,5824,5,True,True,
outputs\logging_audit_B5D_input_stage\audit_input_00092.csv,2,5817,global_t,height;velocity;s_go,True,True,True,True,True,True,taem_dwell_reached,True,True,taem_success_latched;taem_reached_ever;taem_reached_event;taem_reached,False,close_pass_escape,True,5809,5811,6,True,True,
outputs\logging_audit_B5D_input_stage\audit_input_00093.csv,0,1,,,False,False,False,False,False,False,,False,False,,False,,False,,,0,False,False,"missing time column | missing end_reason column | missing end_guide column | Cannot reconstruct TAEM errors; missing columns: ['height', 'velocity', 's_go'] | time ordering or finite-time check failed | final-row preservation check failed"
outputs\logging_audit_B5D_input_stage\audit_input_00093.csv,1,1,,,False,False,False,False,False,False,,False,False,,False,,False,,,0,False,False,"missing time column | missing end_reason column | missing end_guide column | Cannot reconstruct TAEM errors; missing columns: ['height', 'velocity', 's_go'] | time ordering or finite-time check failed | final-row preservation check failed"
outputs\logging_audit_B5D_input_stage\audit_input_00093.csv,2,1,,,False,False,False,False,False,False,,False,False,,False,,False,,,0,False,False,"missing time column | missing end_reason column | missing end_guide column | Cannot reconstruct TAEM errors; missing columns: ['height', 'velocity', 's_go'] | time ordering or finite-time check failed | final-row preservation check failed"
outputs\logging_audit_B5D_input_stage\audit_input_00094.csv,0,1,,,False,False,False,False,False,False,,False,False,,False,,False,,,0,False,False,"missing time column | missing end_reason column | missing end_guide column | Cannot reconstruct TAEM errors; missing columns: ['height', 'velocity', 's_go'] | time ordering or finite-time check failed | final-row preservation check failed"
outputs\logging_audit_B5D_input_stage\audit_input_00094.csv,1,1,,,False,False,False,False,False,False,,False,False,,False,,False,,,0,False,False,"missing time column | missing end_reason column | missing end_guide column | Cannot reconstruct TAEM errors; missing columns: ['height', 'velocity', 's_go'] | time ordering or finite-time check failed | final-row preservation check failed"
outputs\logging_audit_B5D_input_stage\audit_input_00094.csv,2,1,,,False,False,False,False,False,False,,False,False,,False,,False,,,0,False,False,"missing time column | missing end_reason column | missing end_guide column | Cannot reconstruct TAEM errors; missing columns: ['height', 'velocity', 's_go'] | time ordering or finite-time check failed | final-row preservation check failed"
outputs\logging_audit_B5D_input_stage\audit_input_00095.csv,0,1,,,False,False,False,False,False,False,,False,False,,False,,False,,,0,False,False,"missing time column | missing end_reason column | missing end_guide column | Cannot reconstruct TAEM errors; missing columns: ['height', 'velocity', 's_go'] | time ordering or finite-time check failed | final-row preservation check failed"
outputs\logging_audit_B5D_input_stage\audit_input_00095.csv,1,1,,,False,False,False,False,False,False,,False,False,,False,,False,,,0,False,False,"missing time column | missing end_reason column | missing end_guide column | Cannot reconstruct TAEM errors; missing columns: ['height', 'velocity', 's_go'] | time ordering or finite-time check failed | final-row preservation check failed"
outputs\logging_audit_B5D_input_stage\audit_input_00095.csv,2,1,,,False,False,False,False,False,False,,False,False,,False,,False,,,0,False,False,"missing time column | missing end_reason column | missing end_guide column | Cannot reconstruct TAEM errors; missing columns: ['height', 'velocity', 's_go'] | time ordering or finite-time check failed | final-row preservation check failed"
outputs\logging_audit_B5D_input_stage\audit_input_00096.csv,0,5843,global_t,height;velocity;s_go,True,True,True,True,True,True,taem_dwell_reached,True,True,taem_success_latched;taem_reached_ever;taem_reached_event;taem_reached,False,close_pass_escape,True,5835,5837,5,True,True,
outputs\logging_audit_B5D_input_stage\audit_input_00096.csv,1,5834,global_t,height;velocity;s_go,True,True,True,True,True,True,taem_dwell_reached,True,True,taem_success_latched;taem_reached_ever;taem_reached_event;taem_reached,False,close_pass_escape,True,5826,5828,5,True,True,
outputs\logging_audit_B5D_input_stage\audit_input_00096.csv,2,5803,global_t,height;velocity;s_go,True,True,True,True,True,True,taem_dwell_reached,True,True,taem_success_latched;taem_reached_ever;taem_reached_event;taem_reached,False,close_pass_escape,True,5795,5797,5,True,True,
outputs\logging_audit_B5D_input_stage\audit_input_00097.csv,0,1,,,False,False,False,False,False,False,,False,False,,False,,False,,,0,False,False,"missing time column | missing end_reason column | missing end_guide column | Cannot reconstruct TAEM errors; missing columns: ['height', 'velocity', 's_go'] | time ordering or finite-time check failed | final-row preservation check failed"
outputs\logging_audit_B5D_input_stage\audit_input_00097.csv,1,1,,,False,False,False,False,False,False,,False,False,,False,,False,,,0,False,False,"missing time column | missing end_reason column | missing end_guide column | Cannot reconstruct TAEM errors; missing columns: ['height', 'velocity', 's_go'] | time ordering or finite-time check failed | final-row preservation check failed"
outputs\logging_audit_B5D_input_stage\audit_input_00097.csv,2,1,,,False,False,False,False,False,False,,False,False,,False,,False,,,0,False,False,"missing time column | missing end_reason column | missing end_guide column | Cannot reconstruct TAEM errors; missing columns: ['height', 'velocity', 's_go'] | time ordering or finite-time check failed | final-row preservation check failed"
outputs\logging_audit_B5D_input_stage\audit_input_00098.csv,0,1,,,False,False,False,False,False,False,,False,False,,False,,False,,,0,False,False,"missing time column | missing end_reason column | missing end_guide column | Cannot reconstruct TAEM errors; missing columns: ['height', 'velocity', 's_go'] | time ordering or finite-time check failed | final-row preservation check failed"
outputs\logging_audit_B5D_input_stage\audit_input_00098.csv,1,1,,,False,False,False,False,False,False,,False,False,,False,,False,,,0,False,False,"missing time column | missing end_reason column | missing end_guide column | Cannot reconstruct TAEM errors; missing columns: ['height', 'velocity', 's_go'] | time ordering or finite-time check failed | final-row preservation check failed"
outputs\logging_audit_B5D_input_stage\audit_input_00098.csv,2,1,,,False,False,False,False,False,False,,False,False,,False,,False,,,0,False,False,"missing time column | missing end_reason column | missing end_guide column | Cannot reconstruct TAEM errors; missing columns: ['height', 'velocity', 's_go'] | time ordering or finite-time check failed | final-row preservation check failed"
outputs\logging_audit_B5D_input_stage\audit_input_00099.csv,0,1,,,False,False,False,False,False,False,,False,False,,False,,False,,,0,False,False,"missing time column | missing end_reason column | missing end_guide column | Cannot reconstruct TAEM errors; missing columns: ['height', 'velocity', 's_go'] | time ordering or finite-time check failed | final-row preservation check failed"
outputs\logging_audit_B5D_input_stage\audit_input_00099.csv,1,1,,,False,False,False,False,False,False,,False,False,,False,,False,,,0,False,False,"missing time column | missing end_reason column | missing end_guide column | Cannot reconstruct TAEM errors; missing columns: ['height', 'velocity', 's_go'] | time ordering or finite-time check failed | final-row preservation check failed"
outputs\logging_audit_B5D_input_stage\audit_input_00099.csv,2,1,,,False,False,False,False,False,False,,False,False,,False,,False,,,0,False,False,"missing time column | missing end_reason column | missing end_guide column | Cannot reconstruct TAEM errors; missing columns: ['height', 'velocity', 's_go'] | time ordering or finite-time check failed | final-row preservation check failed"
outputs\logging_audit_B5D_input_stage\audit_input_00100.csv,0,5849,global_t,height;velocity;s_go,True,True,True,True,True,True,taem_dwell_reached,True,True,taem_success_latched;taem_reached_ever;taem_reached_event;taem_reached,False,close_pass_escape,True,5841,5843,6,True,True,
outputs\logging_audit_B5D_input_stage\audit_input_00100.csv,1,5837,global_t,height;velocity;s_go,True,True,True,True,True,True,taem_dwell_reached,True,True,taem_success_latched;taem_reached_ever;taem_reached_event;taem_reached,False,close_pass_escape,True,5829,5831,6,True,True,
outputs\logging_audit_B5D_input_stage\audit_input_00100.csv,2,5812,global_t,height;velocity;s_go,True,True,True,True,True,True,taem_dwell_reached,True,True,taem_success_latched;taem_reached_ever;taem_reached_event;taem_reached,False,close_pass_escape,True,5804,5806,5,True,True,
outputs\logging_audit_B5D_input_stage\audit_input_00101.csv,0,1,,,False,False,False,False,False,False,,False,False,,False,,False,,,0,False,False,"missing time column | missing end_reason column | missing end_guide column | Cannot reconstruct TAEM errors; missing columns: ['height', 'velocity', 's_go'] | time ordering or finite-time check failed | final-row preservation check failed"
outputs\logging_audit_B5D_input_stage\audit_input_00101.csv,1,1,,,False,False,False,False,False,False,,False,False,,False,,False,,,0,False,False,"missing time column | missing end_reason column | missing end_guide column | Cannot reconstruct TAEM errors; missing columns: ['height', 'velocity', 's_go'] | time ordering or finite-time check failed | final-row preservation check failed"
outputs\logging_audit_B5D_input_stage\audit_input_00101.csv,2,1,,,False,False,False,False,False,False,,False,False,,False,,False,,,0,False,False,"missing time column | missing end_reason column | missing end_guide column | Cannot reconstruct TAEM errors; missing columns: ['height', 'velocity', 's_go'] | time ordering or finite-time check failed | final-row preservation check failed"
outputs\logging_audit_B5D_input_stage\audit_input_00102.csv,0,1,,,False,False,False,False,False,False,,False,False,,False,,False,,,0,False,False,"missing time column | missing end_reason column | missing end_guide column | Cannot reconstruct TAEM errors; missing columns: ['height', 'velocity', 's_go'] | time ordering or finite-time check failed | final-row preservation check failed"
outputs\logging_audit_B5D_input_stage\audit_input_00102.csv,1,1,,,False,False,False,False,False,False,,False,False,,False,,False,,,0,False,False,"missing time column | missing end_reason column | missing end_guide column | Cannot reconstruct TAEM errors; missing columns: ['height', 'velocity', 's_go'] | time ordering or finite-time check failed | final-row preservation check failed"
outputs\logging_audit_B5D_input_stage\audit_input_00102.csv,2,1,,,False,False,False,False,False,False,,False,False,,False,,False,,,0,False,False,"missing time column | missing end_reason column | missing end_guide column | Cannot reconstruct TAEM errors; missing columns: ['height', 'velocity', 's_go'] | time ordering or finite-time check failed | final-row preservation check failed"
outputs\logging_audit_B5D_input_stage\audit_input_00103.csv,0,1,,,False,False,False,False,False,False,,False,False,,False,,False,,,0,False,False,"missing time column | missing end_reason column | missing end_guide column | Cannot reconstruct TAEM errors; missing columns: ['height', 'velocity', 's_go'] | time ordering or finite-time check failed | final-row preservation check failed"
outputs\logging_audit_B5D_input_stage\audit_input_00103.csv,1,1,,,False,False,False,False,False,False,,False,False,,False,,False,,,0,False,False,"missing time column | missing end_reason column | missing end_guide column | Cannot reconstruct TAEM errors; missing columns: ['height', 'velocity', 's_go'] | time ordering or finite-time check failed | final-row preservation check failed"
outputs\logging_audit_B5D_input_stage\audit_input_00103.csv,2,1,,,False,False,False,False,False,False,,False,False,,False,,False,,,0,False,False,"missing time column | missing end_reason column | missing end_guide column | Cannot reconstruct TAEM errors; missing columns: ['height', 'velocity', 's_go'] | time ordering or finite-time check failed | final-row preservation check failed"
outputs\logging_audit_B5D_input_stage\audit_input_00104.csv,0,5856,global_t,height;velocity;s_go,True,True,True,True,True,True,taem_dwell_reached,True,True,taem_success_latched;taem_reached_ever;taem_reached_event;taem_reached,False,close_pass_escape,True,5848,5850,6,True,True,
outputs\logging_audit_B5D_input_stage\audit_input_00104.csv,1,5840,global_t,height;velocity;s_go,True,True,True,True,True,True,taem_dwell_reached,True,True,taem_success_latched;taem_reached_ever;taem_reached_event;taem_reached,False,close_pass_escape,True,5832,5834,5,True,True,
outputs\logging_audit_B5D_input_stage\audit_input_00104.csv,2,5822,global_t,height;velocity;s_go,True,True,True,True,True,True,taem_dwell_reached,True,True,taem_success_latched;taem_reached_ever;taem_reached_event;taem_reached,False,close_pass_escape,True,5814,5816,5,True,True,
outputs\logging_audit_B5D_input_stage\audit_input_00105.csv,0,1,,,False,False,False,False,False,False,,False,False,,False,,False,,,0,False,False,"missing time column | missing end_reason column | missing end_guide column | Cannot reconstruct TAEM errors; missing columns: ['height', 'velocity', 's_go'] | time ordering or finite-time check failed | final-row preservation check failed"
outputs\logging_audit_B5D_input_stage\audit_input_00105.csv,1,1,,,False,False,False,False,False,False,,False,False,,False,,False,,,0,False,False,"missing time column | missing end_reason column | missing end_guide column | Cannot reconstruct TAEM errors; missing columns: ['height', 'velocity', 's_go'] | time ordering or finite-time check failed | final-row preservation check failed"
outputs\logging_audit_B5D_input_stage\audit_input_00105.csv,2,1,,,False,False,False,False,False,False,,False,False,,False,,False,,,0,False,False,"missing time column | missing end_reason column | missing end_guide column | Cannot reconstruct TAEM errors; missing columns: ['height', 'velocity', 's_go'] | time ordering or finite-time check failed | final-row preservation check failed"
outputs\logging_audit_B5D_input_stage\audit_input_00106.csv,0,1,,,False,False,False,False,False,False,,False,False,,False,,False,,,0,False,False,"missing time column | missing end_reason column | missing end_guide column | Cannot reconstruct TAEM errors; missing columns: ['height', 'velocity', 's_go'] | time ordering or finite-time check failed | final-row preservation check failed"
outputs\logging_audit_B5D_input_stage\audit_input_00106.csv,1,1,,,False,False,False,False,False,False,,False,False,,False,,False,,,0,False,False,"missing time column | missing end_reason column | missing end_guide column | Cannot reconstruct TAEM errors; missing columns: ['height', 'velocity', 's_go'] | time ordering or finite-time check failed | final-row preservation check failed"
outputs\logging_audit_B5D_input_stage\audit_input_00106.csv,2,1,,,False,False,False,False,False,False,,False,False,,False,,False,,,0,False,False,"missing time column | missing end_reason column | missing end_guide column | Cannot reconstruct TAEM errors; missing columns: ['height', 'velocity', 's_go'] | time ordering or finite-time check failed | final-row preservation check failed"
outputs\logging_audit_B5D_input_stage\audit_input_00107.csv,0,1,,,False,False,False,False,False,False,,False,False,,False,,False,,,0,False,False,"missing time column | missing end_reason column | missing end_guide column | Cannot reconstruct TAEM errors; missing columns: ['height', 'velocity', 's_go'] | time ordering or finite-time check failed | final-row preservation check failed"
outputs\logging_audit_B5D_input_stage\audit_input_00107.csv,1,1,,,False,False,False,False,False,False,,False,False,,False,,False,,,0,False,False,"missing time column | missing end_reason column | missing end_guide column | Cannot reconstruct TAEM errors; missing columns: ['height', 'velocity', 's_go'] | time ordering or finite-time check failed | final-row preservation check failed"
outputs\logging_audit_B5D_input_stage\audit_input_00107.csv,2,1,,,False,False,False,False,False,False,,False,False,,False,,False,,,0,False,False,"missing time column | missing end_reason column | missing end_guide column | Cannot reconstruct TAEM errors; missing columns: ['height', 'velocity', 's_go'] | time ordering or finite-time check failed | final-row preservation check failed"
outputs\logging_audit_B5D_input_stage\audit_input_00108.csv,0,5851,global_t,height;velocity;s_go,True,True,True,True,True,True,taem_dwell_reached,True,True,taem_success_latched;taem_reached_ever;taem_reached_event;taem_reached,False,close_pass_escape,True,5843,5845,5,True,True,
outputs\logging_audit_B5D_input_stage\audit_input_00108.csv,1,5829,global_t,height;velocity;s_go,True,True,True,True,True,True,taem_dwell_reached,True,True,taem_success_latched;taem_reached_ever;taem_reached_event;taem_reached,False,close_pass_escape,True,5820,5822,5,True,True,
outputs\logging_audit_B5D_input_stage\audit_input_00108.csv,2,5805,global_t,height;velocity;s_go,True,True,True,True,True,True,taem_dwell_reached,True,True,taem_success_latched;taem_reached_ever;taem_reached_event;taem_reached,False,close_pass_escape,True,5796,5798,5,True,True,
outputs\logging_audit_B5D_input_stage\audit_input_00109.csv,0,1,,,False,False,False,False,False,False,,False,False,,False,,False,,,0,False,False,"missing time column | missing end_reason column | missing end_guide column | Cannot reconstruct TAEM errors; missing columns: ['height', 'velocity', 's_go'] | time ordering or finite-time check failed | final-row preservation check failed"
outputs\logging_audit_B5D_input_stage\audit_input_00109.csv,1,1,,,False,False,False,False,False,False,,False,False,,False,,False,,,0,False,False,"missing time column | missing end_reason column | missing end_guide column | Cannot reconstruct TAEM errors; missing columns: ['height', 'velocity', 's_go'] | time ordering or finite-time check failed | final-row preservation check failed"
outputs\logging_audit_B5D_input_stage\audit_input_00109.csv,2,1,,,False,False,False,False,False,False,,False,False,,False,,False,,,0,False,False,"missing time column | missing end_reason column | missing end_guide column | Cannot reconstruct TAEM errors; missing columns: ['height', 'velocity', 's_go'] | time ordering or finite-time check failed | final-row preservation check failed"
outputs\logging_audit_B5D_input_stage\audit_input_00110.csv,0,1,,,False,False,False,False,False,False,,False,False,,False,,False,,,0,False,False,"missing time column | missing end_reason column | missing end_guide column | Cannot reconstruct TAEM errors; missing columns: ['height', 'velocity', 's_go'] | time ordering or finite-time check failed | final-row preservation check failed"
outputs\logging_audit_B5D_input_stage\audit_input_00110.csv,1,1,,,False,False,False,False,False,False,,False,False,,False,,False,,,0,False,False,"missing time column | missing end_reason column | missing end_guide column | Cannot reconstruct TAEM errors; missing columns: ['height', 'velocity', 's_go'] | time ordering or finite-time check failed | final-row preservation check failed"
outputs\logging_audit_B5D_input_stage\audit_input_00110.csv,2,1,,,False,False,False,False,False,False,,False,False,,False,,False,,,0,False,False,"missing time column | missing end_reason column | missing end_guide column | Cannot reconstruct TAEM errors; missing columns: ['height', 'velocity', 's_go'] | time ordering or finite-time check failed | final-row preservation check failed"
outputs\logging_audit_B5D_input_stage\audit_input_00111.csv,0,1,,,False,False,False,False,False,False,,False,False,,False,,False,,,0,False,False,"missing time column | missing end_reason column | missing end_guide column | Cannot reconstruct TAEM errors; missing columns: ['height', 'velocity', 's_go'] | time ordering or finite-time check failed | final-row preservation check failed"
outputs\logging_audit_B5D_input_stage\audit_input_00111.csv,1,1,,,False,False,False,False,False,False,,False,False,,False,,False,,,0,False,False,"missing time column | missing end_reason column | missing end_guide column | Cannot reconstruct TAEM errors; missing columns: ['height', 'velocity', 's_go'] | time ordering or finite-time check failed | final-row preservation check failed"
outputs\logging_audit_B5D_input_stage\audit_input_00111.csv,2,1,,,False,False,False,False,False,False,,False,False,,False,,False,,,0,False,False,"missing time column | missing end_reason column | missing end_guide column | Cannot reconstruct TAEM errors; missing columns: ['height', 'velocity', 's_go'] | time ordering or finite-time check failed | final-row preservation check failed"
outputs\logging_audit_B5D_input_stage\audit_input_00112.csv,0,5857,global_t,height;velocity;s_go,True,True,True,True,True,True,taem_dwell_reached,True,True,taem_success_latched;taem_reached_ever;taem_reached_event;taem_reached,False,close_pass_escape,True,5849,5851,6,True,True,
outputs\logging_audit_B5D_input_stage\audit_input_00112.csv,1,5834,global_t,height;velocity;s_go,True,True,True,True,True,True,taem_dwell_reached,True,True,taem_success_latched;taem_reached_ever;taem_reached_event;taem_reached,False,close_pass_escape,True,5826,5828,5,True,True,
outputs\logging_audit_B5D_input_stage\audit_input_00112.csv,2,5824,global_t,height;velocity;s_go,True,True,True,True,True,True,taem_dwell_reached,True,True,taem_success_latched;taem_reached_ever;taem_reached_event;taem_reached,False,close_pass_escape,True,5816,5818,5,True,True,
outputs\logging_audit_B5D_input_stage\audit_input_00113.csv,0,1,,,False,False,False,False,False,False,,False,False,,False,,False,,,0,False,False,"missing time column | missing end_reason column | missing end_guide column | Cannot reconstruct TAEM errors; missing columns: ['height', 'velocity', 's_go'] | time ordering or finite-time check failed | final-row preservation check failed"
outputs\logging_audit_B5D_input_stage\audit_input_00113.csv,1,1,,,False,False,False,False,False,False,,False,False,,False,,False,,,0,False,False,"missing time column | missing end_reason column | missing end_guide column | Cannot reconstruct TAEM errors; missing columns: ['height', 'velocity', 's_go'] | time ordering or finite-time check failed | final-row preservation check failed"
outputs\logging_audit_B5D_input_stage\audit_input_00113.csv,2,1,,,False,False,False,False,False,False,,False,False,,False,,False,,,0,False,False,"missing time column | missing end_reason column | missing end_guide column | Cannot reconstruct TAEM errors; missing columns: ['height', 'velocity', 's_go'] | time ordering or finite-time check failed | final-row preservation check failed"
outputs\logging_audit_B5D_input_stage\audit_input_00114.csv,0,1,,,False,False,False,False,False,False,,False,False,,False,,False,,,0,False,False,"missing time column | missing end_reason column | missing end_guide column | Cannot reconstruct TAEM errors; missing columns: ['height', 'velocity', 's_go'] | time ordering or finite-time check failed | final-row preservation check failed"
outputs\logging_audit_B5D_input_stage\audit_input_00114.csv,1,1,,,False,False,False,False,False,False,,False,False,,False,,False,,,0,False,False,"missing time column | missing end_reason column | missing end_guide column | Cannot reconstruct TAEM errors; missing columns: ['height', 'velocity', 's_go'] | time ordering or finite-time check failed | final-row preservation check failed"
outputs\logging_audit_B5D_input_stage\audit_input_00114.csv,2,1,,,False,False,False,False,False,False,,False,False,,False,,False,,,0,False,False,"missing time column | missing end_reason column | missing end_guide column | Cannot reconstruct TAEM errors; missing columns: ['height', 'velocity', 's_go'] | time ordering or finite-time check failed | final-row preservation check failed"
outputs\logging_audit_B5D_input_stage\audit_input_00115.csv,0,1,,,False,False,False,False,False,False,,False,False,,False,,False,,,0,False,False,"missing time column | missing end_reason column | missing end_guide column | Cannot reconstruct TAEM errors; missing columns: ['height', 'velocity', 's_go'] | time ordering or finite-time check failed | final-row preservation check failed"
outputs\logging_audit_B5D_input_stage\audit_input_00115.csv,1,1,,,False,False,False,False,False,False,,False,False,,False,,False,,,0,False,False,"missing time column | missing end_reason column | missing end_guide column | Cannot reconstruct TAEM errors; missing columns: ['height', 'velocity', 's_go'] | time ordering or finite-time check failed | final-row preservation check failed"
outputs\logging_audit_B5D_input_stage\audit_input_00115.csv,2,1,,,False,False,False,False,False,False,,False,False,,False,,False,,,0,False,False,"missing time column | missing end_reason column | missing end_guide column | Cannot reconstruct TAEM errors; missing columns: ['height', 'velocity', 's_go'] | time ordering or finite-time check failed | final-row preservation check failed"
outputs\logging_audit_B5D_input_stage\audit_input_00116.csv,0,5849,global_t,height;velocity;s_go,True,True,True,True,True,True,taem_dwell_reached,True,True,taem_success_latched;taem_reached_ever;taem_reached_event;taem_reached,False,close_pass_escape,True,5841,5843,6,True,True,
outputs\logging_audit_B5D_input_stage\audit_input_00116.csv,1,5826,global_t,height;velocity;s_go,True,True,True,True,True,True,taem_dwell_reached,True,True,taem_success_latched;taem_reached_ever;taem_reached_event;taem_reached,False,close_pass_escape,True,5817,5819,6,True,True,
outputs\logging_audit_B5D_input_stage\audit_input_00116.csv,2,5810,global_t,height;velocity;s_go,True,True,True,True,True,True,taem_dwell_reached,True,True,taem_success_latched;taem_reached_ever;taem_reached_event;taem_reached,False,close_pass_escape,True,5802,5804,5,True,True,
outputs\logging_audit_B5D_input_stage\audit_input_00117.csv,0,1,,,False,False,False,False,False,False,,False,False,,False,,False,,,0,False,False,"missing time column | missing end_reason column | missing end_guide column | Cannot reconstruct TAEM errors; missing columns: ['height', 'velocity', 's_go'] | time ordering or finite-time check failed | final-row preservation check failed"
outputs\logging_audit_B5D_input_stage\audit_input_00117.csv,1,1,,,False,False,False,False,False,False,,False,False,,False,,False,,,0,False,False,"missing time column | missing end_reason column | missing end_guide column | Cannot reconstruct TAEM errors; missing columns: ['height', 'velocity', 's_go'] | time ordering or finite-time check failed | final-row preservation check failed"
outputs\logging_audit_B5D_input_stage\audit_input_00117.csv,2,1,,,False,False,False,False,False,False,,False,False,,False,,False,,,0,False,False,"missing time column | missing end_reason column | missing end_guide column | Cannot reconstruct TAEM errors; missing columns: ['height', 'velocity', 's_go'] | time ordering or finite-time check failed | final-row preservation check failed"
outputs\logging_audit_B5D_input_stage\audit_input_00118.csv,0,1,,,False,False,False,False,False,False,,False,False,,False,,False,,,0,False,False,"missing time column | missing end_reason column | missing end_guide column | Cannot reconstruct TAEM errors; missing columns: ['height', 'velocity', 's_go'] | time ordering or finite-time check failed | final-row preservation check failed"
outputs\logging_audit_B5D_input_stage\audit_input_00118.csv,1,1,,,False,False,False,False,False,False,,False,False,,False,,False,,,0,False,False,"missing time column | missing end_reason column | missing end_guide column | Cannot reconstruct TAEM errors; missing columns: ['height', 'velocity', 's_go'] | time ordering or finite-time check failed | final-row preservation check failed"
outputs\logging_audit_B5D_input_stage\audit_input_00118.csv,2,1,,,False,False,False,False,False,False,,False,False,,False,,False,,,0,False,False,"missing time column | missing end_reason column | missing end_guide column | Cannot reconstruct TAEM errors; missing columns: ['height', 'velocity', 's_go'] | time ordering or finite-time check failed | final-row preservation check failed"
outputs\logging_audit_B5D_input_stage\audit_input_00119.csv,0,1,,,False,False,False,False,False,False,,False,False,,False,,False,,,0,False,False,"missing time column | missing end_reason column | missing end_guide column | Cannot reconstruct TAEM errors; missing columns: ['height', 'velocity', 's_go'] | time ordering or finite-time check failed | final-row preservation check failed"
outputs\logging_audit_B5D_input_stage\audit_input_00119.csv,1,1,,,False,False,False,False,False,False,,False,False,,False,,False,,,0,False,False,"missing time column | missing end_reason column | missing end_guide column | Cannot reconstruct TAEM errors; missing columns: ['height', 'velocity', 's_go'] | time ordering or finite-time check failed | final-row preservation check failed"
outputs\logging_audit_B5D_input_stage\audit_input_00119.csv,2,1,,,False,False,False,False,False,False,,False,False,,False,,False,,,0,False,False,"missing time column | missing end_reason column | missing end_guide column | Cannot reconstruct TAEM errors; missing columns: ['height', 'velocity', 's_go'] | time ordering or finite-time check failed | final-row preservation check failed"
outputs\logging_audit_B5D_input_stage\audit_input_00120.csv,0,5855,global_t,height;velocity;s_go,True,True,True,True,True,True,taem_dwell_reached,True,True,taem_success_latched;taem_reached_ever;taem_reached_event;taem_reached,False,close_pass_escape,True,5846,5848,5,True,True,
outputs\logging_audit_B5D_input_stage\audit_input_00120.csv,1,5823,global_t,height;velocity;s_go,True,True,True,True,True,True,taem_dwell_reached,True,True,taem_success_latched;taem_reached_ever;taem_reached_event;taem_reached,False,close_pass_escape,True,5814,5816,5,True,True,
outputs\logging_audit_B5D_input_stage\audit_input_00120.csv,2,5809,global_t,height;velocity;s_go,True,True,True,True,True,True,taem_dwell_reached,True,True,taem_success_latched;taem_reached_ever;taem_reached_event;taem_reached,False,close_pass_escape,True,5800,5802,5,True,True,
outputs\logging_audit_B5D_input_stage\audit_input_00121.csv,0,1,,,False,False,False,False,False,False,,False,False,,False,,False,,,0,False,False,"missing time column | missing end_reason column | missing end_guide column | Cannot reconstruct TAEM errors; missing columns: ['height', 'velocity', 's_go'] | time ordering or finite-time check failed | final-row preservation check failed"
outputs\logging_audit_B5D_input_stage\audit_input_00121.csv,1,1,,,False,False,False,False,False,False,,False,False,,False,,False,,,0,False,False,"missing time column | missing end_reason column | missing end_guide column | Cannot reconstruct TAEM errors; missing columns: ['height', 'velocity', 's_go'] | time ordering or finite-time check failed | final-row preservation check failed"
outputs\logging_audit_B5D_input_stage\audit_input_00121.csv,2,1,,,False,False,False,False,False,False,,False,False,,False,,False,,,0,False,False,"missing time column | missing end_reason column | missing end_guide column | Cannot reconstruct TAEM errors; missing columns: ['height', 'velocity', 's_go'] | time ordering or finite-time check failed | final-row preservation check failed"
outputs\logging_audit_B5D_input_stage\audit_input_00122.csv,0,1,,,False,False,False,False,False,False,,False,False,,False,,False,,,0,False,False,"missing time column | missing end_reason column | missing end_guide column | Cannot reconstruct TAEM errors; missing columns: ['height', 'velocity', 's_go'] | time ordering or finite-time check failed | final-row preservation check failed"
outputs\logging_audit_B5D_input_stage\audit_input_00122.csv,1,1,,,False,False,False,False,False,False,,False,False,,False,,False,,,0,False,False,"missing time column | missing end_reason column | missing end_guide column | Cannot reconstruct TAEM errors; missing columns: ['height', 'velocity', 's_go'] | time ordering or finite-time check failed | final-row preservation check failed"
outputs\logging_audit_B5D_input_stage\audit_input_00122.csv,2,1,,,False,False,False,False,False,False,,False,False,,False,,False,,,0,False,False,"missing time column | missing end_reason column | missing end_guide column | Cannot reconstruct TAEM errors; missing columns: ['height', 'velocity', 's_go'] | time ordering or finite-time check failed | final-row preservation check failed"
outputs\logging_audit_B5D_input_stage\audit_input_00123.csv,0,1,,,False,False,False,False,False,False,,False,False,,False,,False,,,0,False,False,"missing time column | missing end_reason column | missing end_guide column | Cannot reconstruct TAEM errors; missing columns: ['height', 'velocity', 's_go'] | time ordering or finite-time check failed | final-row preservation check failed"
outputs\logging_audit_B5D_input_stage\audit_input_00123.csv,1,1,,,False,False,False,False,False,False,,False,False,,False,,False,,,0,False,False,"missing time column | missing end_reason column | missing end_guide column | Cannot reconstruct TAEM errors; missing columns: ['height', 'velocity', 's_go'] | time ordering or finite-time check failed | final-row preservation check failed"
outputs\logging_audit_B5D_input_stage\audit_input_00123.csv,2,1,,,False,False,False,False,False,False,,False,False,,False,,False,,,0,False,False,"missing time column | missing end_reason column | missing end_guide column | Cannot reconstruct TAEM errors; missing columns: ['height', 'velocity', 's_go'] | time ordering or finite-time check failed | final-row preservation check failed"
outputs\logging_audit_B5D_input_stage\audit_input_00124.csv,0,5852,global_t,height;velocity;s_go,True,True,True,True,True,True,taem_dwell_reached,True,True,taem_success_latched;taem_reached_ever;taem_reached_event;taem_reached,False,close_pass_escape,True,5844,5846,5,True,True,
outputs\logging_audit_B5D_input_stage\audit_input_00124.csv,1,5834,global_t,height;velocity;s_go,True,True,True,True,True,True,taem_dwell_reached,True,True,taem_success_latched;taem_reached_ever;taem_reached_event;taem_reached,False,close_pass_escape,True,5825,5827,5,True,True,
outputs\logging_audit_B5D_input_stage\audit_input_00124.csv,2,5812,global_t,height;velocity;s_go,True,True,True,True,True,True,taem_dwell_reached,True,True,taem_success_latched;taem_reached_ever;taem_reached_event;taem_reached,False,close_pass_escape,True,5804,5806,5,True,True,
outputs\logging_audit_B5D_input_stage\audit_input_00125.csv,0,1,,,False,False,False,False,False,False,,False,False,,False,,False,,,0,False,False,"missing time column | missing end_reason column | missing end_guide column | Cannot reconstruct TAEM errors; missing columns: ['height', 'velocity', 's_go'] | time ordering or finite-time check failed | final-row preservation check failed"
outputs\logging_audit_B5D_input_stage\audit_input_00125.csv,1,1,,,False,False,False,False,False,False,,False,False,,False,,False,,,0,False,False,"missing time column | missing end_reason column | missing end_guide column | Cannot reconstruct TAEM errors; missing columns: ['height', 'velocity', 's_go'] | time ordering or finite-time check failed | final-row preservation check failed"
outputs\logging_audit_B5D_input_stage\audit_input_00125.csv,2,1,,,False,False,False,False,False,False,,False,False,,False,,False,,,0,False,False,"missing time column | missing end_reason column | missing end_guide column | Cannot reconstruct TAEM errors; missing columns: ['height', 'velocity', 's_go'] | time ordering or finite-time check failed | final-row preservation check failed"
outputs\logging_audit_B5D_input_stage\audit_input_00126.csv,0,1,,,False,False,False,False,False,False,,False,False,,False,,False,,,0,False,False,"missing time column | missing end_reason column | missing end_guide column | Cannot reconstruct TAEM errors; missing columns: ['height', 'velocity', 's_go'] | time ordering or finite-time check failed | final-row preservation check failed"
outputs\logging_audit_B5D_input_stage\audit_input_00126.csv,1,1,,,False,False,False,False,False,False,,False,False,,False,,False,,,0,False,False,"missing time column | missing end_reason column | missing end_guide column | Cannot reconstruct TAEM errors; missing columns: ['height', 'velocity', 's_go'] | time ordering or finite-time check failed | final-row preservation check failed"
outputs\logging_audit_B5D_input_stage\audit_input_00126.csv,2,1,,,False,False,False,False,False,False,,False,False,,False,,False,,,0,False,False,"missing time column | missing end_reason column | missing end_guide column | Cannot reconstruct TAEM errors; missing columns: ['height', 'velocity', 's_go'] | time ordering or finite-time check failed | final-row preservation check failed"
outputs\logging_audit_B5D_input_stage\audit_input_00127.csv,0,1,,,False,False,False,False,False,False,,False,False,,False,,False,,,0,False,False,"missing time column | missing end_reason column | missing end_guide column | Cannot reconstruct TAEM errors; missing columns: ['height', 'velocity', 's_go'] | time ordering or finite-time check failed | final-row preservation check failed"
outputs\logging_audit_B5D_input_stage\audit_input_00127.csv,1,1,,,False,False,False,False,False,False,,False,False,,False,,False,,,0,False,False,"missing time column | missing end_reason column | missing end_guide column | Cannot reconstruct TAEM errors; missing columns: ['height', 'velocity', 's_go'] | time ordering or finite-time check failed | final-row preservation check failed"
outputs\logging_audit_B5D_input_stage\audit_input_00127.csv,2,1,,,False,False,False,False,False,False,,False,False,,False,,False,,,0,False,False,"missing time column | missing end_reason column | missing end_guide column | Cannot reconstruct TAEM errors; missing columns: ['height', 'velocity', 's_go'] | time ordering or finite-time check failed | final-row preservation check failed"
outputs\logging_audit_B5D_input_stage\audit_input_00128.csv,0,5839,global_t,height;velocity;s_go,True,True,True,True,True,True,taem_dwell_reached,True,True,taem_success_latched;taem_reached_ever;taem_reached_event;taem_reached,False,close_pass_escape,True,5831,5833,5,True,True,
outputs\logging_audit_B5D_input_stage\audit_input_00128.csv,1,5832,global_t,height;velocity;s_go,True,True,True,True,True,True,taem_dwell_reached,True,True,taem_success_latched;taem_reached_ever;taem_reached_event;taem_reached,False,close_pass_escape,True,5823,5825,5,True,True,
outputs\logging_audit_B5D_input_stage\audit_input_00128.csv,2,5808,global_t,height;velocity;s_go,True,True,True,True,True,True,taem_dwell_reached,True,True,taem_success_latched;taem_reached_ever;taem_reached_event;taem_reached,False,close_pass_escape,True,5800,5802,4,True,True,
outputs\logging_audit_B5D_input_stage\audit_input_00129.csv,0,1,,,False,False,False,False,False,False,,False,False,,False,,False,,,0,False,False,"missing time column | missing end_reason column | missing end_guide column | Cannot reconstruct TAEM errors; missing columns: ['height', 'velocity', 's_go'] | time ordering or finite-time check failed | final-row preservation check failed"
outputs\logging_audit_B5D_input_stage\audit_input_00129.csv,1,1,,,False,False,False,False,False,False,,False,False,,False,,False,,,0,False,False,"missing time column | missing end_reason column | missing end_guide column | Cannot reconstruct TAEM errors; missing columns: ['height', 'velocity', 's_go'] | time ordering or finite-time check failed | final-row preservation check failed"
outputs\logging_audit_B5D_input_stage\audit_input_00129.csv,2,1,,,False,False,False,False,False,False,,False,False,,False,,False,,,0,False,False,"missing time column | missing end_reason column | missing end_guide column | Cannot reconstruct TAEM errors; missing columns: ['height', 'velocity', 's_go'] | time ordering or finite-time check failed | final-row preservation check failed"
outputs\logging_audit_B5D_input_stage\audit_input_00130.csv,0,1,,,False,False,False,False,False,False,,False,False,,False,,False,,,0,False,False,"missing time column | missing end_reason column | missing end_guide column | Cannot reconstruct TAEM errors; missing columns: ['height', 'velocity', 's_go'] | time ordering or finite-time check failed | final-row preservation check failed"
outputs\logging_audit_B5D_input_stage\audit_input_00130.csv,1,1,,,False,False,False,False,False,False,,False,False,,False,,False,,,0,False,False,"missing time column | missing end_reason column | missing end_guide column | Cannot reconstruct TAEM errors; missing columns: ['height', 'velocity', 's_go'] | time ordering or finite-time check failed | final-row preservation check failed"
outputs\logging_audit_B5D_input_stage\audit_input_00130.csv,2,1,,,False,False,False,False,False,False,,False,False,,False,,False,,,0,False,False,"missing time column | missing end_reason column | missing end_guide column | Cannot reconstruct TAEM errors; missing columns: ['height', 'velocity', 's_go'] | time ordering or finite-time check failed | final-row preservation check failed"
outputs\logging_audit_B5D_input_stage\audit_input_00131.csv,0,1,,,False,False,False,False,False,False,,False,False,,False,,False,,,0,False,False,"missing time column | missing end_reason column | missing end_guide column | Cannot reconstruct TAEM errors; missing columns: ['height', 'velocity', 's_go'] | time ordering or finite-time check failed | final-row preservation check failed"
outputs\logging_audit_B5D_input_stage\audit_input_00131.csv,1,1,,,False,False,False,False,False,False,,False,False,,False,,False,,,0,False,False,"missing time column | missing end_reason column | missing end_guide column | Cannot reconstruct TAEM errors; missing columns: ['height', 'velocity', 's_go'] | time ordering or finite-time check failed | final-row preservation check failed"
outputs\logging_audit_B5D_input_stage\audit_input_00131.csv,2,1,,,False,False,False,False,False,False,,False,False,,False,,False,,,0,False,False,"missing time column | missing end_reason column | missing end_guide column | Cannot reconstruct TAEM errors; missing columns: ['height', 'velocity', 's_go'] | time ordering or finite-time check failed | final-row preservation check failed"
outputs\logging_audit_B5D_input_stage\audit_input_00132.csv,0,5851,global_t,height;velocity;s_go,True,True,True,True,True,True,taem_dwell_reached,True,True,taem_success_latched;taem_reached_ever;taem_reached_event;taem_reached,False,close_pass_escape,True,5843,5845,6,True,True,
outputs\logging_audit_B5D_input_stage\audit_input_00132.csv,1,5828,global_t,height;velocity;s_go,True,True,True,True,True,True,taem_dwell_reached,True,True,taem_success_latched;taem_reached_ever;taem_reached_event;taem_reached,False,close_pass_escape,True,5820,5822,6,True,True,
outputs\logging_audit_B5D_input_stage\audit_input_00132.csv,2,5808,global_t,height;velocity;s_go,True,True,True,True,True,True,taem_dwell_reached,True,True,taem_success_latched;taem_reached_ever;taem_reached_event;taem_reached,False,close_pass_escape,True,5800,5802,5,True,True,
outputs\logging_audit_B5D_input_stage\audit_input_00133.csv,0,1,,,False,False,False,False,False,False,,False,False,,False,,False,,,0,False,False,"missing time column | missing end_reason column | missing end_guide column | Cannot reconstruct TAEM errors; missing columns: ['height', 'velocity', 's_go'] | time ordering or finite-time check failed | final-row preservation check failed"
outputs\logging_audit_B5D_input_stage\audit_input_00133.csv,1,1,,,False,False,False,False,False,False,,False,False,,False,,False,,,0,False,False,"missing time column | missing end_reason column | missing end_guide column | Cannot reconstruct TAEM errors; missing columns: ['height', 'velocity', 's_go'] | time ordering or finite-time check failed | final-row preservation check failed"
outputs\logging_audit_B5D_input_stage\audit_input_00133.csv,2,1,,,False,False,False,False,False,False,,False,False,,False,,False,,,0,False,False,"missing time column | missing end_reason column | missing end_guide column | Cannot reconstruct TAEM errors; missing columns: ['height', 'velocity', 's_go'] | time ordering or finite-time check failed | final-row preservation check failed"
outputs\logging_audit_B5D_input_stage\audit_input_00134.csv,0,1,,,False,False,False,False,False,False,,False,False,,False,,False,,,0,False,False,"missing time column | missing end_reason column | missing end_guide column | Cannot reconstruct TAEM errors; missing columns: ['height', 'velocity', 's_go'] | time ordering or finite-time check failed | final-row preservation check failed"
outputs\logging_audit_B5D_input_stage\audit_input_00134.csv,1,1,,,False,False,False,False,False,False,,False,False,,False,,False,,,0,False,False,"missing time column | missing end_reason column | missing end_guide column | Cannot reconstruct TAEM errors; missing columns: ['height', 'velocity', 's_go'] | time ordering or finite-time check failed | final-row preservation check failed"
outputs\logging_audit_B5D_input_stage\audit_input_00134.csv,2,1,,,False,False,False,False,False,False,,False,False,,False,,False,,,0,False,False,"missing time column | missing end_reason column | missing end_guide column | Cannot reconstruct TAEM errors; missing columns: ['height', 'velocity', 's_go'] | time ordering or finite-time check failed | final-row preservation check failed"
outputs\logging_audit_B5D_input_stage\audit_input_00135.csv,0,1,,,False,False,False,False,False,False,,False,False,,False,,False,,,0,False,False,"missing time column | missing end_reason column | missing end_guide column | Cannot reconstruct TAEM errors; missing columns: ['height', 'velocity', 's_go'] | time ordering or finite-time check failed | final-row preservation check failed"
outputs\logging_audit_B5D_input_stage\audit_input_00135.csv,1,1,,,False,False,False,False,False,False,,False,False,,False,,False,,,0,False,False,"missing time column | missing end_reason column | missing end_guide column | Cannot reconstruct TAEM errors; missing columns: ['height', 'velocity', 's_go'] | time ordering or finite-time check failed | final-row preservation check failed"
outputs\logging_audit_B5D_input_stage\audit_input_00135.csv,2,1,,,False,False,False,False,False,False,,False,False,,False,,False,,,0,False,False,"missing time column | missing end_reason column | missing end_guide column | Cannot reconstruct TAEM errors; missing columns: ['height', 'velocity', 's_go'] | time ordering or finite-time check failed | final-row preservation check failed"
outputs\logging_audit_B5D_input_stage\audit_input_00136.csv,0,5859,global_t,height;velocity;s_go,True,True,True,True,True,True,taem_dwell_reached,True,True,taem_success_latched;taem_reached_ever;taem_reached_event;taem_reached,False,close_pass_escape,True,5851,5853,5,True,True,
outputs\logging_audit_B5D_input_stage\audit_input_00136.csv,1,5829,global_t,height;velocity;s_go,True,True,True,True,True,True,taem_dwell_reached,True,True,taem_success_latched;taem_reached_ever;taem_reached_event;taem_reached,False,close_pass_escape,True,5821,5823,5,True,True,
outputs\logging_audit_B5D_input_stage\audit_input_00136.csv,2,5817,global_t,height;velocity;s_go,True,True,True,True,True,True,taem_dwell_reached,True,True,taem_success_latched;taem_reached_ever;taem_reached_event;taem_reached,False,close_pass_escape,True,5808,5810,5,True,True,
outputs\logging_audit_B5D_input_stage\audit_input_00137.csv,0,1,,,False,False,False,False,False,False,,False,False,,False,,False,,,0,False,False,"missing time column | missing end_reason column | missing end_guide column | Cannot reconstruct TAEM errors; missing columns: ['height', 'velocity', 's_go'] | time ordering or finite-time check failed | final-row preservation check failed"
outputs\logging_audit_B5D_input_stage\audit_input_00137.csv,1,1,,,False,False,False,False,False,False,,False,False,,False,,False,,,0,False,False,"missing time column | missing end_reason column | missing end_guide column | Cannot reconstruct TAEM errors; missing columns: ['height', 'velocity', 's_go'] | time ordering or finite-time check failed | final-row preservation check failed"
outputs\logging_audit_B5D_input_stage\audit_input_00137.csv,2,1,,,False,False,False,False,False,False,,False,False,,False,,False,,,0,False,False,"missing time column | missing end_reason column | missing end_guide column | Cannot reconstruct TAEM errors; missing columns: ['height', 'velocity', 's_go'] | time ordering or finite-time check failed | final-row preservation check failed"
outputs\logging_audit_B5D_input_stage\audit_input_00138.csv,0,1,,,False,False,False,False,False,False,,False,False,,False,,False,,,0,False,False,"missing time column | missing end_reason column | missing end_guide column | Cannot reconstruct TAEM errors; missing columns: ['height', 'velocity', 's_go'] | time ordering or finite-time check failed | final-row preservation check failed"
outputs\logging_audit_B5D_input_stage\audit_input_00138.csv,1,1,,,False,False,False,False,False,False,,False,False,,False,,False,,,0,False,False,"missing time column | missing end_reason column | missing end_guide column | Cannot reconstruct TAEM errors; missing columns: ['height', 'velocity', 's_go'] | time ordering or finite-time check failed | final-row preservation check failed"
outputs\logging_audit_B5D_input_stage\audit_input_00138.csv,2,1,,,False,False,False,False,False,False,,False,False,,False,,False,,,0,False,False,"missing time column | missing end_reason column | missing end_guide column | Cannot reconstruct TAEM errors; missing columns: ['height', 'velocity', 's_go'] | time ordering or finite-time check failed | final-row preservation check failed"
outputs\logging_audit_B5D_input_stage\audit_input_00139.csv,0,1,,,False,False,False,False,False,False,,False,False,,False,,False,,,0,False,False,"missing time column | missing end_reason column | missing end_guide column | Cannot reconstruct TAEM errors; missing columns: ['height', 'velocity', 's_go'] | time ordering or finite-time check failed | final-row preservation check failed"
outputs\logging_audit_B5D_input_stage\audit_input_00139.csv,1,1,,,False,False,False,False,False,False,,False,False,,False,,False,,,0,False,False,"missing time column | missing end_reason column | missing end_guide column | Cannot reconstruct TAEM errors; missing columns: ['height', 'velocity', 's_go'] | time ordering or finite-time check failed | final-row preservation check failed"
outputs\logging_audit_B5D_input_stage\audit_input_00139.csv,2,1,,,False,False,False,False,False,False,,False,False,,False,,False,,,0,False,False,"missing time column | missing end_reason column | missing end_guide column | Cannot reconstruct TAEM errors; missing columns: ['height', 'velocity', 's_go'] | time ordering or finite-time check failed | final-row preservation check failed"
outputs\logging_audit_B5D_input_stage\audit_input_00140.csv,0,5858,global_t,height;velocity;s_go,True,True,True,True,True,True,taem_dwell_reached,True,True,taem_success_latched;taem_reached_ever;taem_reached_event;taem_reached,False,close_pass_escape,True,5850,5852,6,True,True,
outputs\logging_audit_B5D_input_stage\audit_input_00140.csv,1,5829,global_t,height;velocity;s_go,True,True,True,True,True,True,taem_dwell_reached,True,True,taem_success_latched;taem_reached_ever;taem_reached_event;taem_reached,False,close_pass_escape,True,5821,5823,6,True,True,
outputs\logging_audit_B5D_input_stage\audit_input_00140.csv,2,5809,global_t,height;velocity;s_go,True,True,True,True,True,True,taem_dwell_reached,True,True,taem_success_latched;taem_reached_ever;taem_reached_event;taem_reached,False,close_pass_escape,True,5801,5803,5,True,True,
outputs\logging_audit_B5D_input_stage\audit_input_00141.csv,0,1,,,False,False,False,False,False,False,,False,False,,False,,False,,,0,False,False,"missing time column | missing end_reason column | missing end_guide column | Cannot reconstruct TAEM errors; missing columns: ['height', 'velocity', 's_go'] | time ordering or finite-time check failed | final-row preservation check failed"
outputs\logging_audit_B5D_input_stage\audit_input_00141.csv,1,1,,,False,False,False,False,False,False,,False,False,,False,,False,,,0,False,False,"missing time column | missing end_reason column | missing end_guide column | Cannot reconstruct TAEM errors; missing columns: ['height', 'velocity', 's_go'] | time ordering or finite-time check failed | final-row preservation check failed"
outputs\logging_audit_B5D_input_stage\audit_input_00141.csv,2,1,,,False,False,False,False,False,False,,False,False,,False,,False,,,0,False,False,"missing time column | missing end_reason column | missing end_guide column | Cannot reconstruct TAEM errors; missing columns: ['height', 'velocity', 's_go'] | time ordering or finite-time check failed | final-row preservation check failed"
outputs\logging_audit_B5D_input_stage\audit_input_00142.csv,0,1,,,False,False,False,False,False,False,,False,False,,False,,False,,,0,False,False,"missing time column | missing end_reason column | missing end_guide column | Cannot reconstruct TAEM errors; missing columns: ['height', 'velocity', 's_go'] | time ordering or finite-time check failed | final-row preservation check failed"
outputs\logging_audit_B5D_input_stage\audit_input_00142.csv,1,1,,,False,False,False,False,False,False,,False,False,,False,,False,,,0,False,False,"missing time column | missing end_reason column | missing end_guide column | Cannot reconstruct TAEM errors; missing columns: ['height', 'velocity', 's_go'] | time ordering or finite-time check failed | final-row preservation check failed"
outputs\logging_audit_B5D_input_stage\audit_input_00142.csv,2,1,,,False,False,False,False,False,False,,False,False,,False,,False,,,0,False,False,"missing time column | missing end_reason column | missing end_guide column | Cannot reconstruct TAEM errors; missing columns: ['height', 'velocity', 's_go'] | time ordering or finite-time check failed | final-row preservation check failed"
outputs\logging_audit_B5D_input_stage\audit_input_00143.csv,0,1,,,False,False,False,False,False,False,,False,False,,False,,False,,,0,False,False,"missing time column | missing end_reason column | missing end_guide column | Cannot reconstruct TAEM errors; missing columns: ['height', 'velocity', 's_go'] | time ordering or finite-time check failed | final-row preservation check failed"
outputs\logging_audit_B5D_input_stage\audit_input_00143.csv,1,1,,,False,False,False,False,False,False,,False,False,,False,,False,,,0,False,False,"missing time column | missing end_reason column | missing end_guide column | Cannot reconstruct TAEM errors; missing columns: ['height', 'velocity', 's_go'] | time ordering or finite-time check failed | final-row preservation check failed"
outputs\logging_audit_B5D_input_stage\audit_input_00143.csv,2,1,,,False,False,False,False,False,False,,False,False,,False,,False,,,0,False,False,"missing time column | missing end_reason column | missing end_guide column | Cannot reconstruct TAEM errors; missing columns: ['height', 'velocity', 's_go'] | time ordering or finite-time check failed | final-row preservation check failed"
outputs\logging_audit_B5D_input_stage\audit_input_00144.csv,0,5857,global_t,height;velocity;s_go,True,True,True,True,True,True,taem_dwell_reached,True,True,taem_success_latched;taem_reached_ever;taem_reached_event;taem_reached,False,close_pass_escape,True,5849,5851,6,True,True,
outputs\logging_audit_B5D_input_stage\audit_input_00144.csv,1,5820,global_t,height;velocity;s_go,True,True,True,True,True,True,taem_dwell_reached,True,True,taem_success_latched;taem_reached_ever;taem_reached_event;taem_reached,False,close_pass_escape,True,5812,5814,5,True,True,
outputs\logging_audit_B5D_input_stage\audit_input_00144.csv,2,5829,global_t,height;velocity;s_go,True,True,True,True,True,True,taem_dwell_reached,True,True,taem_success_latched;taem_reached_ever;taem_reached_event;taem_reached,False,close_pass_escape,True,5821,5823,5,True,True,
outputs\logging_audit_B5D_input_stage\audit_input_00145.csv,0,1,,,False,False,False,False,False,False,,False,False,,False,,False,,,0,False,False,"missing time column | missing end_reason column | missing end_guide column | Cannot reconstruct TAEM errors; missing columns: ['height', 'velocity', 's_go'] | time ordering or finite-time check failed | final-row preservation check failed"
outputs\logging_audit_B5D_input_stage\audit_input_00145.csv,1,1,,,False,False,False,False,False,False,,False,False,,False,,False,,,0,False,False,"missing time column | missing end_reason column | missing end_guide column | Cannot reconstruct TAEM errors; missing columns: ['height', 'velocity', 's_go'] | time ordering or finite-time check failed | final-row preservation check failed"
outputs\logging_audit_B5D_input_stage\audit_input_00145.csv,2,1,,,False,False,False,False,False,False,,False,False,,False,,False,,,0,False,False,"missing time column | missing end_reason column | missing end_guide column | Cannot reconstruct TAEM errors; missing columns: ['height', 'velocity', 's_go'] | time ordering or finite-time check failed | final-row preservation check failed"
outputs\logging_audit_B5D_input_stage\audit_input_00146.csv,0,1,,,False,False,False,False,False,False,,False,False,,False,,False,,,0,False,False,"missing time column | missing end_reason column | missing end_guide column | Cannot reconstruct TAEM errors; missing columns: ['height', 'velocity', 's_go'] | time ordering or finite-time check failed | final-row preservation check failed"
outputs\logging_audit_B5D_input_stage\audit_input_00146.csv,1,1,,,False,False,False,False,False,False,,False,False,,False,,False,,,0,False,False,"missing time column | missing end_reason column | missing end_guide column | Cannot reconstruct TAEM errors; missing columns: ['height', 'velocity', 's_go'] | time ordering or finite-time check failed | final-row preservation check failed"
outputs\logging_audit_B5D_input_stage\audit_input_00146.csv,2,1,,,False,False,False,False,False,False,,False,False,,False,,False,,,0,False,False,"missing time column | missing end_reason column | missing end_guide column | Cannot reconstruct TAEM errors; missing columns: ['height', 'velocity', 's_go'] | time ordering or finite-time check failed | final-row preservation check failed"
outputs\logging_audit_B5D_input_stage\audit_input_00147.csv,0,1,,,False,False,False,False,False,False,,False,False,,False,,False,,,0,False,False,"missing time column | missing end_reason column | missing end_guide column | Cannot reconstruct TAEM errors; missing columns: ['height', 'velocity', 's_go'] | time ordering or finite-time check failed | final-row preservation check failed"
outputs\logging_audit_B5D_input_stage\audit_input_00147.csv,1,1,,,False,False,False,False,False,False,,False,False,,False,,False,,,0,False,False,"missing time column | missing end_reason column | missing end_guide column | Cannot reconstruct TAEM errors; missing columns: ['height', 'velocity', 's_go'] | time ordering or finite-time check failed | final-row preservation check failed"
outputs\logging_audit_B5D_input_stage\audit_input_00147.csv,2,1,,,False,False,False,False,False,False,,False,False,,False,,False,,,0,False,False,"missing time column | missing end_reason column | missing end_guide column | Cannot reconstruct TAEM errors; missing columns: ['height', 'velocity', 's_go'] | time ordering or finite-time check failed | final-row preservation check failed"
outputs\logging_audit_B5D_input_stage\audit_input_00148.csv,0,5858,global_t,height;velocity;s_go,True,True,True,True,True,True,taem_dwell_reached,True,True,taem_success_latched;taem_reached_ever;taem_reached_event;taem_reached,False,close_pass_escape,True,5850,5852,6,True,True,
outputs\logging_audit_B5D_input_stage\audit_input_00148.csv,1,5835,global_t,height;velocity;s_go,True,True,True,True,True,True,taem_dwell_reached,True,True,taem_success_latched;taem_reached_ever;taem_reached_event;taem_reached,False,close_pass_escape,True,5826,5828,6,True,True,
outputs\logging_audit_B5D_input_stage\audit_input_00148.csv,2,5823,global_t,height;velocity;s_go,True,True,True,True,True,True,taem_dwell_reached,True,True,taem_success_latched;taem_reached_ever;taem_reached_event;taem_reached,False,close_pass_escape,True,5815,5817,5,True,True,
outputs\logging_audit_B5D_input_stage\audit_input_00149.csv,0,1,,,False,False,False,False,False,False,,False,False,,False,,False,,,0,False,False,"missing time column | missing end_reason column | missing end_guide column | Cannot reconstruct TAEM errors; missing columns: ['height', 'velocity', 's_go'] | time ordering or finite-time check failed | final-row preservation check failed"
outputs\logging_audit_B5D_input_stage\audit_input_00149.csv,1,1,,,False,False,False,False,False,False,,False,False,,False,,False,,,0,False,False,"missing time column | missing end_reason column | missing end_guide column | Cannot reconstruct TAEM errors; missing columns: ['height', 'velocity', 's_go'] | time ordering or finite-time check failed | final-row preservation check failed"
outputs\logging_audit_B5D_input_stage\audit_input_00149.csv,2,1,,,False,False,False,False,False,False,,False,False,,False,,False,,,0,False,False,"missing time column | missing end_reason column | missing end_guide column | Cannot reconstruct TAEM errors; missing columns: ['height', 'velocity', 's_go'] | time ordering or finite-time check failed | final-row preservation check failed"
outputs\logging_audit_B5D_input_stage\audit_input_00150.csv,0,1,,,False,False,False,False,False,False,,False,False,,False,,False,,,0,False,False,"missing time column | missing end_reason column | missing end_guide column | Cannot reconstruct TAEM errors; missing columns: ['height', 'velocity', 's_go'] | time ordering or finite-time check failed | final-row preservation check failed"
outputs\logging_audit_B5D_input_stage\audit_input_00150.csv,1,1,,,False,False,False,False,False,False,,False,False,,False,,False,,,0,False,False,"missing time column | missing end_reason column | missing end_guide column | Cannot reconstruct TAEM errors; missing columns: ['height', 'velocity', 's_go'] | time ordering or finite-time check failed | final-row preservation check failed"
outputs\logging_audit_B5D_input_stage\audit_input_00150.csv,2,1,,,False,False,False,False,False,False,,False,False,,False,,False,,,0,False,False,"missing time column | missing end_reason column | missing end_guide column | Cannot reconstruct TAEM errors; missing columns: ['height', 'velocity', 's_go'] | time ordering or finite-time check failed | final-row preservation check failed"
outputs\logging_audit_B5D_input_stage\audit_input_00151.csv,0,1,,,False,False,False,False,False,False,,False,False,,False,,False,,,0,False,False,"missing time column | missing end_reason column | missing end_guide column | Cannot reconstruct TAEM errors; missing columns: ['height', 'velocity', 's_go'] | time ordering or finite-time check failed | final-row preservation check failed"
outputs\logging_audit_B5D_input_stage\audit_input_00151.csv,1,1,,,False,False,False,False,False,False,,False,False,,False,,False,,,0,False,False,"missing time column | missing end_reason column | missing end_guide column | Cannot reconstruct TAEM errors; missing columns: ['height', 'velocity', 's_go'] | time ordering or finite-time check failed | final-row preservation check failed"
outputs\logging_audit_B5D_input_stage\audit_input_00151.csv,2,1,,,False,False,False,False,False,False,,False,False,,False,,False,,,0,False,False,"missing time column | missing end_reason column | missing end_guide column | Cannot reconstruct TAEM errors; missing columns: ['height', 'velocity', 's_go'] | time ordering or finite-time check failed | final-row preservation check failed"
outputs\logging_audit_B5D_input_stage\audit_input_00152.csv,0,5859,global_t,height;velocity;s_go,True,True,True,True,True,True,taem_dwell_reached,True,True,taem_success_latched;taem_reached_ever;taem_reached_event;taem_reached,False,close_pass_escape,True,5851,5853,5,True,True,
outputs\logging_audit_B5D_input_stage\audit_input_00152.csv,1,5844,global_t,height;velocity;s_go,True,True,True,True,True,True,taem_dwell_reached,True,True,taem_success_latched;taem_reached_ever;taem_reached_event;taem_reached,False,close_pass_escape,True,5836,5838,5,True,True,
outputs\logging_audit_B5D_input_stage\audit_input_00152.csv,2,5814,global_t,height;velocity;s_go,True,True,True,True,True,True,taem_dwell_reached,True,True,taem_success_latched;taem_reached_ever;taem_reached_event;taem_reached,False,close_pass_escape,True,5805,5807,5,True,True,
outputs\logging_audit_B5D_input_stage\audit_input_00153.csv,0,1,,,False,False,False,False,False,False,,False,False,,False,,False,,,0,False,False,"missing time column | missing end_reason column | missing end_guide column | Cannot reconstruct TAEM errors; missing columns: ['height', 'velocity', 's_go'] | time ordering or finite-time check failed | final-row preservation check failed"
outputs\logging_audit_B5D_input_stage\audit_input_00153.csv,1,1,,,False,False,False,False,False,False,,False,False,,False,,False,,,0,False,False,"missing time column | missing end_reason column | missing end_guide column | Cannot reconstruct TAEM errors; missing columns: ['height', 'velocity', 's_go'] | time ordering or finite-time check failed | final-row preservation check failed"
outputs\logging_audit_B5D_input_stage\audit_input_00153.csv,2,1,,,False,False,False,False,False,False,,False,False,,False,,False,,,0,False,False,"missing time column | missing end_reason column | missing end_guide column | Cannot reconstruct TAEM errors; missing columns: ['height', 'velocity', 's_go'] | time ordering or finite-time check failed | final-row preservation check failed"
outputs\logging_audit_B5D_input_stage\audit_input_00154.csv,0,1,,,False,False,False,False,False,False,,False,False,,False,,False,,,0,False,False,"missing time column | missing end_reason column | missing end_guide column | Cannot reconstruct TAEM errors; missing columns: ['height', 'velocity', 's_go'] | time ordering or finite-time check failed | final-row preservation check failed"
outputs\logging_audit_B5D_input_stage\audit_input_00154.csv,1,1,,,False,False,False,False,False,False,,False,False,,False,,False,,,0,False,False,"missing time column | missing end_reason column | missing end_guide column | Cannot reconstruct TAEM errors; missing columns: ['height', 'velocity', 's_go'] | time ordering or finite-time check failed | final-row preservation check failed"
outputs\logging_audit_B5D_input_stage\audit_input_00154.csv,2,1,,,False,False,False,False,False,False,,False,False,,False,,False,,,0,False,False,"missing time column | missing end_reason column | missing end_guide column | Cannot reconstruct TAEM errors; missing columns: ['height', 'velocity', 's_go'] | time ordering or finite-time check failed | final-row preservation check failed"
outputs\logging_audit_B5D_input_stage\audit_input_00155.csv,0,1,,,False,False,False,False,False,False,,False,False,,False,,False,,,0,False,False,"missing time column | missing end_reason column | missing end_guide column | Cannot reconstruct TAEM errors; missing columns: ['height', 'velocity', 's_go'] | time ordering or finite-time check failed | final-row preservation check failed"
outputs\logging_audit_B5D_input_stage\audit_input_00155.csv,1,1,,,False,False,False,False,False,False,,False,False,,False,,False,,,0,False,False,"missing time column | missing end_reason column | missing end_guide column | Cannot reconstruct TAEM errors; missing columns: ['height', 'velocity', 's_go'] | time ordering or finite-time check failed | final-row preservation check failed"
outputs\logging_audit_B5D_input_stage\audit_input_00155.csv,2,1,,,False,False,False,False,False,False,,False,False,,False,,False,,,0,False,False,"missing time column | missing end_reason column | missing end_guide column | Cannot reconstruct TAEM errors; missing columns: ['height', 'velocity', 's_go'] | time ordering or finite-time check failed | final-row preservation check failed"
outputs\logging_audit_B5D_input_stage\audit_input_00156.csv,0,5860,global_t,height;velocity;s_go,True,True,True,True,True,True,taem_dwell_reached,True,True,taem_success_latched;taem_reached_ever;taem_reached_event;taem_reached,False,close_pass_escape,True,5851,5853,6,True,True,
outputs\logging_audit_B5D_input_stage\audit_input_00156.csv,1,5843,global_t,height;velocity;s_go,True,True,True,True,True,True,taem_dwell_reached,True,True,taem_success_latched;taem_reached_ever;taem_reached_event;taem_reached,False,close_pass_escape,True,5835,5837,5,True,True,
outputs\logging_audit_B5D_input_stage\audit_input_00156.csv,2,5805,global_t,height;velocity;s_go,True,True,True,True,True,True,taem_dwell_reached,True,True,taem_success_latched;taem_reached_ever;taem_reached_event;taem_reached,False,close_pass_escape,True,5797,5799,4,True,True,
outputs\logging_audit_B5D_input_stage\audit_input_00157.csv,0,1,,,False,False,False,False,False,False,,False,False,,False,,False,,,0,False,False,"missing time column | missing end_reason column | missing end_guide column | Cannot reconstruct TAEM errors; missing columns: ['height', 'velocity', 's_go'] | time ordering or finite-time check failed | final-row preservation check failed"
outputs\logging_audit_B5D_input_stage\audit_input_00157.csv,1,1,,,False,False,False,False,False,False,,False,False,,False,,False,,,0,False,False,"missing time column | missing end_reason column | missing end_guide column | Cannot reconstruct TAEM errors; missing columns: ['height', 'velocity', 's_go'] | time ordering or finite-time check failed | final-row preservation check failed"
outputs\logging_audit_B5D_input_stage\audit_input_00157.csv,2,1,,,False,False,False,False,False,False,,False,False,,False,,False,,,0,False,False,"missing time column | missing end_reason column | missing end_guide column | Cannot reconstruct TAEM errors; missing columns: ['height', 'velocity', 's_go'] | time ordering or finite-time check failed | final-row preservation check failed"
outputs\logging_audit_B5D_input_stage\audit_input_00158.csv,0,1,,,False,False,False,False,False,False,,False,False,,False,,False,,,0,False,False,"missing time column | missing end_reason column | missing end_guide column | Cannot reconstruct TAEM errors; missing columns: ['height', 'velocity', 's_go'] | time ordering or finite-time check failed | final-row preservation check failed"
outputs\logging_audit_B5D_input_stage\audit_input_00158.csv,1,1,,,False,False,False,False,False,False,,False,False,,False,,False,,,0,False,False,"missing time column | missing end_reason column | missing end_guide column | Cannot reconstruct TAEM errors; missing columns: ['height', 'velocity', 's_go'] | time ordering or finite-time check failed | final-row preservation check failed"
outputs\logging_audit_B5D_input_stage\audit_input_00158.csv,2,1,,,False,False,False,False,False,False,,False,False,,False,,False,,,0,False,False,"missing time column | missing end_reason column | missing end_guide column | Cannot reconstruct TAEM errors; missing columns: ['height', 'velocity', 's_go'] | time ordering or finite-time check failed | final-row preservation check failed"
outputs\logging_audit_B5D_input_stage\audit_input_00159.csv,0,1,,,False,False,False,False,False,False,,False,False,,False,,False,,,0,False,False,"missing time column | missing end_reason column | missing end_guide column | Cannot reconstruct TAEM errors; missing columns: ['height', 'velocity', 's_go'] | time ordering or finite-time check failed | final-row preservation check failed"
outputs\logging_audit_B5D_input_stage\audit_input_00159.csv,1,1,,,False,False,False,False,False,False,,False,False,,False,,False,,,0,False,False,"missing time column | missing end_reason column | missing end_guide column | Cannot reconstruct TAEM errors; missing columns: ['height', 'velocity', 's_go'] | time ordering or finite-time check failed | final-row preservation check failed"
outputs\logging_audit_B5D_input_stage\audit_input_00159.csv,2,1,,,False,False,False,False,False,False,,False,False,,False,,False,,,0,False,False,"missing time column | missing end_reason column | missing end_guide column | Cannot reconstruct TAEM errors; missing columns: ['height', 'velocity', 's_go'] | time ordering or finite-time check failed | final-row preservation check failed"
outputs\logging_audit_B5D_input_stage\audit_input_00160.csv,0,5851,global_t,height;velocity;s_go,True,True,True,True,True,True,taem_dwell_reached,True,True,taem_success_latched;taem_reached_ever;taem_reached_event;taem_reached,False,close_pass_escape,True,5842,5844,6,True,True,
outputs\logging_audit_B5D_input_stage\audit_input_00160.csv,1,5839,global_t,height;velocity;s_go,True,True,True,True,True,True,taem_dwell_reached,True,True,taem_success_latched;taem_reached_ever;taem_reached_event;taem_reached,False,close_pass_escape,True,5831,5833,5,True,True,
outputs\logging_audit_B5D_input_stage\audit_input_00160.csv,2,5809,global_t,height;velocity;s_go,True,True,True,True,True,True,taem_dwell_reached,True,True,taem_success_latched;taem_reached_ever;taem_reached_event;taem_reached,False,close_pass_escape,True,5800,5802,5,True,True,
outputs\logging_audit_B5D_input_stage\audit_input_00161.csv,0,1,,,False,False,False,False,False,False,,False,False,,False,,False,,,0,False,False,"missing time column | missing end_reason column | missing end_guide column | Cannot reconstruct TAEM errors; missing columns: ['height', 'velocity', 's_go'] | time ordering or finite-time check failed | final-row preservation check failed"
outputs\logging_audit_B5D_input_stage\audit_input_00161.csv,1,1,,,False,False,False,False,False,False,,False,False,,False,,False,,,0,False,False,"missing time column | missing end_reason column | missing end_guide column | Cannot reconstruct TAEM errors; missing columns: ['height', 'velocity', 's_go'] | time ordering or finite-time check failed | final-row preservation check failed"
outputs\logging_audit_B5D_input_stage\audit_input_00161.csv,2,1,,,False,False,False,False,False,False,,False,False,,False,,False,,,0,False,False,"missing time column | missing end_reason column | missing end_guide column | Cannot reconstruct TAEM errors; missing columns: ['height', 'velocity', 's_go'] | time ordering or finite-time check failed | final-row preservation check failed"
outputs\logging_audit_B5D_input_stage\audit_input_00162.csv,0,1,,,False,False,False,False,False,False,,False,False,,False,,False,,,0,False,False,"missing time column | missing end_reason column | missing end_guide column | Cannot reconstruct TAEM errors; missing columns: ['height', 'velocity', 's_go'] | time ordering or finite-time check failed | final-row preservation check failed"
outputs\logging_audit_B5D_input_stage\audit_input_00162.csv,1,1,,,False,False,False,False,False,False,,False,False,,False,,False,,,0,False,False,"missing time column | missing end_reason column | missing end_guide column | Cannot reconstruct TAEM errors; missing columns: ['height', 'velocity', 's_go'] | time ordering or finite-time check failed | final-row preservation check failed"
outputs\logging_audit_B5D_input_stage\audit_input_00162.csv,2,1,,,False,False,False,False,False,False,,False,False,,False,,False,,,0,False,False,"missing time column | missing end_reason column | missing end_guide column | Cannot reconstruct TAEM errors; missing columns: ['height', 'velocity', 's_go'] | time ordering or finite-time check failed | final-row preservation check failed"
outputs\logging_audit_B5D_input_stage\audit_input_00163.csv,0,1,,,False,False,False,False,False,False,,False,False,,False,,False,,,0,False,False,"missing time column | missing end_reason column | missing end_guide column | Cannot reconstruct TAEM errors; missing columns: ['height', 'velocity', 's_go'] | time ordering or finite-time check failed | final-row preservation check failed"
outputs\logging_audit_B5D_input_stage\audit_input_00163.csv,1,1,,,False,False,False,False,False,False,,False,False,,False,,False,,,0,False,False,"missing time column | missing end_reason column | missing end_guide column | Cannot reconstruct TAEM errors; missing columns: ['height', 'velocity', 's_go'] | time ordering or finite-time check failed | final-row preservation check failed"
outputs\logging_audit_B5D_input_stage\audit_input_00163.csv,2,1,,,False,False,False,False,False,False,,False,False,,False,,False,,,0,False,False,"missing time column | missing end_reason column | missing end_guide column | Cannot reconstruct TAEM errors; missing columns: ['height', 'velocity', 's_go'] | time ordering or finite-time check failed | final-row preservation check failed"
outputs\logging_audit_B5D_input_stage\audit_input_00164.csv,0,5867,global_t,height;velocity;s_go,True,True,True,True,True,True,taem_dwell_reached,True,True,taem_success_latched;taem_reached_ever;taem_reached_event;taem_reached,False,close_pass_escape,True,5859,5861,5,True,True,
outputs\logging_audit_B5D_input_stage\audit_input_00164.csv,1,5833,global_t,height;velocity;s_go,True,True,True,True,True,True,taem_dwell_reached,True,True,taem_success_latched;taem_reached_ever;taem_reached_event;taem_reached,False,close_pass_escape,True,5825,5827,5,True,True,
outputs\logging_audit_B5D_input_stage\audit_input_00164.csv,2,5814,global_t,height;velocity;s_go,True,True,True,True,True,True,taem_dwell_reached,True,True,taem_success_latched;taem_reached_ever;taem_reached_event;taem_reached,False,close_pass_escape,True,5806,5808,5,True,True,
outputs\logging_audit_B5D_input_stage\audit_input_00165.csv,0,1,,,False,False,False,False,False,False,,False,False,,False,,False,,,0,False,False,"missing time column | missing end_reason column | missing end_guide column | Cannot reconstruct TAEM errors; missing columns: ['height', 'velocity', 's_go'] | time ordering or finite-time check failed | final-row preservation check failed"
outputs\logging_audit_B5D_input_stage\audit_input_00165.csv,1,1,,,False,False,False,False,False,False,,False,False,,False,,False,,,0,False,False,"missing time column | missing end_reason column | missing end_guide column | Cannot reconstruct TAEM errors; missing columns: ['height', 'velocity', 's_go'] | time ordering or finite-time check failed | final-row preservation check failed"
outputs\logging_audit_B5D_input_stage\audit_input_00165.csv,2,1,,,False,False,False,False,False,False,,False,False,,False,,False,,,0,False,False,"missing time column | missing end_reason column | missing end_guide column | Cannot reconstruct TAEM errors; missing columns: ['height', 'velocity', 's_go'] | time ordering or finite-time check failed | final-row preservation check failed"
outputs\logging_audit_B5D_input_stage\audit_input_00166.csv,0,1,,,False,False,False,False,False,False,,False,False,,False,,False,,,0,False,False,"missing time column | missing end_reason column | missing end_guide column | Cannot reconstruct TAEM errors; missing columns: ['height', 'velocity', 's_go'] | time ordering or finite-time check failed | final-row preservation check failed"
outputs\logging_audit_B5D_input_stage\audit_input_00166.csv,1,1,,,False,False,False,False,False,False,,False,False,,False,,False,,,0,False,False,"missing time column | missing end_reason column | missing end_guide column | Cannot reconstruct TAEM errors; missing columns: ['height', 'velocity', 's_go'] | time ordering or finite-time check failed | final-row preservation check failed"
outputs\logging_audit_B5D_input_stage\audit_input_00166.csv,2,1,,,False,False,False,False,False,False,,False,False,,False,,False,,,0,False,False,"missing time column | missing end_reason column | missing end_guide column | Cannot reconstruct TAEM errors; missing columns: ['height', 'velocity', 's_go'] | time ordering or finite-time check failed | final-row preservation check failed"
outputs\logging_audit_B5D_input_stage\audit_input_00167.csv,0,1,,,False,False,False,False,False,False,,False,False,,False,,False,,,0,False,False,"missing time column | missing end_reason column | missing end_guide column | Cannot reconstruct TAEM errors; missing columns: ['height', 'velocity', 's_go'] | time ordering or finite-time check failed | final-row preservation check failed"
outputs\logging_audit_B5D_input_stage\audit_input_00167.csv,1,1,,,False,False,False,False,False,False,,False,False,,False,,False,,,0,False,False,"missing time column | missing end_reason column | missing end_guide column | Cannot reconstruct TAEM errors; missing columns: ['height', 'velocity', 's_go'] | time ordering or finite-time check failed | final-row preservation check failed"
outputs\logging_audit_B5D_input_stage\audit_input_00167.csv,2,1,,,False,False,False,False,False,False,,False,False,,False,,False,,,0,False,False,"missing time column | missing end_reason column | missing end_guide column | Cannot reconstruct TAEM errors; missing columns: ['height', 'velocity', 's_go'] | time ordering or finite-time check failed | final-row preservation check failed"
outputs\logging_audit_B5D_input_stage\audit_input_00168.csv,0,5849,global_t,height;velocity;s_go,True,True,True,True,True,True,taem_dwell_reached,True,True,taem_success_latched;taem_reached_ever;taem_reached_event;taem_reached,False,close_pass_escape,True,5841,5843,6,True,True,
outputs\logging_audit_B5D_input_stage\audit_input_00168.csv,1,5834,global_t,height;velocity;s_go,True,True,True,True,True,True,taem_dwell_reached,True,True,taem_success_latched;taem_reached_ever;taem_reached_event;taem_reached,False,close_pass_escape,True,5826,5828,5,True,True,
outputs\logging_audit_B5D_input_stage\audit_input_00168.csv,2,5816,global_t,height;velocity;s_go,True,True,True,True,True,True,taem_dwell_reached,True,True,taem_success_latched;taem_reached_ever;taem_reached_event;taem_reached,False,close_pass_escape,True,5808,5810,5,True,True,
outputs\logging_audit_B5D_input_stage\audit_input_00169.csv,0,1,,,False,False,False,False,False,False,,False,False,,False,,False,,,0,False,False,"missing time column | missing end_reason column | missing end_guide column | Cannot reconstruct TAEM errors; missing columns: ['height', 'velocity', 's_go'] | time ordering or finite-time check failed | final-row preservation check failed"
outputs\logging_audit_B5D_input_stage\audit_input_00169.csv,1,1,,,False,False,False,False,False,False,,False,False,,False,,False,,,0,False,False,"missing time column | missing end_reason column | missing end_guide column | Cannot reconstruct TAEM errors; missing columns: ['height', 'velocity', 's_go'] | time ordering or finite-time check failed | final-row preservation check failed"
outputs\logging_audit_B5D_input_stage\audit_input_00169.csv,2,1,,,False,False,False,False,False,False,,False,False,,False,,False,,,0,False,False,"missing time column | missing end_reason column | missing end_guide column | Cannot reconstruct TAEM errors; missing columns: ['height', 'velocity', 's_go'] | time ordering or finite-time check failed | final-row preservation check failed"
outputs\logging_audit_B5D_input_stage\audit_input_00170.csv,0,1,,,False,False,False,False,False,False,,False,False,,False,,False,,,0,False,False,"missing time column | missing end_reason column | missing end_guide column | Cannot reconstruct TAEM errors; missing columns: ['height', 'velocity', 's_go'] | time ordering or finite-time check failed | final-row preservation check failed"
outputs\logging_audit_B5D_input_stage\audit_input_00170.csv,1,1,,,False,False,False,False,False,False,,False,False,,False,,False,,,0,False,False,"missing time column | missing end_reason column | missing end_guide column | Cannot reconstruct TAEM errors; missing columns: ['height', 'velocity', 's_go'] | time ordering or finite-time check failed | final-row preservation check failed"
outputs\logging_audit_B5D_input_stage\audit_input_00170.csv,2,1,,,False,False,False,False,False,False,,False,False,,False,,False,,,0,False,False,"missing time column | missing end_reason column | missing end_guide column | Cannot reconstruct TAEM errors; missing columns: ['height', 'velocity', 's_go'] | time ordering or finite-time check failed | final-row preservation check failed"
outputs\logging_audit_B5D_input_stage\audit_input_00171.csv,0,1,,,False,False,False,False,False,False,,False,False,,False,,False,,,0,False,False,"missing time column | missing end_reason column | missing end_guide column | Cannot reconstruct TAEM errors; missing columns: ['height', 'velocity', 's_go'] | time ordering or finite-time check failed | final-row preservation check failed"
outputs\logging_audit_B5D_input_stage\audit_input_00171.csv,1,1,,,False,False,False,False,False,False,,False,False,,False,,False,,,0,False,False,"missing time column | missing end_reason column | missing end_guide column | Cannot reconstruct TAEM errors; missing columns: ['height', 'velocity', 's_go'] | time ordering or finite-time check failed | final-row preservation check failed"
outputs\logging_audit_B5D_input_stage\audit_input_00171.csv,2,1,,,False,False,False,False,False,False,,False,False,,False,,False,,,0,False,False,"missing time column | missing end_reason column | missing end_guide column | Cannot reconstruct TAEM errors; missing columns: ['height', 'velocity', 's_go'] | time ordering or finite-time check failed | final-row preservation check failed"
outputs\logging_audit_B5D_input_stage\audit_input_00172.csv,0,5851,global_t,height;velocity;s_go,True,True,True,True,True,True,taem_dwell_reached,True,True,taem_success_latched;taem_reached_ever;taem_reached_event;taem_reached,False,close_pass_escape,True,5842,5844,6,True,True,
outputs\logging_audit_B5D_input_stage\audit_input_00172.csv,1,5830,global_t,height;velocity;s_go,True,True,True,True,True,True,taem_dwell_reached,True,True,taem_success_latched;taem_reached_ever;taem_reached_event;taem_reached,False,close_pass_escape,True,5822,5824,5,True,True,
outputs\logging_audit_B5D_input_stage\audit_input_00172.csv,2,5821,global_t,height;velocity;s_go,True,True,True,True,True,True,taem_dwell_reached,True,True,taem_success_latched;taem_reached_ever;taem_reached_event;taem_reached,False,close_pass_escape,True,5813,5815,4,True,True,
outputs\logging_audit_B5D_input_stage\audit_input_00173.csv,0,1,,,False,False,False,False,False,False,,False,False,,False,,False,,,0,False,False,"missing time column | missing end_reason column | missing end_guide column | Cannot reconstruct TAEM errors; missing columns: ['height', 'velocity', 's_go'] | time ordering or finite-time check failed | final-row preservation check failed"
outputs\logging_audit_B5D_input_stage\audit_input_00173.csv,1,1,,,False,False,False,False,False,False,,False,False,,False,,False,,,0,False,False,"missing time column | missing end_reason column | missing end_guide column | Cannot reconstruct TAEM errors; missing columns: ['height', 'velocity', 's_go'] | time ordering or finite-time check failed | final-row preservation check failed"
outputs\logging_audit_B5D_input_stage\audit_input_00173.csv,2,1,,,False,False,False,False,False,False,,False,False,,False,,False,,,0,False,False,"missing time column | missing end_reason column | missing end_guide column | Cannot reconstruct TAEM errors; missing columns: ['height', 'velocity', 's_go'] | time ordering or finite-time check failed | final-row preservation check failed"
outputs\logging_audit_B5D_input_stage\audit_input_00174.csv,0,1,,,False,False,False,False,False,False,,False,False,,False,,False,,,0,False,False,"missing time column | missing end_reason column | missing end_guide column | Cannot reconstruct TAEM errors; missing columns: ['height', 'velocity', 's_go'] | time ordering or finite-time check failed | final-row preservation check failed"
outputs\logging_audit_B5D_input_stage\audit_input_00174.csv,1,1,,,False,False,False,False,False,False,,False,False,,False,,False,,,0,False,False,"missing time column | missing end_reason column | missing end_guide column | Cannot reconstruct TAEM errors; missing columns: ['height', 'velocity', 's_go'] | time ordering or finite-time check failed | final-row preservation check failed"
outputs\logging_audit_B5D_input_stage\audit_input_00174.csv,2,1,,,False,False,False,False,False,False,,False,False,,False,,False,,,0,False,False,"missing time column | missing end_reason column | missing end_guide column | Cannot reconstruct TAEM errors; missing columns: ['height', 'velocity', 's_go'] | time ordering or finite-time check failed | final-row preservation check failed"
outputs\logging_audit_B5D_input_stage\audit_input_00175.csv,0,1,,,False,False,False,False,False,False,,False,False,,False,,False,,,0,False,False,"missing time column | missing end_reason column | missing end_guide column | Cannot reconstruct TAEM errors; missing columns: ['height', 'velocity', 's_go'] | time ordering or finite-time check failed | final-row preservation check failed"
outputs\logging_audit_B5D_input_stage\audit_input_00175.csv,1,1,,,False,False,False,False,False,False,,False,False,,False,,False,,,0,False,False,"missing time column | missing end_reason column | missing end_guide column | Cannot reconstruct TAEM errors; missing columns: ['height', 'velocity', 's_go'] | time ordering or finite-time check failed | final-row preservation check failed"
outputs\logging_audit_B5D_input_stage\audit_input_00175.csv,2,1,,,False,False,False,False,False,False,,False,False,,False,,False,,,0,False,False,"missing time column | missing end_reason column | missing end_guide column | Cannot reconstruct TAEM errors; missing columns: ['height', 'velocity', 's_go'] | time ordering or finite-time check failed | final-row preservation check failed"
outputs\logging_audit_B5D_input_stage\audit_input_00176.csv,0,5847,global_t,height;velocity;s_go,True,True,True,True,True,True,taem_dwell_reached,True,True,taem_success_latched;taem_reached_ever;taem_reached_event;taem_reached,False,close_pass_escape,True,5839,5841,5,True,True,
outputs\logging_audit_B5D_input_stage\audit_input_00176.csv,1,5848,global_t,height;velocity;s_go,True,True,True,True,True,True,taem_dwell_reached,True,True,taem_success_latched;taem_reached_ever;taem_reached_event;taem_reached,False,close_pass_escape,True,5839,5841,5,True,True,
outputs\logging_audit_B5D_input_stage\audit_input_00176.csv,2,5814,global_t,height;velocity;s_go,True,True,True,True,True,True,taem_dwell_reached,True,True,taem_success_latched;taem_reached_ever;taem_reached_event;taem_reached,False,close_pass_escape,True,5805,5807,5,True,True,
outputs\logging_audit_B5D_input_stage\audit_input_00177.csv,0,1,,,False,False,False,False,False,False,,False,False,,False,,False,,,0,False,False,"missing time column | missing end_reason column | missing end_guide column | Cannot reconstruct TAEM errors; missing columns: ['height', 'velocity', 's_go'] | time ordering or finite-time check failed | final-row preservation check failed"
outputs\logging_audit_B5D_input_stage\audit_input_00177.csv,1,1,,,False,False,False,False,False,False,,False,False,,False,,False,,,0,False,False,"missing time column | missing end_reason column | missing end_guide column | Cannot reconstruct TAEM errors; missing columns: ['height', 'velocity', 's_go'] | time ordering or finite-time check failed | final-row preservation check failed"
outputs\logging_audit_B5D_input_stage\audit_input_00177.csv,2,1,,,False,False,False,False,False,False,,False,False,,False,,False,,,0,False,False,"missing time column | missing end_reason column | missing end_guide column | Cannot reconstruct TAEM errors; missing columns: ['height', 'velocity', 's_go'] | time ordering or finite-time check failed | final-row preservation check failed"
outputs\logging_audit_B5D_input_stage\audit_input_00178.csv,0,1,,,False,False,False,False,False,False,,False,False,,False,,False,,,0,False,False,"missing time column | missing end_reason column | missing end_guide column | Cannot reconstruct TAEM errors; missing columns: ['height', 'velocity', 's_go'] | time ordering or finite-time check failed | final-row preservation check failed"
outputs\logging_audit_B5D_input_stage\audit_input_00178.csv,1,1,,,False,False,False,False,False,False,,False,False,,False,,False,,,0,False,False,"missing time column | missing end_reason column | missing end_guide column | Cannot reconstruct TAEM errors; missing columns: ['height', 'velocity', 's_go'] | time ordering or finite-time check failed | final-row preservation check failed"
outputs\logging_audit_B5D_input_stage\audit_input_00178.csv,2,1,,,False,False,False,False,False,False,,False,False,,False,,False,,,0,False,False,"missing time column | missing end_reason column | missing end_guide column | Cannot reconstruct TAEM errors; missing columns: ['height', 'velocity', 's_go'] | time ordering or finite-time check failed | final-row preservation check failed"
outputs\logging_audit_B5D_input_stage\audit_input_00179.csv,0,1,,,False,False,False,False,False,False,,False,False,,False,,False,,,0,False,False,"missing time column | missing end_reason column | missing end_guide column | Cannot reconstruct TAEM errors; missing columns: ['height', 'velocity', 's_go'] | time ordering or finite-time check failed | final-row preservation check failed"
outputs\logging_audit_B5D_input_stage\audit_input_00179.csv,1,1,,,False,False,False,False,False,False,,False,False,,False,,False,,,0,False,False,"missing time column | missing end_reason column | missing end_guide column | Cannot reconstruct TAEM errors; missing columns: ['height', 'velocity', 's_go'] | time ordering or finite-time check failed | final-row preservation check failed"
outputs\logging_audit_B5D_input_stage\audit_input_00179.csv,2,1,,,False,False,False,False,False,False,,False,False,,False,,False,,,0,False,False,"missing time column | missing end_reason column | missing end_guide column | Cannot reconstruct TAEM errors; missing columns: ['height', 'velocity', 's_go'] | time ordering or finite-time check failed | final-row preservation check failed"
outputs\logging_audit_B5D_input_stage\audit_input_00180.csv,0,5853,global_t,height;velocity;s_go,True,True,True,True,True,True,taem_dwell_reached,True,True,taem_success_latched;taem_reached_ever;taem_reached_event;taem_reached,False,close_pass_escape,True,5845,5847,6,True,True,
outputs\logging_audit_B5D_input_stage\audit_input_00180.csv,1,5823,global_t,height;velocity;s_go,True,True,True,True,True,True,taem_dwell_reached,True,True,taem_success_latched;taem_reached_ever;taem_reached_event;taem_reached,False,close_pass_escape,True,5815,5817,5,True,True,
outputs\logging_audit_B5D_input_stage\audit_input_00180.csv,2,5812,global_t,height;velocity;s_go,True,True,True,True,True,True,taem_dwell_reached,True,True,taem_success_latched;taem_reached_ever;taem_reached_event;taem_reached,False,close_pass_escape,True,5803,5805,6,True,True,
outputs\logging_audit_B5D_input_stage\audit_input_00181.csv,0,1,,,False,False,False,False,False,False,,False,False,,False,,False,,,0,False,False,"missing time column | missing end_reason column | missing end_guide column | Cannot reconstruct TAEM errors; missing columns: ['height', 'velocity', 's_go'] | time ordering or finite-time check failed | final-row preservation check failed"
outputs\logging_audit_B5D_input_stage\audit_input_00181.csv,1,1,,,False,False,False,False,False,False,,False,False,,False,,False,,,0,False,False,"missing time column | missing end_reason column | missing end_guide column | Cannot reconstruct TAEM errors; missing columns: ['height', 'velocity', 's_go'] | time ordering or finite-time check failed | final-row preservation check failed"
outputs\logging_audit_B5D_input_stage\audit_input_00181.csv,2,1,,,False,False,False,False,False,False,,False,False,,False,,False,,,0,False,False,"missing time column | missing end_reason column | missing end_guide column | Cannot reconstruct TAEM errors; missing columns: ['height', 'velocity', 's_go'] | time ordering or finite-time check failed | final-row preservation check failed"
outputs\logging_audit_B5D_input_stage\audit_input_00182.csv,0,1,,,False,False,False,False,False,False,,False,False,,False,,False,,,0,False,False,"missing time column | missing end_reason column | missing end_guide column | Cannot reconstruct TAEM errors; missing columns: ['height', 'velocity', 's_go'] | time ordering or finite-time check failed | final-row preservation check failed"
outputs\logging_audit_B5D_input_stage\audit_input_00182.csv,1,1,,,False,False,False,False,False,False,,False,False,,False,,False,,,0,False,False,"missing time column | missing end_reason column | missing end_guide column | Cannot reconstruct TAEM errors; missing columns: ['height', 'velocity', 's_go'] | time ordering or finite-time check failed | final-row preservation check failed"
outputs\logging_audit_B5D_input_stage\audit_input_00182.csv,2,1,,,False,False,False,False,False,False,,False,False,,False,,False,,,0,False,False,"missing time column | missing end_reason column | missing end_guide column | Cannot reconstruct TAEM errors; missing columns: ['height', 'velocity', 's_go'] | time ordering or finite-time check failed | final-row preservation check failed"
outputs\logging_audit_B5D_input_stage\audit_input_00183.csv,0,1,,,False,False,False,False,False,False,,False,False,,False,,False,,,0,False,False,"missing time column | missing end_reason column | missing end_guide column | Cannot reconstruct TAEM errors; missing columns: ['height', 'velocity', 's_go'] | time ordering or finite-time check failed | final-row preservation check failed"
outputs\logging_audit_B5D_input_stage\audit_input_00183.csv,1,1,,,False,False,False,False,False,False,,False,False,,False,,False,,,0,False,False,"missing time column | missing end_reason column | missing end_guide column | Cannot reconstruct TAEM errors; missing columns: ['height', 'velocity', 's_go'] | time ordering or finite-time check failed | final-row preservation check failed"
outputs\logging_audit_B5D_input_stage\audit_input_00183.csv,2,1,,,False,False,False,False,False,False,,False,False,,False,,False,,,0,False,False,"missing time column | missing end_reason column | missing end_guide column | Cannot reconstruct TAEM errors; missing columns: ['height', 'velocity', 's_go'] | time ordering or finite-time check failed | final-row preservation check failed"
outputs\logging_audit_B5D_input_stage\audit_input_00184.csv,0,5861,global_t,height;velocity;s_go,True,True,True,True,True,True,taem_dwell_reached,True,True,taem_success_latched;taem_reached_ever;taem_reached_event;taem_reached,False,close_pass_escape,True,5853,5855,5,True,True,
outputs\logging_audit_B5D_input_stage\audit_input_00184.csv,1,5831,global_t,height;velocity;s_go,True,True,True,True,True,True,taem_dwell_reached,True,True,taem_success_latched;taem_reached_ever;taem_reached_event;taem_reached,False,close_pass_escape,True,5823,5825,5,True,True,
outputs\logging_audit_B5D_input_stage\audit_input_00184.csv,2,5811,global_t,height;velocity;s_go,True,True,True,True,True,True,taem_dwell_reached,True,True,taem_success_latched;taem_reached_ever;taem_reached_event;taem_reached,False,close_pass_escape,True,5803,5805,5,True,True,
outputs\logging_audit_B5D_input_stage\audit_input_00185.csv,0,1,,,False,False,False,False,False,False,,False,False,,False,,False,,,0,False,False,"missing time column | missing end_reason column | missing end_guide column | Cannot reconstruct TAEM errors; missing columns: ['height', 'velocity', 's_go'] | time ordering or finite-time check failed | final-row preservation check failed"
outputs\logging_audit_B5D_input_stage\audit_input_00185.csv,1,1,,,False,False,False,False,False,False,,False,False,,False,,False,,,0,False,False,"missing time column | missing end_reason column | missing end_guide column | Cannot reconstruct TAEM errors; missing columns: ['height', 'velocity', 's_go'] | time ordering or finite-time check failed | final-row preservation check failed"
outputs\logging_audit_B5D_input_stage\audit_input_00185.csv,2,1,,,False,False,False,False,False,False,,False,False,,False,,False,,,0,False,False,"missing time column | missing end_reason column | missing end_guide column | Cannot reconstruct TAEM errors; missing columns: ['height', 'velocity', 's_go'] | time ordering or finite-time check failed | final-row preservation check failed"
outputs\logging_audit_B5D_input_stage\audit_input_00186.csv,0,1,,,False,False,False,False,False,False,,False,False,,False,,False,,,0,False,False,"missing time column | missing end_reason column | missing end_guide column | Cannot reconstruct TAEM errors; missing columns: ['height', 'velocity', 's_go'] | time ordering or finite-time check failed | final-row preservation check failed"
outputs\logging_audit_B5D_input_stage\audit_input_00186.csv,1,1,,,False,False,False,False,False,False,,False,False,,False,,False,,,0,False,False,"missing time column | missing end_reason column | missing end_guide column | Cannot reconstruct TAEM errors; missing columns: ['height', 'velocity', 's_go'] | time ordering or finite-time check failed | final-row preservation check failed"
outputs\logging_audit_B5D_input_stage\audit_input_00186.csv,2,1,,,False,False,False,False,False,False,,False,False,,False,,False,,,0,False,False,"missing time column | missing end_reason column | missing end_guide column | Cannot reconstruct TAEM errors; missing columns: ['height', 'velocity', 's_go'] | time ordering or finite-time check failed | final-row preservation check failed"
outputs\logging_audit_B5D_input_stage\audit_input_00187.csv,0,1,,,False,False,False,False,False,False,,False,False,,False,,False,,,0,False,False,"missing time column | missing end_reason column | missing end_guide column | Cannot reconstruct TAEM errors; missing columns: ['height', 'velocity', 's_go'] | time ordering or finite-time check failed | final-row preservation check failed"
outputs\logging_audit_B5D_input_stage\audit_input_00187.csv,1,1,,,False,False,False,False,False,False,,False,False,,False,,False,,,0,False,False,"missing time column | missing end_reason column | missing end_guide column | Cannot reconstruct TAEM errors; missing columns: ['height', 'velocity', 's_go'] | time ordering or finite-time check failed | final-row preservation check failed"
outputs\logging_audit_B5D_input_stage\audit_input_00187.csv,2,1,,,False,False,False,False,False,False,,False,False,,False,,False,,,0,False,False,"missing time column | missing end_reason column | missing end_guide column | Cannot reconstruct TAEM errors; missing columns: ['height', 'velocity', 's_go'] | time ordering or finite-time check failed | final-row preservation check failed"
outputs\logging_audit_B5D_input_stage\audit_input_00188.csv,0,5854,global_t,height;velocity;s_go,True,True,True,True,True,True,taem_dwell_reached,True,True,taem_success_latched;taem_reached_ever;taem_reached_event;taem_reached,False,close_pass_escape,True,5846,5848,5,True,True,
outputs\logging_audit_B5D_input_stage\audit_input_00188.csv,1,5821,global_t,height;velocity;s_go,True,True,True,True,True,True,taem_dwell_reached,True,True,taem_success_latched;taem_reached_ever;taem_reached_event;taem_reached,False,close_pass_escape,True,5813,5815,5,True,True,
outputs\logging_audit_B5D_input_stage\audit_input_00188.csv,2,5814,global_t,height;velocity;s_go,True,True,True,True,True,True,taem_dwell_reached,True,True,taem_success_latched;taem_reached_ever;taem_reached_event;taem_reached,False,close_pass_escape,True,5806,5808,5,True,True,
outputs\logging_audit_B5D_input_stage\audit_input_00189.csv,0,1,,,False,False,False,False,False,False,,False,False,,False,,False,,,0,False,False,"missing time column | missing end_reason column | missing end_guide column | Cannot reconstruct TAEM errors; missing columns: ['height', 'velocity', 's_go'] | time ordering or finite-time check failed | final-row preservation check failed"
outputs\logging_audit_B5D_input_stage\audit_input_00189.csv,1,1,,,False,False,False,False,False,False,,False,False,,False,,False,,,0,False,False,"missing time column | missing end_reason column | missing end_guide column | Cannot reconstruct TAEM errors; missing columns: ['height', 'velocity', 's_go'] | time ordering or finite-time check failed | final-row preservation check failed"
outputs\logging_audit_B5D_input_stage\audit_input_00189.csv,2,1,,,False,False,False,False,False,False,,False,False,,False,,False,,,0,False,False,"missing time column | missing end_reason column | missing end_guide column | Cannot reconstruct TAEM errors; missing columns: ['height', 'velocity', 's_go'] | time ordering or finite-time check failed | final-row preservation check failed"
outputs\logging_audit_B5D_input_stage\audit_input_00190.csv,0,1,,,False,False,False,False,False,False,,False,False,,False,,False,,,0,False,False,"missing time column | missing end_reason column | missing end_guide column | Cannot reconstruct TAEM errors; missing columns: ['height', 'velocity', 's_go'] | time ordering or finite-time check failed | final-row preservation check failed"
outputs\logging_audit_B5D_input_stage\audit_input_00190.csv,1,1,,,False,False,False,False,False,False,,False,False,,False,,False,,,0,False,False,"missing time column | missing end_reason column | missing end_guide column | Cannot reconstruct TAEM errors; missing columns: ['height', 'velocity', 's_go'] | time ordering or finite-time check failed | final-row preservation check failed"
outputs\logging_audit_B5D_input_stage\audit_input_00190.csv,2,1,,,False,False,False,False,False,False,,False,False,,False,,False,,,0,False,False,"missing time column | missing end_reason column | missing end_guide column | Cannot reconstruct TAEM errors; missing columns: ['height', 'velocity', 's_go'] | time ordering or finite-time check failed | final-row preservation check failed"
outputs\logging_audit_B5D_input_stage\audit_input_00191.csv,0,1,,,False,False,False,False,False,False,,False,False,,False,,False,,,0,False,False,"missing time column | missing end_reason column | missing end_guide column | Cannot reconstruct TAEM errors; missing columns: ['height', 'velocity', 's_go'] | time ordering or finite-time check failed | final-row preservation check failed"
outputs\logging_audit_B5D_input_stage\audit_input_00191.csv,1,1,,,False,False,False,False,False,False,,False,False,,False,,False,,,0,False,False,"missing time column | missing end_reason column | missing end_guide column | Cannot reconstruct TAEM errors; missing columns: ['height', 'velocity', 's_go'] | time ordering or finite-time check failed | final-row preservation check failed"
outputs\logging_audit_B5D_input_stage\audit_input_00191.csv,2,1,,,False,False,False,False,False,False,,False,False,,False,,False,,,0,False,False,"missing time column | missing end_reason column | missing end_guide column | Cannot reconstruct TAEM errors; missing columns: ['height', 'velocity', 's_go'] | time ordering or finite-time check failed | final-row preservation check failed"
outputs\logging_audit_B5D_input_stage\audit_input_00192.csv,0,5846,global_t,height;velocity;s_go,True,True,True,True,True,True,taem_dwell_reached,True,True,taem_success_latched;taem_reached_ever;taem_reached_event;taem_reached,False,close_pass_escape,True,5837,5839,5,True,True,
outputs\logging_audit_B5D_input_stage\audit_input_00192.csv,1,5836,global_t,height;velocity;s_go,True,True,True,True,True,True,taem_dwell_reached,True,True,taem_success_latched;taem_reached_ever;taem_reached_event;taem_reached,False,close_pass_escape,True,5827,5829,5,True,True,
outputs\logging_audit_B5D_input_stage\audit_input_00192.csv,2,5819,global_t,height;velocity;s_go,True,True,True,True,True,True,taem_dwell_reached,True,True,taem_success_latched;taem_reached_ever;taem_reached_event;taem_reached,False,close_pass_escape,True,5810,5812,5,True,True,
outputs\logging_audit_B5D_input_stage\audit_input_00193.csv,0,1,,,False,False,False,False,False,False,,False,False,,False,,False,,,0,False,False,"missing time column | missing end_reason column | missing end_guide column | Cannot reconstruct TAEM errors; missing columns: ['height', 'velocity', 's_go'] | time ordering or finite-time check failed | final-row preservation check failed"
outputs\logging_audit_B5D_input_stage\audit_input_00193.csv,1,1,,,False,False,False,False,False,False,,False,False,,False,,False,,,0,False,False,"missing time column | missing end_reason column | missing end_guide column | Cannot reconstruct TAEM errors; missing columns: ['height', 'velocity', 's_go'] | time ordering or finite-time check failed | final-row preservation check failed"
outputs\logging_audit_B5D_input_stage\audit_input_00193.csv,2,1,,,False,False,False,False,False,False,,False,False,,False,,False,,,0,False,False,"missing time column | missing end_reason column | missing end_guide column | Cannot reconstruct TAEM errors; missing columns: ['height', 'velocity', 's_go'] | time ordering or finite-time check failed | final-row preservation check failed"
outputs\logging_audit_B5D_input_stage\audit_input_00194.csv,0,1,,,False,False,False,False,False,False,,False,False,,False,,False,,,0,False,False,"missing time column | missing end_reason column | missing end_guide column | Cannot reconstruct TAEM errors; missing columns: ['height', 'velocity', 's_go'] | time ordering or finite-time check failed | final-row preservation check failed"
outputs\logging_audit_B5D_input_stage\audit_input_00194.csv,1,1,,,False,False,False,False,False,False,,False,False,,False,,False,,,0,False,False,"missing time column | missing end_reason column | missing end_guide column | Cannot reconstruct TAEM errors; missing columns: ['height', 'velocity', 's_go'] | time ordering or finite-time check failed | final-row preservation check failed"
outputs\logging_audit_B5D_input_stage\audit_input_00194.csv,2,1,,,False,False,False,False,False,False,,False,False,,False,,False,,,0,False,False,"missing time column | missing end_reason column | missing end_guide column | Cannot reconstruct TAEM errors; missing columns: ['height', 'velocity', 's_go'] | time ordering or finite-time check failed | final-row preservation check failed"
outputs\logging_audit_B5D_input_stage\audit_input_00195.csv,0,1,,,False,False,False,False,False,False,,False,False,,False,,False,,,0,False,False,"missing time column | missing end_reason column | missing end_guide column | Cannot reconstruct TAEM errors; missing columns: ['height', 'velocity', 's_go'] | time ordering or finite-time check failed | final-row preservation check failed"
outputs\logging_audit_B5D_input_stage\audit_input_00195.csv,1,1,,,False,False,False,False,False,False,,False,False,,False,,False,,,0,False,False,"missing time column | missing end_reason column | missing end_guide column | Cannot reconstruct TAEM errors; missing columns: ['height', 'velocity', 's_go'] | time ordering or finite-time check failed | final-row preservation check failed"
outputs\logging_audit_B5D_input_stage\audit_input_00195.csv,2,1,,,False,False,False,False,False,False,,False,False,,False,,False,,,0,False,False,"missing time column | missing end_reason column | missing end_guide column | Cannot reconstruct TAEM errors; missing columns: ['height', 'velocity', 's_go'] | time ordering or finite-time check failed | final-row preservation check failed"
outputs\logging_audit_B5D_input_stage\audit_input_00196.csv,0,5847,global_t,height;velocity;s_go,True,True,True,True,True,True,taem_dwell_reached,True,True,taem_success_latched;taem_reached_ever;taem_reached_event;taem_reached,False,close_pass_escape,True,5839,5841,5,True,True,
outputs\logging_audit_B5D_input_stage\audit_input_00196.csv,1,5840,global_t,height;velocity;s_go,True,True,True,True,True,True,taem_dwell_reached,True,True,taem_success_latched;taem_reached_ever;taem_reached_event;taem_reached,False,close_pass_escape,True,5831,5833,5,True,True,
outputs\logging_audit_B5D_input_stage\audit_input_00196.csv,2,5813,global_t,height;velocity;s_go,True,True,True,True,True,True,taem_dwell_reached,True,True,taem_success_latched;taem_reached_ever;taem_reached_event;taem_reached,False,close_pass_escape,True,5805,5807,5,True,True,
outputs\logging_audit_B5D_input_stage\audit_input_00197.csv,0,1,,,False,False,False,False,False,False,,False,False,,False,,False,,,0,False,False,"missing time column | missing end_reason column | missing end_guide column | Cannot reconstruct TAEM errors; missing columns: ['height', 'velocity', 's_go'] | time ordering or finite-time check failed | final-row preservation check failed"
outputs\logging_audit_B5D_input_stage\audit_input_00197.csv,1,1,,,False,False,False,False,False,False,,False,False,,False,,False,,,0,False,False,"missing time column | missing end_reason column | missing end_guide column | Cannot reconstruct TAEM errors; missing columns: ['height', 'velocity', 's_go'] | time ordering or finite-time check failed | final-row preservation check failed"
outputs\logging_audit_B5D_input_stage\audit_input_00197.csv,2,1,,,False,False,False,False,False,False,,False,False,,False,,False,,,0,False,False,"missing time column | missing end_reason column | missing end_guide column | Cannot reconstruct TAEM errors; missing columns: ['height', 'velocity', 's_go'] | time ordering or finite-time check failed | final-row preservation check failed"
outputs\logging_audit_B5D_input_stage\audit_input_00198.csv,0,1,,,False,False,False,False,False,False,,False,False,,False,,False,,,0,False,False,"missing time column | missing end_reason column | missing end_guide column | Cannot reconstruct TAEM errors; missing columns: ['height', 'velocity', 's_go'] | time ordering or finite-time check failed | final-row preservation check failed"
outputs\logging_audit_B5D_input_stage\audit_input_00198.csv,1,1,,,False,False,False,False,False,False,,False,False,,False,,False,,,0,False,False,"missing time column | missing end_reason column | missing end_guide column | Cannot reconstruct TAEM errors; missing columns: ['height', 'velocity', 's_go'] | time ordering or finite-time check failed | final-row preservation check failed"
outputs\logging_audit_B5D_input_stage\audit_input_00198.csv,2,1,,,False,False,False,False,False,False,,False,False,,False,,False,,,0,False,False,"missing time column | missing end_reason column | missing end_guide column | Cannot reconstruct TAEM errors; missing columns: ['height', 'velocity', 's_go'] | time ordering or finite-time check failed | final-row preservation check failed"
outputs\logging_audit_B5D_input_stage\audit_input_00199.csv,0,1,,,False,False,False,False,False,False,,False,False,,False,,False,,,0,False,False,"missing time column | missing end_reason column | missing end_guide column | Cannot reconstruct TAEM errors; missing columns: ['height', 'velocity', 's_go'] | time ordering or finite-time check failed | final-row preservation check failed"
outputs\logging_audit_B5D_input_stage\audit_input_00199.csv,1,1,,,False,False,False,False,False,False,,False,False,,False,,False,,,0,False,False,"missing time column | missing end_reason column | missing end_guide column | Cannot reconstruct TAEM errors; missing columns: ['height', 'velocity', 's_go'] | time ordering or finite-time check failed | final-row preservation check failed"
outputs\logging_audit_B5D_input_stage\audit_input_00199.csv,2,1,,,False,False,False,False,False,False,,False,False,,False,,False,,,0,False,False,"missing time column | missing end_reason column | missing end_guide column | Cannot reconstruct TAEM errors; missing columns: ['height', 'velocity', 's_go'] | time ordering or finite-time check failed | final-row preservation check failed"
outputs\logging_audit_B5D_input_stage\audit_input_00200.csv,0,5865,global_t,height;velocity;s_go,True,True,True,True,True,True,taem_dwell_reached,True,True,taem_success_latched;taem_reached_ever;taem_reached_event;taem_reached,False,close_pass_escape,True,5856,5858,5,True,True,
outputs\logging_audit_B5D_input_stage\audit_input_00200.csv,1,5829,global_t,height;velocity;s_go,True,True,True,True,True,True,taem_dwell_reached,True,True,taem_success_latched;taem_reached_ever;taem_reached_event;taem_reached,False,close_pass_escape,True,5820,5822,5,True,True,
outputs\logging_audit_B5D_input_stage\audit_input_00200.csv,2,5827,global_t,height;velocity;s_go,True,True,True,True,True,True,taem_dwell_reached,True,True,taem_success_latched;taem_reached_ever;taem_reached_event;taem_reached,False,close_pass_escape,True,5818,5820,4,True,True,
outputs\logging_audit_B5D_input_stage\audit_input_00201.csv,0,5864,global_t,height;velocity;s_go,True,True,True,True,True,True,taem_dwell_reached,True,True,taem_success_latched;taem_reached_ever;taem_reached_event;taem_reached,False,close_pass_escape,True,5856,5858,5,True,True,
outputs\logging_audit_B5D_input_stage\audit_input_00201.csv,1,5828,global_t,height;velocity;s_go,True,True,True,True,True,True,taem_dwell_reached,True,True,taem_success_latched;taem_reached_ever;taem_reached_event;taem_reached,False,close_pass_escape,True,5820,5822,5,True,True,
outputs\logging_audit_B5D_input_stage\audit_input_00201.csv,2,5815,global_t,height;velocity;s_go,True,True,True,True,True,True,taem_dwell_reached,True,True,taem_success_latched;taem_reached_ever;taem_reached_event;taem_reached,False,close_pass_escape,True,5807,5809,4,True,True,
outputs\logging_audit_B5D_input_stage\audit_input_00202.csv,0,5855,global_t,height;velocity;s_go,True,True,True,True,True,True,taem_dwell_reached,True,True,taem_success_latched;taem_reached_ever;taem_reached_event;taem_reached,False,close_pass_escape,True,5847,5849,5,True,True,
outputs\logging_audit_B5D_input_stage\audit_input_00202.csv,1,5840,global_t,height;velocity;s_go,True,True,True,True,True,True,taem_dwell_reached,True,True,taem_success_latched;taem_reached_ever;taem_reached_event;taem_reached,False,close_pass_escape,True,5831,5833,5,True,True,
outputs\logging_audit_B5D_input_stage\audit_input_00202.csv,2,5813,global_t,height;velocity;s_go,True,True,True,True,True,True,taem_dwell_reached,True,True,taem_success_latched;taem_reached_ever;taem_reached_event;taem_reached,False,close_pass_escape,True,5804,5806,5,True,True,
outputs\logging_audit_B5D_input_stage\audit_input_00203.csv,0,5857,global_t,height;velocity;s_go,True,True,True,True,True,True,taem_dwell_reached,True,True,taem_success_latched;taem_reached_ever;taem_reached_event;taem_reached,False,close_pass_escape,True,5849,5851,5,True,True,
outputs\logging_audit_B5D_input_stage\audit_input_00203.csv,1,5833,global_t,height;velocity;s_go,True,True,True,True,True,True,taem_dwell_reached,True,True,taem_success_latched;taem_reached_ever;taem_reached_event;taem_reached,False,close_pass_escape,True,5825,5827,5,True,True,
outputs\logging_audit_B5D_input_stage\audit_input_00203.csv,2,5810,global_t,height;velocity;s_go,True,True,True,True,True,True,taem_dwell_reached,True,True,taem_success_latched;taem_reached_ever;taem_reached_event;taem_reached,False,close_pass_escape,True,5802,5804,5,True,True,
outputs\logging_audit_B5D_input_stage\audit_input_00204.csv,0,5863,global_t,height;velocity;s_go,True,True,True,True,True,True,taem_dwell_reached,True,True,taem_success_latched;taem_reached_ever;taem_reached_event;taem_reached,False,close_pass_escape,True,5854,5856,5,True,True,
outputs\logging_audit_B5D_input_stage\audit_input_00204.csv,1,5829,global_t,height;velocity;s_go,True,True,True,True,True,True,taem_dwell_reached,True,True,taem_success_latched;taem_reached_ever;taem_reached_event;taem_reached,False,close_pass_escape,True,5820,5822,5,True,True,
outputs\logging_audit_B5D_input_stage\audit_input_00204.csv,2,5805,global_t,height;velocity;s_go,True,True,True,True,True,True,taem_dwell_reached,True,True,taem_success_latched;taem_reached_ever;taem_reached_event;taem_reached,False,close_pass_escape,True,5796,5798,5,True,True,
outputs\logging_audit_B5D_input_stage\audit_input_00205.csv,0,5858,global_t,height;velocity;s_go,True,True,True,True,True,True,taem_dwell_reached,True,True,taem_success_latched;taem_reached_ever;taem_reached_event;taem_reached,False,close_pass_escape,True,5850,5852,4,True,True,
outputs\logging_audit_B5D_input_stage\audit_input_00205.csv,1,5831,global_t,height;velocity;s_go,True,True,True,True,True,True,taem_dwell_reached,True,True,taem_success_latched;taem_reached_ever;taem_reached_event;taem_reached,False,close_pass_escape,True,5822,5824,5,True,True,
outputs\logging_audit_B5D_input_stage\audit_input_00205.csv,2,5808,global_t,height;velocity;s_go,True,True,True,True,True,True,taem_dwell_reached,True,True,taem_success_latched;taem_reached_ever;taem_reached_event;taem_reached,False,close_pass_escape,True,5799,5801,4,True,True,
outputs\logging_audit_B5D_input_stage\audit_input_00206.csv,0,5844,global_t,height;velocity;s_go,True,True,True,True,True,True,taem_dwell_reached,True,True,taem_success_latched;taem_reached_ever;taem_reached_event;taem_reached,False,close_pass_escape,True,5836,5838,5,True,True,
outputs\logging_audit_B5D_input_stage\audit_input_00206.csv,1,5829,global_t,height;velocity;s_go,True,True,True,True,True,True,taem_dwell_reached,True,True,taem_success_latched;taem_reached_ever;taem_reached_event;taem_reached,False,close_pass_escape,True,5820,5822,5,True,True,
outputs\logging_audit_B5D_input_stage\audit_input_00206.csv,2,5813,global_t,height;velocity;s_go,True,True,True,True,True,True,taem_dwell_reached,True,True,taem_success_latched;taem_reached_ever;taem_reached_event;taem_reached,False,close_pass_escape,True,5805,5807,4,True,True,
outputs\logging_audit_B5D_input_stage\audit_input_00207.csv,0,5846,global_t,height;velocity;s_go,True,True,True,True,True,True,taem_dwell_reached,True,True,taem_success_latched;taem_reached_ever;taem_reached_event;taem_reached,False,close_pass_escape,True,5837,5839,6,True,True,
outputs\logging_audit_B5D_input_stage\audit_input_00207.csv,1,5827,global_t,height;velocity;s_go,True,True,True,True,True,True,taem_dwell_reached,True,True,taem_success_latched;taem_reached_ever;taem_reached_event;taem_reached,False,close_pass_escape,True,5818,5820,6,True,True,
outputs\logging_audit_B5D_input_stage\audit_input_00207.csv,2,5817,global_t,height;velocity;s_go,True,True,True,True,True,True,taem_dwell_reached,True,True,taem_success_latched;taem_reached_ever;taem_reached_event;taem_reached,False,close_pass_escape,True,5808,5810,5,True,True,
outputs\logging_audit_B5D_input_stage\audit_input_00208.csv,0,5849,global_t,height;velocity;s_go,True,True,True,True,True,True,taem_dwell_reached,True,True,taem_success_latched;taem_reached_ever;taem_reached_event;taem_reached,False,close_pass_escape,True,5840,5842,6,True,True,
outputs\logging_audit_B5D_input_stage\audit_input_00208.csv,1,5827,global_t,height;velocity;s_go,True,True,True,True,True,True,taem_dwell_reached,True,True,taem_success_latched;taem_reached_ever;taem_reached_event;taem_reached,False,close_pass_escape,True,5819,5821,5,True,True,
outputs\logging_audit_B5D_input_stage\audit_input_00208.csv,2,5819,global_t,height;velocity;s_go,True,True,True,True,True,True,taem_dwell_reached,True,True,taem_success_latched;taem_reached_ever;taem_reached_event;taem_reached,False,close_pass_escape,True,5810,5812,5,True,True,
outputs\logging_audit_B5D_input_stage\audit_input_00209.csv,0,5862,global_t,height;velocity;s_go,True,True,True,True,True,True,taem_dwell_reached,True,True,taem_success_latched;taem_reached_ever;taem_reached_event;taem_reached,False,close_pass_escape,True,5854,5856,5,True,True,
outputs\logging_audit_B5D_input_stage\audit_input_00209.csv,1,5833,global_t,height;velocity;s_go,True,True,True,True,True,True,taem_dwell_reached,True,True,taem_success_latched;taem_reached_ever;taem_reached_event;taem_reached,False,close_pass_escape,True,5825,5827,5,True,True,
outputs\logging_audit_B5D_input_stage\audit_input_00209.csv,2,5804,global_t,height;velocity;s_go,True,True,True,True,True,True,taem_dwell_reached,True,True,taem_success_latched;taem_reached_ever;taem_reached_event;taem_reached,False,close_pass_escape,True,5796,5798,5,True,True,
outputs\logging_audit_B5D_input_stage\audit_input_00210.csv,0,5869,global_t,height;velocity;s_go,True,True,True,True,True,True,taem_dwell_reached,True,True,taem_success_latched;taem_reached_ever;taem_reached_event;taem_reached,False,close_pass_escape,True,5861,5863,5,True,True,
outputs\logging_audit_B5D_input_stage\audit_input_00210.csv,1,5832,global_t,height;velocity;s_go,True,True,True,True,True,True,taem_dwell_reached,True,True,taem_success_latched;taem_reached_ever;taem_reached_event;taem_reached,False,close_pass_escape,True,5823,5825,5,True,True,
outputs\logging_audit_B5D_input_stage\audit_input_00210.csv,2,5819,global_t,height;velocity;s_go,True,True,True,True,True,True,taem_dwell_reached,True,True,taem_success_latched;taem_reached_ever;taem_reached_event;taem_reached,False,close_pass_escape,True,5810,5812,5,True,True,
outputs\logging_audit_B5D_input_stage\audit_input_00211.csv,0,5852,global_t,height;velocity;s_go,True,True,True,True,True,True,taem_dwell_reached,True,True,taem_success_latched;taem_reached_ever;taem_reached_event;taem_reached,False,close_pass_escape,True,5844,5846,5,True,True,
outputs\logging_audit_B5D_input_stage\audit_input_00211.csv,1,5843,global_t,height;velocity;s_go,True,True,True,True,True,True,taem_dwell_reached,True,True,taem_success_latched;taem_reached_ever;taem_reached_event;taem_reached,False,close_pass_escape,True,5834,5836,5,True,True,
outputs\logging_audit_B5D_input_stage\audit_input_00211.csv,2,5812,global_t,height;velocity;s_go,True,True,True,True,True,True,taem_dwell_reached,True,True,taem_success_latched;taem_reached_ever;taem_reached_event;taem_reached,False,close_pass_escape,True,5803,5805,5,True,True,
outputs\logging_audit_B5D_input_stage\audit_input_00212.csv,0,5847,global_t,height;velocity;s_go,True,True,True,True,True,True,taem_dwell_reached,True,True,taem_success_latched;taem_reached_ever;taem_reached_event;taem_reached,False,close_pass_escape,True,5839,5841,5,True,True,
outputs\logging_audit_B5D_input_stage\audit_input_00212.csv,1,5842,global_t,height;velocity;s_go,True,True,True,True,True,True,taem_dwell_reached,True,True,taem_success_latched;taem_reached_ever;taem_reached_event;taem_reached,False,close_pass_escape,True,5834,5836,5,True,True,
outputs\logging_audit_B5D_input_stage\audit_input_00212.csv,2,5810,global_t,height;velocity;s_go,True,True,True,True,True,True,taem_dwell_reached,True,True,taem_success_latched;taem_reached_ever;taem_reached_event;taem_reached,False,close_pass_escape,True,5802,5804,5,True,True,
outputs\logging_audit_B5D_input_stage\audit_input_00213.csv,0,5865,global_t,height;velocity;s_go,True,True,True,True,True,True,taem_dwell_reached,True,True,taem_success_latched;taem_reached_ever;taem_reached_event;taem_reached,False,close_pass_escape,True,5857,5859,5,True,True,
outputs\logging_audit_B5D_input_stage\audit_input_00213.csv,1,5829,global_t,height;velocity;s_go,True,True,True,True,True,True,taem_dwell_reached,True,True,taem_success_latched;taem_reached_ever;taem_reached_event;taem_reached,False,close_pass_escape,True,5821,5823,5,True,True,
outputs\logging_audit_B5D_input_stage\audit_input_00213.csv,2,5815,global_t,height;velocity;s_go,True,True,True,True,True,True,taem_dwell_reached,True,True,taem_success_latched;taem_reached_ever;taem_reached_event;taem_reached,False,close_pass_escape,True,5806,5808,5,True,True,
outputs\logging_audit_B5D_input_stage\audit_input_00214.csv,0,5857,global_t,height;velocity;s_go,True,True,True,True,True,True,taem_dwell_reached,True,True,taem_success_latched;taem_reached_ever;taem_reached_event;taem_reached,False,close_pass_escape,True,5849,5851,5,True,True,
outputs\logging_audit_B5D_input_stage\audit_input_00214.csv,1,5832,global_t,height;velocity;s_go,True,True,True,True,True,True,taem_dwell_reached,True,True,taem_success_latched;taem_reached_ever;taem_reached_event;taem_reached,False,close_pass_escape,True,5824,5826,5,True,True,
outputs\logging_audit_B5D_input_stage\audit_input_00214.csv,2,5815,global_t,height;velocity;s_go,True,True,True,True,True,True,taem_dwell_reached,True,True,taem_success_latched;taem_reached_ever;taem_reached_event;taem_reached,False,close_pass_escape,True,5807,5809,5,True,True,
outputs\logging_audit_B5D_input_stage\audit_input_00215.csv,0,5839,global_t,height;velocity;s_go,True,True,True,True,True,True,taem_dwell_reached,True,True,taem_success_latched;taem_reached_ever;taem_reached_event;taem_reached,False,close_pass_escape,True,5831,5833,5,True,True,
outputs\logging_audit_B5D_input_stage\audit_input_00215.csv,1,5837,global_t,height;velocity;s_go,True,True,True,True,True,True,taem_dwell_reached,True,True,taem_success_latched;taem_reached_ever;taem_reached_event;taem_reached,False,close_pass_escape,True,5829,5831,5,True,True,
outputs\logging_audit_B5D_input_stage\audit_input_00215.csv,2,5819,global_t,height;velocity;s_go,True,True,True,True,True,True,taem_dwell_reached,True,True,taem_success_latched;taem_reached_ever;taem_reached_event;taem_reached,False,close_pass_escape,True,5811,5813,5,True,True,
outputs\logging_audit_B5D_input_stage\audit_input_00216.csv,0,5858,global_t,height;velocity;s_go,True,True,True,True,True,True,taem_dwell_reached,True,True,taem_success_latched;taem_reached_ever;taem_reached_event;taem_reached,False,close_pass_escape,True,5849,5851,5,True,True,
outputs\logging_audit_B5D_input_stage\audit_input_00216.csv,1,5839,global_t,height;velocity;s_go,True,True,True,True,True,True,taem_dwell_reached,True,True,taem_success_latched;taem_reached_ever;taem_reached_event;taem_reached,False,close_pass_escape,True,5830,5832,5,True,True,
outputs\logging_audit_B5D_input_stage\audit_input_00216.csv,2,5820,global_t,height;velocity;s_go,True,True,True,True,True,True,taem_dwell_reached,True,True,taem_success_latched;taem_reached_ever;taem_reached_event;taem_reached,False,close_pass_escape,True,5810,5812,5,True,True,
outputs\logging_audit_B5D_input_stage\audit_input_00217.csv,0,5855,global_t,height;velocity;s_go,True,True,True,True,True,True,taem_dwell_reached,True,True,taem_success_latched;taem_reached_ever;taem_reached_event;taem_reached,False,close_pass_escape,True,5847,5849,6,True,True,
outputs\logging_audit_B5D_input_stage\audit_input_00217.csv,1,5825,global_t,height;velocity;s_go,True,True,True,True,True,True,taem_dwell_reached,True,True,taem_success_latched;taem_reached_ever;taem_reached_event;taem_reached,False,close_pass_escape,True,5817,5819,6,True,True,
outputs\logging_audit_B5D_input_stage\audit_input_00217.csv,2,5803,global_t,height;velocity;s_go,True,True,True,True,True,True,taem_dwell_reached,True,True,taem_success_latched;taem_reached_ever;taem_reached_event;taem_reached,False,close_pass_escape,True,5795,5797,5,True,True,
outputs\logging_audit_B5D_input_stage\audit_input_00218.csv,0,5866,global_t,height;velocity;s_go,True,True,True,True,True,True,taem_dwell_reached,True,True,taem_success_latched;taem_reached_ever;taem_reached_event;taem_reached,False,close_pass_escape,True,5858,5860,5,True,True,
outputs\logging_audit_B5D_input_stage\audit_input_00218.csv,1,5836,global_t,height;velocity;s_go,True,True,True,True,True,True,taem_dwell_reached,True,True,taem_success_latched;taem_reached_ever;taem_reached_event;taem_reached,False,close_pass_escape,True,5828,5830,5,True,True,
outputs\logging_audit_B5D_input_stage\audit_input_00218.csv,2,5824,global_t,height;velocity;s_go,True,True,True,True,True,True,taem_dwell_reached,True,True,taem_success_latched;taem_reached_ever;taem_reached_event;taem_reached,False,close_pass_escape,True,5815,5817,5,True,True,
outputs\logging_audit_B5D_input_stage\audit_input_00219.csv,0,5857,global_t,height;velocity;s_go,True,True,True,True,True,True,taem_dwell_reached,True,True,taem_success_latched;taem_reached_ever;taem_reached_event;taem_reached,False,close_pass_escape,True,5849,5851,5,True,True,
outputs\logging_audit_B5D_input_stage\audit_input_00219.csv,1,5836,global_t,height;velocity;s_go,True,True,True,True,True,True,taem_dwell_reached,True,True,taem_success_latched;taem_reached_ever;taem_reached_event;taem_reached,False,close_pass_escape,True,5827,5829,5,True,True,
outputs\logging_audit_B5D_input_stage\audit_input_00219.csv,2,5820,global_t,height;velocity;s_go,True,True,True,True,True,True,taem_dwell_reached,True,True,taem_success_latched;taem_reached_ever;taem_reached_event;taem_reached,False,close_pass_escape,True,5811,5813,5,True,True,
outputs\logging_audit_B5D_input_stage\audit_input_00220.csv,0,5858,global_t,height;velocity;s_go,True,True,True,True,True,True,taem_dwell_reached,True,True,taem_success_latched;taem_reached_ever;taem_reached_event;taem_reached,False,close_pass_escape,True,5850,5852,5,True,True,
outputs\logging_audit_B5D_input_stage\audit_input_00220.csv,1,5829,global_t,height;velocity;s_go,True,True,True,True,True,True,taem_dwell_reached,True,True,taem_success_latched;taem_reached_ever;taem_reached_event;taem_reached,False,close_pass_escape,True,5821,5823,5,True,True,
outputs\logging_audit_B5D_input_stage\audit_input_00220.csv,2,5817,global_t,height;velocity;s_go,True,True,True,True,True,True,taem_dwell_reached,True,True,taem_success_latched;taem_reached_ever;taem_reached_event;taem_reached,False,close_pass_escape,True,5808,5810,5,True,True,
outputs\logging_audit_B5D_input_stage\audit_input_00221.csv,0,5910,global_t,height;velocity;s_go,True,True,True,True,True,True,close_pass_escape,False,False,taem_success_latched;taem_reached_ever;taem_reached_event;taem_reached,True,close_pass_escape,False,,,0,True,False,
outputs\logging_audit_B5D_input_stage\audit_input_00221.csv,1,5822,global_t,height;velocity;s_go,True,True,True,True,True,True,taem_dwell_reached,True,True,taem_success_latched;taem_reached_ever;taem_reached_event;taem_reached,False,close_pass_escape,True,5814,5816,5,True,True,
outputs\logging_audit_B5D_input_stage\audit_input_00221.csv,2,5805,global_t,height;velocity;s_go,True,True,True,True,True,True,taem_dwell_reached,True,True,taem_success_latched;taem_reached_ever;taem_reached_event;taem_reached,False,close_pass_escape,True,5797,5799,5,True,True,
outputs\logging_audit_B5D_input_stage\audit_input_00222.csv,0,5857,global_t,height;velocity;s_go,True,True,True,True,True,True,taem_dwell_reached,True,True,taem_success_latched;taem_reached_ever;taem_reached_event;taem_reached,False,close_pass_escape,True,5849,5851,6,True,True,
outputs\logging_audit_B5D_input_stage\audit_input_00222.csv,1,5830,global_t,height;velocity;s_go,True,True,True,True,True,True,taem_dwell_reached,True,True,taem_success_latched;taem_reached_ever;taem_reached_event;taem_reached,False,close_pass_escape,True,5822,5824,5,True,True,
outputs\logging_audit_B5D_input_stage\audit_input_00222.csv,2,5820,global_t,height;velocity;s_go,True,True,True,True,True,True,taem_dwell_reached,True,True,taem_success_latched;taem_reached_ever;taem_reached_event;taem_reached,False,close_pass_escape,True,5812,5814,5,True,True,
outputs\logging_audit_B5D_input_stage\audit_input_00223.csv,0,5858,global_t,height;velocity;s_go,True,True,True,True,True,True,taem_dwell_reached,True,True,taem_success_latched;taem_reached_ever;taem_reached_event;taem_reached,False,close_pass_escape,True,5850,5852,6,True,True,
outputs\logging_audit_B5D_input_stage\audit_input_00223.csv,1,5829,global_t,height;velocity;s_go,True,True,True,True,True,True,taem_dwell_reached,True,True,taem_success_latched;taem_reached_ever;taem_reached_event;taem_reached,False,close_pass_escape,True,5822,5824,5,True,True,
outputs\logging_audit_B5D_input_stage\audit_input_00223.csv,2,5817,global_t,height;velocity;s_go,True,True,True,True,True,True,taem_dwell_reached,True,True,taem_success_latched;taem_reached_ever;taem_reached_event;taem_reached,False,close_pass_escape,True,5809,5811,6,True,True,
outputs\logging_audit_B5D_input_stage\audit_input_00224.csv,0,5843,global_t,height;velocity;s_go,True,True,True,True,True,True,taem_dwell_reached,True,True,taem_success_latched;taem_reached_ever;taem_reached_event;taem_reached,False,close_pass_escape,True,5835,5837,5,True,True,
outputs\logging_audit_B5D_input_stage\audit_input_00224.csv,1,5834,global_t,height;velocity;s_go,True,True,True,True,True,True,taem_dwell_reached,True,True,taem_success_latched;taem_reached_ever;taem_reached_event;taem_reached,False,close_pass_escape,True,5826,5828,5,True,True,
outputs\logging_audit_B5D_input_stage\audit_input_00224.csv,2,5803,global_t,height;velocity;s_go,True,True,True,True,True,True,taem_dwell_reached,True,True,taem_success_latched;taem_reached_ever;taem_reached_event;taem_reached,False,close_pass_escape,True,5795,5797,5,True,True,
outputs\logging_audit_B5D_input_stage\audit_input_00225.csv,0,5849,global_t,height;velocity;s_go,True,True,True,True,True,True,taem_dwell_reached,True,True,taem_success_latched;taem_reached_ever;taem_reached_event;taem_reached,False,close_pass_escape,True,5841,5843,6,True,True,
outputs\logging_audit_B5D_input_stage\audit_input_00225.csv,1,5837,global_t,height;velocity;s_go,True,True,True,True,True,True,taem_dwell_reached,True,True,taem_success_latched;taem_reached_ever;taem_reached_event;taem_reached,False,close_pass_escape,True,5829,5831,6,True,True,
outputs\logging_audit_B5D_input_stage\audit_input_00225.csv,2,5812,global_t,height;velocity;s_go,True,True,True,True,True,True,taem_dwell_reached,True,True,taem_success_latched;taem_reached_ever;taem_reached_event;taem_reached,False,close_pass_escape,True,5804,5806,5,True,True,
outputs\logging_audit_B5D_input_stage\audit_input_00226.csv,0,5856,global_t,height;velocity;s_go,True,True,True,True,True,True,taem_dwell_reached,True,True,taem_success_latched;taem_reached_ever;taem_reached_event;taem_reached,False,close_pass_escape,True,5848,5850,6,True,True,
outputs\logging_audit_B5D_input_stage\audit_input_00226.csv,1,5840,global_t,height;velocity;s_go,True,True,True,True,True,True,taem_dwell_reached,True,True,taem_success_latched;taem_reached_ever;taem_reached_event;taem_reached,False,close_pass_escape,True,5832,5834,5,True,True,
outputs\logging_audit_B5D_input_stage\audit_input_00226.csv,2,5822,global_t,height;velocity;s_go,True,True,True,True,True,True,taem_dwell_reached,True,True,taem_success_latched;taem_reached_ever;taem_reached_event;taem_reached,False,close_pass_escape,True,5814,5816,5,True,True,
outputs\logging_audit_B5D_input_stage\audit_input_00227.csv,0,5851,global_t,height;velocity;s_go,True,True,True,True,True,True,taem_dwell_reached,True,True,taem_success_latched;taem_reached_ever;taem_reached_event;taem_reached,False,close_pass_escape,True,5843,5845,5,True,True,
outputs\logging_audit_B5D_input_stage\audit_input_00227.csv,1,5829,global_t,height;velocity;s_go,True,True,True,True,True,True,taem_dwell_reached,True,True,taem_success_latched;taem_reached_ever;taem_reached_event;taem_reached,False,close_pass_escape,True,5820,5822,5,True,True,
outputs\logging_audit_B5D_input_stage\audit_input_00227.csv,2,5805,global_t,height;velocity;s_go,True,True,True,True,True,True,taem_dwell_reached,True,True,taem_success_latched;taem_reached_ever;taem_reached_event;taem_reached,False,close_pass_escape,True,5796,5798,5,True,True,
outputs\logging_audit_B5D_input_stage\audit_input_00228.csv,0,5857,global_t,height;velocity;s_go,True,True,True,True,True,True,taem_dwell_reached,True,True,taem_success_latched;taem_reached_ever;taem_reached_event;taem_reached,False,close_pass_escape,True,5849,5851,6,True,True,
outputs\logging_audit_B5D_input_stage\audit_input_00228.csv,1,5834,global_t,height;velocity;s_go,True,True,True,True,True,True,taem_dwell_reached,True,True,taem_success_latched;taem_reached_ever;taem_reached_event;taem_reached,False,close_pass_escape,True,5826,5828,5,True,True,
outputs\logging_audit_B5D_input_stage\audit_input_00228.csv,2,5824,global_t,height;velocity;s_go,True,True,True,True,True,True,taem_dwell_reached,True,True,taem_success_latched;taem_reached_ever;taem_reached_event;taem_reached,False,close_pass_escape,True,5816,5818,5,True,True,
outputs\logging_audit_B5D_input_stage\audit_input_00229.csv,0,5849,global_t,height;velocity;s_go,True,True,True,True,True,True,taem_dwell_reached,True,True,taem_success_latched;taem_reached_ever;taem_reached_event;taem_reached,False,close_pass_escape,True,5841,5843,6,True,True,
outputs\logging_audit_B5D_input_stage\audit_input_00229.csv,1,5826,global_t,height;velocity;s_go,True,True,True,True,True,True,taem_dwell_reached,True,True,taem_success_latched;taem_reached_ever;taem_reached_event;taem_reached,False,close_pass_escape,True,5817,5819,6,True,True,
outputs\logging_audit_B5D_input_stage\audit_input_00229.csv,2,5810,global_t,height;velocity;s_go,True,True,True,True,True,True,taem_dwell_reached,True,True,taem_success_latched;taem_reached_ever;taem_reached_event;taem_reached,False,close_pass_escape,True,5802,5804,5,True,True,
outputs\logging_audit_B5D_input_stage\audit_input_00230.csv,0,5855,global_t,height;velocity;s_go,True,True,True,True,True,True,taem_dwell_reached,True,True,taem_success_latched;taem_reached_ever;taem_reached_event;taem_reached,False,close_pass_escape,True,5846,5848,5,True,True,
outputs\logging_audit_B5D_input_stage\audit_input_00230.csv,1,5823,global_t,height;velocity;s_go,True,True,True,True,True,True,taem_dwell_reached,True,True,taem_success_latched;taem_reached_ever;taem_reached_event;taem_reached,False,close_pass_escape,True,5814,5816,5,True,True,
outputs\logging_audit_B5D_input_stage\audit_input_00230.csv,2,5809,global_t,height;velocity;s_go,True,True,True,True,True,True,taem_dwell_reached,True,True,taem_success_latched;taem_reached_ever;taem_reached_event;taem_reached,False,close_pass_escape,True,5800,5802,5,True,True,
outputs\logging_audit_B5D_input_stage\audit_input_00231.csv,0,5852,global_t,height;velocity;s_go,True,True,True,True,True,True,taem_dwell_reached,True,True,taem_success_latched;taem_reached_ever;taem_reached_event;taem_reached,False,close_pass_escape,True,5844,5846,5,True,True,
outputs\logging_audit_B5D_input_stage\audit_input_00231.csv,1,5834,global_t,height;velocity;s_go,True,True,True,True,True,True,taem_dwell_reached,True,True,taem_success_latched;taem_reached_ever;taem_reached_event;taem_reached,False,close_pass_escape,True,5825,5827,5,True,True,
outputs\logging_audit_B5D_input_stage\audit_input_00231.csv,2,5812,global_t,height;velocity;s_go,True,True,True,True,True,True,taem_dwell_reached,True,True,taem_success_latched;taem_reached_ever;taem_reached_event;taem_reached,False,close_pass_escape,True,5804,5806,5,True,True,
outputs\logging_audit_B5D_input_stage\audit_input_00232.csv,0,5839,global_t,height;velocity;s_go,True,True,True,True,True,True,taem_dwell_reached,True,True,taem_success_latched;taem_reached_ever;taem_reached_event;taem_reached,False,close_pass_escape,True,5831,5833,5,True,True,
outputs\logging_audit_B5D_input_stage\audit_input_00232.csv,1,5832,global_t,height;velocity;s_go,True,True,True,True,True,True,taem_dwell_reached,True,True,taem_success_latched;taem_reached_ever;taem_reached_event;taem_reached,False,close_pass_escape,True,5823,5825,5,True,True,
outputs\logging_audit_B5D_input_stage\audit_input_00232.csv,2,5808,global_t,height;velocity;s_go,True,True,True,True,True,True,taem_dwell_reached,True,True,taem_success_latched;taem_reached_ever;taem_reached_event;taem_reached,False,close_pass_escape,True,5800,5802,4,True,True,
outputs\logging_audit_B5D_input_stage\audit_input_00233.csv,0,5851,global_t,height;velocity;s_go,True,True,True,True,True,True,taem_dwell_reached,True,True,taem_success_latched;taem_reached_ever;taem_reached_event;taem_reached,False,close_pass_escape,True,5843,5845,6,True,True,
outputs\logging_audit_B5D_input_stage\audit_input_00233.csv,1,5828,global_t,height;velocity;s_go,True,True,True,True,True,True,taem_dwell_reached,True,True,taem_success_latched;taem_reached_ever;taem_reached_event;taem_reached,False,close_pass_escape,True,5820,5822,6,True,True,
outputs\logging_audit_B5D_input_stage\audit_input_00233.csv,2,5808,global_t,height;velocity;s_go,True,True,True,True,True,True,taem_dwell_reached,True,True,taem_success_latched;taem_reached_ever;taem_reached_event;taem_reached,False,close_pass_escape,True,5800,5802,5,True,True,
outputs\logging_audit_B5D_input_stage\audit_input_00234.csv,0,5859,global_t,height;velocity;s_go,True,True,True,True,True,True,taem_dwell_reached,True,True,taem_success_latched;taem_reached_ever;taem_reached_event;taem_reached,False,close_pass_escape,True,5851,5853,5,True,True,
outputs\logging_audit_B5D_input_stage\audit_input_00234.csv,1,5829,global_t,height;velocity;s_go,True,True,True,True,True,True,taem_dwell_reached,True,True,taem_success_latched;taem_reached_ever;taem_reached_event;taem_reached,False,close_pass_escape,True,5821,5823,5,True,True,
outputs\logging_audit_B5D_input_stage\audit_input_00234.csv,2,5817,global_t,height;velocity;s_go,True,True,True,True,True,True,taem_dwell_reached,True,True,taem_success_latched;taem_reached_ever;taem_reached_event;taem_reached,False,close_pass_escape,True,5808,5810,5,True,True,
outputs\logging_audit_B5D_input_stage\audit_input_00235.csv,0,5858,global_t,height;velocity;s_go,True,True,True,True,True,True,taem_dwell_reached,True,True,taem_success_latched;taem_reached_ever;taem_reached_event;taem_reached,False,close_pass_escape,True,5850,5852,6,True,True,
outputs\logging_audit_B5D_input_stage\audit_input_00235.csv,1,5829,global_t,height;velocity;s_go,True,True,True,True,True,True,taem_dwell_reached,True,True,taem_success_latched;taem_reached_ever;taem_reached_event;taem_reached,False,close_pass_escape,True,5821,5823,6,True,True,
outputs\logging_audit_B5D_input_stage\audit_input_00235.csv,2,5809,global_t,height;velocity;s_go,True,True,True,True,True,True,taem_dwell_reached,True,True,taem_success_latched;taem_reached_ever;taem_reached_event;taem_reached,False,close_pass_escape,True,5801,5803,5,True,True,
outputs\logging_audit_B5D_input_stage\audit_input_00236.csv,0,5857,global_t,height;velocity;s_go,True,True,True,True,True,True,taem_dwell_reached,True,True,taem_success_latched;taem_reached_ever;taem_reached_event;taem_reached,False,close_pass_escape,True,5849,5851,6,True,True,
outputs\logging_audit_B5D_input_stage\audit_input_00236.csv,1,5820,global_t,height;velocity;s_go,True,True,True,True,True,True,taem_dwell_reached,True,True,taem_success_latched;taem_reached_ever;taem_reached_event;taem_reached,False,close_pass_escape,True,5812,5814,5,True,True,
outputs\logging_audit_B5D_input_stage\audit_input_00236.csv,2,5829,global_t,height;velocity;s_go,True,True,True,True,True,True,taem_dwell_reached,True,True,taem_success_latched;taem_reached_ever;taem_reached_event;taem_reached,False,close_pass_escape,True,5821,5823,5,True,True,
outputs\logging_audit_B5D_input_stage\audit_input_00237.csv,0,5858,global_t,height;velocity;s_go,True,True,True,True,True,True,taem_dwell_reached,True,True,taem_success_latched;taem_reached_ever;taem_reached_event;taem_reached,False,close_pass_escape,True,5850,5852,6,True,True,
outputs\logging_audit_B5D_input_stage\audit_input_00237.csv,1,5835,global_t,height;velocity;s_go,True,True,True,True,True,True,taem_dwell_reached,True,True,taem_success_latched;taem_reached_ever;taem_reached_event;taem_reached,False,close_pass_escape,True,5826,5828,6,True,True,
outputs\logging_audit_B5D_input_stage\audit_input_00237.csv,2,5823,global_t,height;velocity;s_go,True,True,True,True,True,True,taem_dwell_reached,True,True,taem_success_latched;taem_reached_ever;taem_reached_event;taem_reached,False,close_pass_escape,True,5815,5817,5,True,True,
outputs\logging_audit_B5D_input_stage\audit_input_00238.csv,0,5859,global_t,height;velocity;s_go,True,True,True,True,True,True,taem_dwell_reached,True,True,taem_success_latched;taem_reached_ever;taem_reached_event;taem_reached,False,close_pass_escape,True,5851,5853,5,True,True,
outputs\logging_audit_B5D_input_stage\audit_input_00238.csv,1,5844,global_t,height;velocity;s_go,True,True,True,True,True,True,taem_dwell_reached,True,True,taem_success_latched;taem_reached_ever;taem_reached_event;taem_reached,False,close_pass_escape,True,5836,5838,5,True,True,
outputs\logging_audit_B5D_input_stage\audit_input_00238.csv,2,5814,global_t,height;velocity;s_go,True,True,True,True,True,True,taem_dwell_reached,True,True,taem_success_latched;taem_reached_ever;taem_reached_event;taem_reached,False,close_pass_escape,True,5805,5807,5,True,True,
outputs\logging_audit_B5D_input_stage\audit_input_00239.csv,0,5860,global_t,height;velocity;s_go,True,True,True,True,True,True,taem_dwell_reached,True,True,taem_success_latched;taem_reached_ever;taem_reached_event;taem_reached,False,close_pass_escape,True,5851,5853,6,True,True,
outputs\logging_audit_B5D_input_stage\audit_input_00239.csv,1,5843,global_t,height;velocity;s_go,True,True,True,True,True,True,taem_dwell_reached,True,True,taem_success_latched;taem_reached_ever;taem_reached_event;taem_reached,False,close_pass_escape,True,5835,5837,5,True,True,
outputs\logging_audit_B5D_input_stage\audit_input_00239.csv,2,5805,global_t,height;velocity;s_go,True,True,True,True,True,True,taem_dwell_reached,True,True,taem_success_latched;taem_reached_ever;taem_reached_event;taem_reached,False,close_pass_escape,True,5797,5799,4,True,True,
outputs\logging_audit_B5D_input_stage\audit_input_00240.csv,0,5851,global_t,height;velocity;s_go,True,True,True,True,True,True,taem_dwell_reached,True,True,taem_success_latched;taem_reached_ever;taem_reached_event;taem_reached,False,close_pass_escape,True,5842,5844,6,True,True,
outputs\logging_audit_B5D_input_stage\audit_input_00240.csv,1,5839,global_t,height;velocity;s_go,True,True,True,True,True,True,taem_dwell_reached,True,True,taem_success_latched;taem_reached_ever;taem_reached_event;taem_reached,False,close_pass_escape,True,5831,5833,5,True,True,
outputs\logging_audit_B5D_input_stage\audit_input_00240.csv,2,5809,global_t,height;velocity;s_go,True,True,True,True,True,True,taem_dwell_reached,True,True,taem_success_latched;taem_reached_ever;taem_reached_event;taem_reached,False,close_pass_escape,True,5800,5802,5,True,True,
outputs\logging_audit_B5D_input_stage\audit_input_00241.csv,0,5867,global_t,height;velocity;s_go,True,True,True,True,True,True,taem_dwell_reached,True,True,taem_success_latched;taem_reached_ever;taem_reached_event;taem_reached,False,close_pass_escape,True,5859,5861,5,True,True,
outputs\logging_audit_B5D_input_stage\audit_input_00241.csv,1,5833,global_t,height;velocity;s_go,True,True,True,True,True,True,taem_dwell_reached,True,True,taem_success_latched;taem_reached_ever;taem_reached_event;taem_reached,False,close_pass_escape,True,5825,5827,5,True,True,
outputs\logging_audit_B5D_input_stage\audit_input_00241.csv,2,5814,global_t,height;velocity;s_go,True,True,True,True,True,True,taem_dwell_reached,True,True,taem_success_latched;taem_reached_ever;taem_reached_event;taem_reached,False,close_pass_escape,True,5806,5808,5,True,True,
outputs\logging_audit_B5D_input_stage\audit_input_00242.csv,0,5849,global_t,height;velocity;s_go,True,True,True,True,True,True,taem_dwell_reached,True,True,taem_success_latched;taem_reached_ever;taem_reached_event;taem_reached,False,close_pass_escape,True,5841,5843,6,True,True,
outputs\logging_audit_B5D_input_stage\audit_input_00242.csv,1,5834,global_t,height;velocity;s_go,True,True,True,True,True,True,taem_dwell_reached,True,True,taem_success_latched;taem_reached_ever;taem_reached_event;taem_reached,False,close_pass_escape,True,5826,5828,5,True,True,
outputs\logging_audit_B5D_input_stage\audit_input_00242.csv,2,5816,global_t,height;velocity;s_go,True,True,True,True,True,True,taem_dwell_reached,True,True,taem_success_latched;taem_reached_ever;taem_reached_event;taem_reached,False,close_pass_escape,True,5808,5810,5,True,True,
outputs\logging_audit_B5D_input_stage\audit_input_00243.csv,0,5851,global_t,height;velocity;s_go,True,True,True,True,True,True,taem_dwell_reached,True,True,taem_success_latched;taem_reached_ever;taem_reached_event;taem_reached,False,close_pass_escape,True,5842,5844,6,True,True,
outputs\logging_audit_B5D_input_stage\audit_input_00243.csv,1,5830,global_t,height;velocity;s_go,True,True,True,True,True,True,taem_dwell_reached,True,True,taem_success_latched;taem_reached_ever;taem_reached_event;taem_reached,False,close_pass_escape,True,5822,5824,5,True,True,
outputs\logging_audit_B5D_input_stage\audit_input_00243.csv,2,5821,global_t,height;velocity;s_go,True,True,True,True,True,True,taem_dwell_reached,True,True,taem_success_latched;taem_reached_ever;taem_reached_event;taem_reached,False,close_pass_escape,True,5813,5815,4,True,True,
outputs\logging_audit_B5D_input_stage\audit_input_00244.csv,0,5847,global_t,height;velocity;s_go,True,True,True,True,True,True,taem_dwell_reached,True,True,taem_success_latched;taem_reached_ever;taem_reached_event;taem_reached,False,close_pass_escape,True,5839,5841,5,True,True,
outputs\logging_audit_B5D_input_stage\audit_input_00244.csv,1,5848,global_t,height;velocity;s_go,True,True,True,True,True,True,taem_dwell_reached,True,True,taem_success_latched;taem_reached_ever;taem_reached_event;taem_reached,False,close_pass_escape,True,5839,5841,5,True,True,
outputs\logging_audit_B5D_input_stage\audit_input_00244.csv,2,5814,global_t,height;velocity;s_go,True,True,True,True,True,True,taem_dwell_reached,True,True,taem_success_latched;taem_reached_ever;taem_reached_event;taem_reached,False,close_pass_escape,True,5805,5807,5,True,True,
outputs\logging_audit_B5D_input_stage\audit_input_00245.csv,0,5853,global_t,height;velocity;s_go,True,True,True,True,True,True,taem_dwell_reached,True,True,taem_success_latched;taem_reached_ever;taem_reached_event;taem_reached,False,close_pass_escape,True,5845,5847,6,True,True,
outputs\logging_audit_B5D_input_stage\audit_input_00245.csv,1,5823,global_t,height;velocity;s_go,True,True,True,True,True,True,taem_dwell_reached,True,True,taem_success_latched;taem_reached_ever;taem_reached_event;taem_reached,False,close_pass_escape,True,5815,5817,5,True,True,
outputs\logging_audit_B5D_input_stage\audit_input_00245.csv,2,5812,global_t,height;velocity;s_go,True,True,True,True,True,True,taem_dwell_reached,True,True,taem_success_latched;taem_reached_ever;taem_reached_event;taem_reached,False,close_pass_escape,True,5803,5805,6,True,True,
outputs\logging_audit_B5D_input_stage\audit_input_00246.csv,0,5861,global_t,height;velocity;s_go,True,True,True,True,True,True,taem_dwell_reached,True,True,taem_success_latched;taem_reached_ever;taem_reached_event;taem_reached,False,close_pass_escape,True,5853,5855,5,True,True,
outputs\logging_audit_B5D_input_stage\audit_input_00246.csv,1,5831,global_t,height;velocity;s_go,True,True,True,True,True,True,taem_dwell_reached,True,True,taem_success_latched;taem_reached_ever;taem_reached_event;taem_reached,False,close_pass_escape,True,5823,5825,5,True,True,
outputs\logging_audit_B5D_input_stage\audit_input_00246.csv,2,5811,global_t,height;velocity;s_go,True,True,True,True,True,True,taem_dwell_reached,True,True,taem_success_latched;taem_reached_ever;taem_reached_event;taem_reached,False,close_pass_escape,True,5803,5805,5,True,True,
outputs\logging_audit_B5D_input_stage\audit_input_00247.csv,0,5854,global_t,height;velocity;s_go,True,True,True,True,True,True,taem_dwell_reached,True,True,taem_success_latched;taem_reached_ever;taem_reached_event;taem_reached,False,close_pass_escape,True,5846,5848,5,True,True,
outputs\logging_audit_B5D_input_stage\audit_input_00247.csv,1,5821,global_t,height;velocity;s_go,True,True,True,True,True,True,taem_dwell_reached,True,True,taem_success_latched;taem_reached_ever;taem_reached_event;taem_reached,False,close_pass_escape,True,5813,5815,5,True,True,
outputs\logging_audit_B5D_input_stage\audit_input_00247.csv,2,5814,global_t,height;velocity;s_go,True,True,True,True,True,True,taem_dwell_reached,True,True,taem_success_latched;taem_reached_ever;taem_reached_event;taem_reached,False,close_pass_escape,True,5806,5808,5,True,True,
outputs\logging_audit_B5D_input_stage\audit_input_00248.csv,0,5846,global_t,height;velocity;s_go,True,True,True,True,True,True,taem_dwell_reached,True,True,taem_success_latched;taem_reached_ever;taem_reached_event;taem_reached,False,close_pass_escape,True,5837,5839,5,True,True,
outputs\logging_audit_B5D_input_stage\audit_input_00248.csv,1,5836,global_t,height;velocity;s_go,True,True,True,True,True,True,taem_dwell_reached,True,True,taem_success_latched;taem_reached_ever;taem_reached_event;taem_reached,False,close_pass_escape,True,5827,5829,5,True,True,
outputs\logging_audit_B5D_input_stage\audit_input_00248.csv,2,5819,global_t,height;velocity;s_go,True,True,True,True,True,True,taem_dwell_reached,True,True,taem_success_latched;taem_reached_ever;taem_reached_event;taem_reached,False,close_pass_escape,True,5810,5812,5,True,True,
outputs\logging_audit_B5D_input_stage\audit_input_00249.csv,0,5847,global_t,height;velocity;s_go,True,True,True,True,True,True,taem_dwell_reached,True,True,taem_success_latched;taem_reached_ever;taem_reached_event;taem_reached,False,close_pass_escape,True,5839,5841,5,True,True,
outputs\logging_audit_B5D_input_stage\audit_input_00249.csv,1,5840,global_t,height;velocity;s_go,True,True,True,True,True,True,taem_dwell_reached,True,True,taem_success_latched;taem_reached_ever;taem_reached_event;taem_reached,False,close_pass_escape,True,5831,5833,5,True,True,
outputs\logging_audit_B5D_input_stage\audit_input_00249.csv,2,5813,global_t,height;velocity;s_go,True,True,True,True,True,True,taem_dwell_reached,True,True,taem_success_latched;taem_reached_ever;taem_reached_event;taem_reached,False,close_pass_escape,True,5805,5807,5,True,True,
outputs\logging_audit_B5D_input_stage\audit_input_00250.csv,0,5865,global_t,height;velocity;s_go,True,True,True,True,True,True,taem_dwell_reached,True,True,taem_success_latched;taem_reached_ever;taem_reached_event;taem_reached,False,close_pass_escape,True,5856,5858,5,True,True,
outputs\logging_audit_B5D_input_stage\audit_input_00250.csv,1,5829,global_t,height;velocity;s_go,True,True,True,True,True,True,taem_dwell_reached,True,True,taem_success_latched;taem_reached_ever;taem_reached_event;taem_reached,False,close_pass_escape,True,5820,5822,5,True,True,
outputs\logging_audit_B5D_input_stage\audit_input_00250.csv,2,5827,global_t,height;velocity;s_go,True,True,True,True,True,True,taem_dwell_reached,True,True,taem_success_latched;taem_reached_ever;taem_reached_event;taem_reached,False,close_pass_escape,True,5818,5820,4,True,True,
