source_csv,stage,case_id,vehicle_id,delta_h0_m,delta_v0_mps,inside_u3,combined_source,source_n_rows_total,schema_ok,replayed_dwell,terminal_reason_ok,terminal_reason_available,success_flag_any,success_flag_available,close_pass_any,strict_success,n_rows,first_confirm_index,min_abs_h_error,min_abs_v_error,min_abs_s_error,notes
store\data_saved\phase2_B5E_mis0_corner_robustness_refinement\phase2_B5E_by_run_partial.csv,B5E,phase2_B5E_mis0_corner_robustness_refinement,0,,,,False,1,False,False,False,False,False,False,False,False,1,,,,,missing required trajectory columns
store\data_saved\phase2_B5D_tight_local_envelope_validation\case_reports\b5c049_hp64p217_vp6p242\phase2_B5A_by_case.csv,B5D,b5c049_hp64p217_vp6p242,0,64.217,6.242,True,False,1,False,False,False,False,False,False,False,False,1,,,,,missing required trajectory columns
store\data_saved\phase2_B5D_tight_local_envelope_validation\case_reports\b5c048_hp380p801_vm0p950\phase2_B5A_by_case.csv,B5D,b5c048_hp380p801_vm0p950,0,380.801,-0.95,True,False,1,False,False,False,False,False,False,False,False,1,,,,,missing required trajectory columns
store\data_saved\phase2_B5D_tight_local_envelope_validation\case_reports\b5c047_hp52p723_vp6p654\phase2_B5A_by_case.csv,B5D,b5c047_hp52p723_vp6p654,0,52.723,6.654,True,False,1,False,False,False,False,False,False,False,False,1,,,,,missing required trajectory columns
store\data_saved\phase2_B5D_tight_local_envelope_validation\case_reports\b5c046_hp1p809_vm0p086\phase2_B5A_by_case.csv,B5D,b5c046_hp1p809_vm0p086,0,1.809,-0.086,True,False,1,False,False,False,False,False,False,False,False,1,,,,,missing required trajectory columns
store\data_saved\phase2_B5D_tight_local_envelope_validation\case_reports\b5c045_hp67p020_vm0p134\phase2_B5A_by_case.csv,B5D,b5c045_hp67p020_vm0p134,0,67.02,-0.134,True,False,1,False,False,False,False,False,False,False,False,1,,,,,missing required trajectory columns
store\data_saved\phase2_B5D_tight_local_envelope_validation\case_reports\b5c044_hp440p893_vm6p434\phase2_B5A_by_case.csv,B5D,b5c044_hp440p893_vm6p434,0,440.893,-6.434,True,False,1,False,False,False,False,False,False,False,False,1,,,,,missing required trajectory columns
store\data_saved\phase2_B5D_tight_local_envelope_validation\case_reports\b5c043_hp452p043_vp0p481\phase2_B5A_by_case.csv,B5D,b5c043_hp452p043_vp0p481,0,452.043,0.481,True,False,1,False,False,False,False,False,False,False,False,1,,,,,missing required trajectory columns
store\data_saved\phase2_B5D_tight_local_envelope_validation\case_reports\b5c042_hp365p116_vp0p190\phase2_B5A_by_case.csv,B5D,b5c042_hp365p116_vp0p190,0,365.116,0.19,True,False,1,False,False,False,False,False,False,False,False,1,,,,,missing required trajectory columns
store\data_saved\phase2_B5D_tight_local_envelope_validation\case_reports\b5c041_hp343p214_vm7p616\phase2_B5A_by_case.csv,B5D,b5c041_hp343p214_vm7p616,0,343.214,-7.616,True,False,1,False,False,False,False,False,False,False,False,1,,,,,missing required trajectory columns
store\data_saved\phase2_B5D_tight_local_envelope_validation\case_reports\b5c040_hp129p630_vm0p019\phase2_B5A_by_case.csv,B5D,b5c040_hp129p630_vm0p019,0,129.63,-0.019,True,False,1,False,False,False,False,False,False,False,False,1,,,,,missing required trajectory columns
store\data_saved\phase2_B5D_tight_local_envelope_validation\case_reports\b5c039_hp377p603_vm0p371\phase2_B5A_by_case.csv,B5D,b5c039_hp377p603_vm0p371,0,377.603,-0.371,True,False,1,False,False,False,False,False,False,False,False,1,,,,,missing required trajectory columns
store\data_saved\phase2_B5D_tight_local_envelope_validation\case_reports\b5c038_hp335p499_vm1p147\phase2_B5A_by_case.csv,B5D,b5c038_hp335p499_vm1p147,0,335.499,-1.147,True,False,1,False,False,False,False,False,False,False,False,1,,,,,missing required trajectory columns
store\data_saved\phase2_B5D_tight_local_envelope_validation\case_reports\b5c037_hp344p441_vp2p572\phase2_B5A_by_case.csv,B5D,b5c037_hp344p441_vp2p572,0,344.441,2.572,True,False,1,False,False,False,False,False,False,False,False,1,,,,,missing required trajectory columns
store\data_saved\phase2_B5D_tight_local_envelope_validation\case_reports\b5c036_hp421p940_vm4p196\phase2_B5A_by_case.csv,B5D,b5c036_hp421p940_vm4p196,0,421.94,-4.196,True,False,1,False,False,False,False,False,False,False,False,1,,,,,missing required trajectory columns
store\data_saved\phase2_B5D_tight_local_envelope_validation\case_reports\b5c035_hp132p429_vm3p567\phase2_B5A_by_case.csv,B5D,b5c035_hp132p429_vm3p567,0,132.429,-3.567,True,False,1,False,False,False,False,False,False,False,False,1,,,,,missing required trajectory columns
store\data_saved\phase2_B5D_tight_local_envelope_validation\case_reports\b5c034_hp332p074_vm5p639\phase2_B5A_by_case.csv,B5D,b5c034_hp332p074_vm5p639,0,332.074,-5.639,True,False,1,False,False,False,False,False,False,False,False,1,,,,,missing required trajectory columns
store\data_saved\phase2_B5D_tight_local_envelope_validation\case_reports\b5c033_hp336p292_vp0p794\phase2_B5A_by_case.csv,B5D,b5c033_hp336p292_vp0p794,0,336.292,0.794,True,False,1,False,False,False,False,False,False,False,False,1,,,,,missing required trajectory columns
store\data_saved\phase2_B5D_tight_local_envelope_validation\case_reports\b5c032_hp197p674_vm6p911\phase2_B5A_by_case.csv,B5D,b5c032_hp197p674_vm6p911,0,197.674,-6.911,True,False,1,False,False,False,False,False,False,False,False,1,,,,,missing required trajectory columns
store\data_saved\phase2_B5D_tight_local_envelope_validation\case_reports\b5c031_hp110p319_vp5p597\phase2_B5A_by_case.csv,B5D,b5c031_hp110p319_vp5p597,0,110.319,5.597,True,False,1,False,False,False,False,False,False,False,False,1,,,,,missing required trajectory columns
store\data_saved\phase2_B5D_tight_local_envelope_validation\case_reports\b5c030_hp86p638_vm0p242\phase2_B5A_by_case.csv,B5D,b5c030_hp86p638_vm0p242,0,86.638,-0.242,True,False,1,False,False,False,False,False,False,False,False,1,,,,,missing required trajectory columns
store\data_saved\phase2_B5D_tight_local_envelope_validation\case_reports\b5c029_hp283p266_vp6p772\phase2_B5A_by_case.csv,B5D,b5c029_hp283p266_vp6p772,0,283.266,6.772,True,False,1,False,False,False,False,False,False,False,False,1,,,,,missing required trajectory columns
store\data_saved\phase2_B5D_tight_local_envelope_validation\case_reports\b5c028_hp98p422_vm4p869\phase2_B5A_by_case.csv,B5D,b5c028_hp98p422_vm4p869,0,98.422,-4.869,True,False,1,False,False,False,False,False,False,False,False,1,,,,,missing required trajectory columns
store\data_saved\phase2_B5D_tight_local_envelope_validation\case_reports\b5c027_hp312p051_vm5p900\phase2_B5A_by_case.csv,B5D,b5c027_hp312p051_vm5p900,0,312.051,-5.9,True,False,1,False,False,False,False,False,False,False,False,1,,,,,missing required trajectory columns
store\data_saved\phase2_B5D_tight_local_envelope_validation\case_reports\b5c026_hp216p564_vp2p798\phase2_B5A_by_case.csv,B5D,b5c026_hp216p564_vp2p798,0,216.564,2.798,True,False,1,False,False,False,False,False,False,False,False,1,,,,,missing required trajectory columns
store\data_saved\phase2_B5D_tight_local_envelope_validation\case_reports\b5c025_hp457p541_vm6p362\phase2_B5A_by_case.csv,B5D,b5c025_hp457p541_vm6p362,0,457.541,-6.362,True,False,1,False,False,False,False,False,False,False,False,1,,,,,missing required trajectory columns
store\data_saved\phase2_B5D_tight_local_envelope_validation\case_reports\b5c024_hp316p252_vm5p690\phase2_B5A_by_case.csv,B5D,b5c024_hp316p252_vm5p690,0,316.252,-5.69,True,False,1,False,False,False,False,False,False,False,False,1,,,,,missing required trajectory columns
store\data_saved\phase2_B5D_tight_local_envelope_validation\case_reports\b5c023_hp48p334_vp0p483\phase2_B5A_by_case.csv,B5D,b5c023_hp48p334_vp0p483,0,48.334,0.483,True,False,1,False,False,False,False,False,False,False,False,1,,,,,missing required trajectory columns
store\data_saved\phase2_B5D_tight_local_envelope_validation\case_reports\b5c022_hp44p606_vm9p298\phase2_B5A_by_case.csv,B5D,b5c022_hp44p606_vm9p298,0,44.606,-9.298,True,False,1,False,False,False,False,False,False,False,False,1,,,,,missing required trajectory columns
store\data_saved\phase2_B5D_tight_local_envelope_validation\case_reports\b5c021_hp9p864_vp0p067\phase2_B5A_by_case.csv,B5D,b5c021_hp9p864_vp0p067,0,9.864,0.067,True,False,1,False,False,False,False,False,False,False,False,1,,,,,missing required trajectory columns
store\data_saved\phase2_B5D_tight_local_envelope_validation\case_reports\b5c020_hp21p581_vm9p979\phase2_B5A_by_case.csv,B5D,b5c020_hp21p581_vm9p979,0,21.581,-9.979,True,False,1,False,False,False,False,False,False,False,False,1,,,,,missing required trajectory columns
store\data_saved\phase2_B5D_tight_local_envelope_validation\case_reports\b5c019_hp61p117_vp1p056\phase2_B5A_by_case.csv,B5D,b5c019_hp61p117_vp1p056,0,61.117,1.056,True,False,1,False,False,False,False,False,False,False,False,1,,,,,missing required trajectory columns
store\data_saved\phase2_B5D_tight_local_envelope_validation\case_reports\b5c018_hp343p939_vp1p764\phase2_B5A_by_case.csv,B5D,b5c018_hp343p939_vp1p764,0,343.939,1.764,True,False,1,False,False,False,False,False,False,False,False,1,,,,,missing required trajectory columns
store\data_saved\phase2_B5D_tight_local_envelope_validation\case_reports\b5c017_hp492p240_vp1p120\phase2_B5A_by_case.csv,B5D,b5c017_hp492p240_vp1p120,0,492.24,1.12,True,False,1,False,False,False,False,False,False,False,False,1,,,,,missing required trajectory columns
store\data_saved\phase2_B5D_tight_local_envelope_validation\case_reports\b5c016_hp86p233_vm5p063\phase2_B5A_by_case.csv,B5D,b5c016_hp86p233_vm5p063,0,86.233,-5.063,True,False,1,False,False,False,False,False,False,False,False,1,,,,,missing required trajectory columns
store\data_saved\phase2_B5D_tight_local_envelope_validation\case_reports\b5c015_hp468p756_vp8p881\phase2_B5A_by_case.csv,B5D,b5c015_hp468p756_vp8p881,0,468.756,8.881,True,False,1,False,False,False,False,False,False,False,False,1,,,,,missing required trajectory columns
store\data_saved\phase2_B5D_tight_local_envelope_validation\case_reports\b5c014_hp190p148_vm1p949\phase2_B5A_by_case.csv,B5D,b5c014_hp190p148_vm1p949,0,190.148,-1.949,True,False,1,False,False,False,False,False,False,False,False,1,,,,,missing required trajectory columns
store\data_saved\phase2_B5D_tight_local_envelope_validation\case_reports\b5c013_hp141p172_vp0p854\phase2_B5A_by_case.csv,B5D,b5c013_hp141p172_vp0p854,0,141.172,0.854,True,False,1,False,False,False,False,False,False,False,False,1,,,,,missing required trajectory columns
store\data_saved\phase2_B5D_tight_local_envelope_validation\case_reports\b5c012_hp14p700_vp1p086\phase2_B5A_by_case.csv,B5D,b5c012_hp14p700_vp1p086,0,14.7,1.086,True,False,1,False,False,False,False,False,False,False,False,1,,,,,missing required trajectory columns
store\data_saved\phase2_B5D_tight_local_envelope_validation\case_reports\b5c011_hp349p694_vm0p101\phase2_B5A_by_case.csv,B5D,b5c011_hp349p694_vm0p101,0,349.694,-0.101,True,False,1,False,False,False,False,False,False,False,False,1,,,,,missing required trajectory columns
store\data_saved\phase2_B5D_tight_local_envelope_validation\case_reports\b5c010_hp59p976_vp4p029\phase2_B5A_by_case.csv,B5D,b5c010_hp59p976_vp4p029,0,59.976,4.029,True,False,1,False,False,False,False,False,False,False,False,1,,,,,missing required trajectory columns
store\data_saved\phase2_B5D_tight_local_envelope_validation\case_reports\b5c009_hp463p922_vp3p164\phase2_B5A_by_case.csv,B5D,b5c009_hp463p922_vp3p164,0,463.922,3.164,True,False,1,False,False,False,False,False,False,False,False,1,,,,,missing required trajectory columns
store\data_saved\phase2_B5D_tight_local_envelope_validation\case_reports\b5c008_hp76p236_vm1p050\phase2_B5A_by_case.csv,B5D,b5c008_hp76p236_vm1p050,0,76.236,-1.05,True,False,1,False,False,False,False,False,False,False,False,1,,,,,missing required trajectory columns
store\data_saved\phase2_B5D_tight_local_envelope_validation\case_reports\b5c007_hp278p652_vm0p283\phase2_B5A_by_case.csv,B5D,b5c007_hp278p652_vm0p283,0,278.652,-0.283,True,False,1,False,False,False,False,False,False,False,False,1,,,,,missing required trajectory columns
store\data_saved\phase2_B5D_tight_local_envelope_validation\case_reports\b5c006_hp262p371_vm3p022\phase2_B5A_by_case.csv,B5D,b5c006_hp262p371_vm3p022,0,262.371,-3.022,True,False,1,False,False,False,False,False,False,False,False,1,,,,,missing required trajectory columns
store\data_saved\phase2_B5D_tight_local_envelope_validation\case_reports\b5c005_hp157p702_vp5p565\phase2_B5A_by_case.csv,B5D,b5c005_hp157p702_vp5p565,0,157.702,5.565,True,False,1,False,False,False,False,False,False,False,False,1,,,,,missing required trajectory columns
store\data_saved\phase2_B5D_tight_local_envelope_validation\case_reports\b5c004_hp106p199_vp8p290\phase2_B5A_by_case.csv,B5D,b5c004_hp106p199_vp8p290,0,106.199,8.29,True,False,1,False,False,False,False,False,False,False,False,1,,,,,missing required trajectory columns
store\data_saved\phase2_B5D_tight_local_envelope_validation\case_reports\b5c003_hp281p755_vp6p735\phase2_B5A_by_case.csv,B5D,b5c003_hp281p755_vp6p735,0,281.755,6.735,True,False,1,False,False,False,False,False,False,False,False,1,,,,,missing required trajectory columns
store\data_saved\phase2_B5D_tight_local_envelope_validation\case_reports\b5c002_hp150p213_vm1p197\phase2_B5A_by_case.csv,B5D,b5c002_hp150p213_vm1p197,0,150.213,-1.197,True,False,1,False,False,False,False,False,False,False,False,1,,,,,missing required trajectory columns
store\data_saved\phase2_B5D_tight_local_envelope_validation\case_reports\b5c001_hp407p878_vp3p750\phase2_B5A_by_case.csv,B5D,b5c001_hp407p878_vp3p750,0,407.878,3.75,True,False,1,False,False,False,False,False,False,False,False,1,,,,,missing required trajectory columns
store\data_saved\phase2_B5D_tight_local_envelope_validation\case_reports\b5c000_hp173p144_vm1p127\phase2_B5A_by_case.csv,B5D,b5c000_hp173p144_vm1p127,0,173.144,-1.127,True,False,1,False,False,False,False,False,False,False,False,1,,,,,missing required trajectory columns
store\data_saved\phase2_B5C_local_envelope_validation\case_reports\b5c029_hp453p825_vm15p327\phase2_B5A_by_case.csv,B5A,b5c029_hp453p825_vm15p327,0,453.825,-15.327,False,False,1,False,False,False,False,False,False,False,False,1,,,,,missing required trajectory columns
store\data_saved\phase2_B5C_local_envelope_validation\case_reports\b5c028_hp490p152_vm18p579\phase2_B5A_by_case.csv,B5A,b5c028_hp490p152_vm18p579,0,490.152,-18.579,False,False,1,False,False,False,False,False,False,False,False,1,,,,,missing required trajectory columns
store\data_saved\phase2_B5C_local_envelope_validation\case_reports\b5c027_hp17p447_vm0p662\phase2_B5A_by_case.csv,B5A,b5c027_hp17p447_vm0p662,0,17.447,-0.662,True,False,1,False,False,False,False,False,False,False,False,1,,,,,missing required trajectory columns
store\data_saved\phase2_B5C_local_envelope_validation\case_reports\b5c026_hp229p100_vp3p236\phase2_B5A_by_case.csv,B5A,b5c026_hp229p100_vp3p236,0,229.1,3.236,True,False,1,False,False,False,False,False,False,False,False,1,,,,,missing required trajectory columns
store\data_saved\phase2_B5C_local_envelope_validation\case_reports\b5c025_hp301p310_vp8p988\phase2_B5A_by_case.csv,B5A,b5c025_hp301p310_vp8p988,0,301.31,8.988,True,False,1,False,False,False,False,False,False,False,False,1,,,,,missing required trajectory columns
store\data_saved\phase2_B5C_local_envelope_validation\case_reports\b5c024_hp89p592_vm2p948\phase2_B5A_by_case.csv,B5A,b5c024_hp89p592_vm2p948,0,89.592,-2.948,True,False,1,False,False,False,False,False,False,False,False,1,,,,,missing required trajectory columns
store\data_saved\phase2_B5C_local_envelope_validation\case_reports\b5c023_hp107p913_vp0p974\phase2_B5A_by_case.csv,B5A,b5c023_hp107p913_vp0p974,0,107.913,0.974,True,False,1,False,False,False,False,False,False,False,False,1,,,,,missing required trajectory columns
store\data_saved\phase2_B5C_local_envelope_validation\case_reports\b5c022_hp46p566_vm17p262\phase2_B5A_by_case.csv,B5A,b5c022_hp46p566_vm17p262,0,46.566,-17.262,False,False,1,False,False,False,False,False,False,False,False,1,,,,,missing required trajectory columns
store\data_saved\phase2_B5C_local_envelope_validation\case_reports\b5c021_hp246p017_vm13p129\phase2_B5A_by_case.csv,B5A,b5c021_hp246p017_vm13p129,0,246.017,-13.129,False,False,1,False,False,False,False,False,False,False,False,1,,,,,missing required trajectory columns
store\data_saved\phase2_B5C_local_envelope_validation\case_reports\b5c020_hp231p021_vm17p231\phase2_B5A_by_case.csv,B5A,b5c020_hp231p021_vm17p231,0,231.021,-17.231,False,False,1,False,False,False,False,False,False,False,False,1,,,,,missing required trajectory columns
store\data_saved\phase2_B5C_local_envelope_validation\case_reports\b5c019_hp357p148_vm8p056\phase2_B5A_by_case.csv,B5A,b5c019_hp357p148_vm8p056,0,357.148,-8.056,True,False,1,False,False,False,False,False,False,False,False,1,,,,,missing required trajectory columns
store\data_saved\phase2_B5C_local_envelope_validation\case_reports\b5c018_hp258p913_vp7p057\phase2_B5A_by_case.csv,B5A,b5c018_hp258p913_vp7p057,0,258.913,7.057,True,False,1,False,False,False,False,False,False,False,False,1,,,,,missing required trajectory columns
store\data_saved\phase2_B5C_local_envelope_validation\case_reports\b5c017_hp184p675_vm5p902\phase2_B5A_by_case.csv,B5A,b5c017_hp184p675_vm5p902,0,184.675,-5.902,True,False,1,False,False,False,False,False,False,False,False,1,,,,,missing required trajectory columns
store\data_saved\phase2_B5C_local_envelope_validation\case_reports\b5c016_hp477p976_vp3p569\phase2_B5A_by_case.csv,B5A,b5c016_hp477p976_vp3p569,0,477.976,3.569,True,False,1,False,False,False,False,False,False,False,False,1,,,,,missing required trajectory columns
store\data_saved\phase2_B5C_local_envelope_validation\case_reports\b5c015_hp122p534_vm2p974\phase2_B5A_by_case.csv,B5A,b5c015_hp122p534_vm2p974,0,122.534,-2.974,True,False,1,False,False,False,False,False,False,False,False,1,,,,,missing required trajectory columns
store\data_saved\phase2_B5C_local_envelope_validation\case_reports\b5c014_hp484p922_vp5p208\phase2_B5A_by_case.csv,B5A,b5c014_hp484p922_vp5p208,0,484.922,5.208,True,False,1,False,False,False,False,False,False,False,False,1,,,,,missing required trajectory columns
store\data_saved\phase2_B5C_local_envelope_validation\case_reports\b5c013_hp333p663_vm5p882\phase2_B5A_by_case.csv,B5A,b5c013_hp333p663_vm5p882,0,333.663,-5.882,True,False,1,False,False,False,False,False,False,False,False,1,,,,,missing required trajectory columns
store\data_saved\phase2_B5C_local_envelope_validation\case_reports\b5c012_hp420p482_vp4p545\phase2_B5A_by_case.csv,B5A,b5c012_hp420p482_vp4p545,0,420.482,4.545,True,False,1,False,False,False,False,False,False,False,False,1,,,,,missing required trajectory columns
store\data_saved\phase2_B5C_local_envelope_validation\case_reports\b5c011_hp27p601_vm12p488\phase2_B5A_by_case.csv,B5A,b5c011_hp27p601_vm12p488,0,27.601,-12.488,False,False,1,False,False,False,False,False,False,False,False,1,,,,,missing required trajectory columns
store\data_saved\phase2_B5C_local_envelope_validation\case_reports\b5c010_hp253p790_vm8p872\phase2_B5A_by_case.csv,B5A,b5c010_hp253p790_vm8p872,0,253.79,-8.872,True,False,1,False,False,False,False,False,False,False,False,1,,,,,missing required trajectory columns
store\data_saved\phase2_B5C_local_envelope_validation\case_reports\b5c009_hp325p987_vm9p589\phase2_B5A_by_case.csv,B5A,b5c009_hp325p987_vm9p589,0,325.987,-9.589,True,False,1,False,False,False,False,False,False,False,False,1,,,,,missing required trajectory columns
store\data_saved\phase2_B5C_local_envelope_validation\case_reports\b5c008_hp195p154_vm9p360\phase2_B5A_by_case.csv,B5A,b5c008_hp195p154_vm9p360,0,195.154,-9.36,True,False,1,False,False,False,False,False,False,False,False,1,,,,,missing required trajectory columns
store\data_saved\phase2_B5C_local_envelope_validation\case_reports\b5c007_hp447p399_vm2p791\phase2_B5A_by_case.csv,B5A,b5c007_hp447p399_vm2p791,0,447.399,-2.791,True,False,1,False,False,False,False,False,False,False,False,1,,,,,missing required trajectory columns
store\data_saved\phase2_B5C_local_envelope_validation\case_reports\b5c006_hp235p530_vm19p076\phase2_B5A_by_case.csv,B5A,b5c006_hp235p530_vm19p076,0,235.53,-19.076,False,False,1,False,False,False,False,False,False,False,False,1,,,,,missing required trajectory columns
store\data_saved\phase2_B5C_local_envelope_validation\case_reports\b5c005_hp402p748_vp0p427\phase2_B5A_by_case.csv,B5A,b5c005_hp402p748_vp0p427,0,402.748,0.427,True,False,1,False,False,False,False,False,False,False,False,1,,,,,missing required trajectory columns
store\data_saved\phase2_B5C_local_envelope_validation\case_reports\b5c004_hp486p588_vm13p264\phase2_B5A_by_case.csv,B5A,b5c004_hp486p588_vm13p264,0,486.588,-13.264,False,False,1,False,False,False,False,False,False,False,False,1,,,,,missing required trajectory columns
store\data_saved\phase2_B5C_local_envelope_validation\case_reports\b5c003_hp434p666_vm9p076\phase2_B5A_by_case.csv,B5A,b5c003_hp434p666_vm9p076,0,434.666,-9.076,True,False,1,False,False,False,False,False,False,False,False,1,,,,,missing required trajectory columns
store\data_saved\phase2_B5C_local_envelope_validation\case_reports\b5c002_hp147p164_vp7p682\phase2_B5A_by_case.csv,B5A,b5c002_hp147p164_vp7p682,0,147.164,7.682,True,False,1,False,False,False,False,False,False,False,False,1,,,,,missing required trajectory columns
store\data_saved\phase2_B5C_local_envelope_validation\case_reports\b5c001_hp392p403_vm2p262\phase2_B5A_by_case.csv,B5A,b5c001_hp392p403_vm2p262,0,392.403,-2.262,True,False,1,False,False,False,False,False,False,False,False,1,,,,,missing required trajectory columns
store\data_saved\phase2_B5C_local_envelope_validation\case_reports\b5c000_hp471p766_vm9p217\phase2_B5A_by_case.csv,B5A,b5c000_hp471p766_vm9p217,0,471.766,-9.217,True,False,1,False,False,False,False,False,False,False,False,1,,,,,missing required trajectory columns
store\data_saved\phase2_B5B_mc_pilot\conservative_u3\case_reports\mc029_hm360p203_vm43p128\phase2_B5A_by_case.csv,B5A,mc029_hm360p203_vm43p128,0,-360.203,-43.128,False,False,1,False,False,False,False,False,False,False,False,1,,,,,missing required trajectory columns
store\data_saved\phase2_B5B_mc_pilot\conservative_u3\case_reports\mc028_hm41p084_vm15p876\phase2_B5A_by_case.csv,B5A,mc028_hm41p084_vm15p876,0,-41.084,-15.876,False,False,1,False,False,False,False,False,False,False,False,1,,,,,missing required trajectory columns
store\data_saved\phase2_B5B_mc_pilot\conservative_u3\case_reports\mc027_hp205p165_vm3p156\phase2_B5A_by_case.csv,B5A,mc027_hp205p165_vm3p156,0,205.165,-3.156,True,False,1,False,False,False,False,False,False,False,False,1,,,,,missing required trajectory columns
store\data_saved\phase2_B5B_mc_pilot\conservative_u3\case_reports\mc026_hp286p924_vm10p109\phase2_B5A_by_case.csv,B5A,mc026_hp286p924_vm10p109,0,286.924,-10.109,False,False,1,False,False,False,False,False,False,False,False,1,,,,,missing required trajectory columns
store\data_saved\phase2_B5B_mc_pilot\conservative_u3\case_reports\mc025_hm300p092_vm49p558\phase2_B5A_by_case.csv,B5A,mc025_hm300p092_vm49p558,0,-300.092,-49.558,False,False,1,False,False,False,False,False,False,False,False,1,,,,,missing required trajectory columns
store\data_saved\phase2_B5B_mc_pilot\conservative_u3\case_reports\mc024_hp182p496_vm41p615\phase2_B5A_by_case.csv,B5A,mc024_hp182p496_vm41p615,0,182.496,-41.615,False,False,1,False,False,False,False,False,False,False,False,1,,,,,missing required trajectory columns
store\data_saved\phase2_B5B_mc_pilot\conservative_u3\case_reports\mc023_hm112p522_vm32p700\phase2_B5A_by_case.csv,B5A,mc023_hm112p522_vm32p700,0,-112.522,-32.7,False,False,1,False,False,False,False,False,False,False,False,1,,,,,missing required trajectory columns
store\data_saved\phase2_B5B_mc_pilot\conservative_u3\case_reports\mc022_hp332p260_vm1p714\phase2_B5A_by_case.csv,B5A,mc022_hp332p260_vm1p714,0,332.26,-1.714,True,False,1,False,False,False,False,False,False,False,False,1,,,,,missing required trajectory columns
store\data_saved\phase2_B5B_mc_pilot\conservative_u3\case_reports\mc021_hp200p265_vm31p258\phase2_B5A_by_case.csv,B5A,mc021_hp200p265_vm31p258,0,200.265,-31.258,False,False,1,False,False,False,False,False,False,False,False,1,,,,,missing required trajectory columns
store\data_saved\phase2_B5B_mc_pilot\conservative_u3\case_reports\mc020_hm62p848_vm0p039\phase2_B5A_by_case.csv,B5A,mc020_hm62p848_vm0p039,0,-62.848,-0.039,False,False,1,False,False,False,False,False,False,False,False,1,,,,,missing required trajectory columns
store\data_saved\phase2_B5B_mc_pilot\conservative_u3\case_reports\mc019_hm273p091_vm9p811\phase2_B5A_by_case.csv,B5A,mc019_hm273p091_vm9p811,0,-273.091,-9.811,False,False,1,False,False,False,False,False,False,False,False,1,,,,,missing required trajectory columns
store\data_saved\phase2_B5B_mc_pilot\conservative_u3\case_reports\mc018_hm370p078_vm21p458\phase2_B5A_by_case.csv,B5A,mc018_hm370p078_vm21p458,0,-370.078,-21.458,False,False,1,False,False,False,False,False,False,False,False,1,,,,,missing required trajectory columns
store\data_saved\phase2_B5B_mc_pilot\conservative_u3\case_reports\mc017_hm30p444_vm38p632\phase2_B5A_by_case.csv,B5A,mc017_hm30p444_vm38p632,0,-30.444,-38.632,False,False,1,False,False,False,False,False,False,False,False,1,,,,,missing required trajectory columns
store\data_saved\phase2_B5B_mc_pilot\conservative_u3\case_reports\mc016_hm174p175_vm27p772\phase2_B5A_by_case.csv,B5A,mc016_hm174p175_vm27p772,0,-174.175,-27.772,False,False,1,False,False,False,False,False,False,False,False,1,,,,,missing required trajectory columns
store\data_saved\phase2_B5B_mc_pilot\conservative_u3\case_reports\mc015_hp244p762_vp8p051\phase2_B5A_by_case.csv,B5A,mc015_hp244p762_vp8p051,0,244.762,8.051,True,False,1,False,False,False,False,False,False,False,False,1,,,,,missing required trajectory columns
store\data_saved\phase2_B5B_mc_pilot\conservative_u3\case_reports\mc014_hm345p711_vm9p017\phase2_B5A_by_case.csv,B5A,mc014_hm345p711_vm9p017,0,-345.711,-9.017,False,False,1,False,False,False,False,False,False,False,False,1,,,,,missing required trajectory columns
store\data_saved\phase2_B5B_mc_pilot\conservative_u3\case_reports\mc013_hm33p279_vm47p372\phase2_B5A_by_case.csv,B5A,mc013_hm33p279_vm47p372,0,-33.279,-47.372,False,False,1,False,False,False,False,False,False,False,False,1,,,,,missing required trajectory columns
store\data_saved\phase2_B5B_mc_pilot\conservative_u3\case_reports\mc012_hp278p383_vm38p322\phase2_B5A_by_case.csv,B5A,mc012_hp278p383_vm38p322,0,278.383,-38.322,False,False,1,False,False,False,False,False,False,False,False,1,,,,,missing required trajectory columns
store\data_saved\phase2_B5B_mc_pilot\conservative_u3\case_reports\mc011_hp470p698_vp3p587\phase2_B5A_by_case.csv,B5A,mc011_hp470p698_vp3p587,0,470.698,3.587,True,False,1,False,False,False,False,False,False,False,False,1,,,,,missing required trajectory columns
store\data_saved\phase2_B5B_mc_pilot\conservative_u3\case_reports\mc010_hp258p088_vm28p728\phase2_B5A_by_case.csv,B5A,mc010_hp258p088_vm28p728,0,258.088,-28.728,False,False,1,False,False,False,False,False,False,False,False,1,,,,,missing required trajectory columns
store\data_saved\phase2_B5B_mc_pilot\conservative_u3\case_reports\mc009_hp327p631_vm12p100\phase2_B5A_by_case.csv,B5A,mc009_hp327p631_vm12p100,0,327.631,-12.1,False,False,1,False,False,False,False,False,False,False,False,1,,,,,missing required trajectory columns
store\data_saved\phase2_B5B_mc_pilot\conservative_u3\case_reports\mc008_hp54p585_vm46p171\phase2_B5A_by_case.csv,B5A,mc008_hp54p585_vm46p171,0,54.585,-46.171,False,False,1,False,False,False,False,False,False,False,False,1,,,,,missing required trajectory columns
store\data_saved\phase2_B5B_mc_pilot\conservative_u3\case_reports\mc007_hm56p586_vm36p366\phase2_B5A_by_case.csv,B5A,mc007_hm56p586_vm36p366,0,-56.586,-36.366,False,False,1,False,False,False,False,False,False,False,False,1,,,,,missing required trajectory columns
store\data_saved\phase2_B5B_mc_pilot\conservative_u3\case_reports\mc006_hp143p865_vm0p634\phase2_B5A_by_case.csv,B5A,mc006_hp143p865_vm0p634,0,143.865,-0.634,True,False,1,False,False,False,False,False,False,False,False,1,,,,,missing required trajectory columns
store\data_saved\phase2_B5B_mc_pilot\conservative_u3\case_reports\mc005_hm129p202_vp5p606\phase2_B5A_by_case.csv,B5A,mc005_hm129p202_vp5p606,0,-129.202,5.606,False,False,1,False,False,False,False,False,False,False,False,1,,,,,missing required trajectory columns
store\data_saved\phase2_B5B_mc_pilot\conservative_u3\case_reports\mc004_hm371p886_vm22p977\phase2_B5A_by_case.csv,B5A,mc004_hm371p886_vm22p977,0,-371.886,-22.977,False,False,1,False,False,False,False,False,False,False,False,1,,,,,missing required trajectory columns
store\data_saved\phase2_B5B_mc_pilot\conservative_u3\case_reports\mc003_hp261p140_vm2p836\phase2_B5A_by_case.csv,B5A,mc003_hp261p140_vm2p836,0,261.14,-2.836,True,False,1,False,False,False,False,False,False,False,False,1,,,,,missing required trajectory columns
store\data_saved\phase2_B5B_mc_pilot\conservative_u3\case_reports\mc002_hm405p823_vp8p537\phase2_B5A_by_case.csv,B5A,mc002_hm405p823_vp8p537,0,-405.823,8.537,False,False,1,False,False,False,False,False,False,False,False,1,,,,,missing required trajectory columns
store\data_saved\phase2_B5B_mc_pilot\conservative_u3\case_reports\mc001_hp358p598_vm8p158\phase2_B5A_by_case.csv,B5A,mc001_hp358p598_vm8p158,0,358.598,-8.158,True,False,1,False,False,False,False,False,False,False,False,1,,,,,missing required trajectory columns
store\data_saved\phase2_B5B_mc_pilot\conservative_u3\case_reports\mc000_hp273p956_vm23p667\phase2_B5A_by_case.csv,B5A,mc000_hp273p956_vm23p667,0,273.956,-23.667,False,False,1,False,False,False,False,False,False,False,False,1,,,,,missing required trajectory columns
store\data_saved\phase2_B1E_exact_single_report\phase2_B1_by_vehicle.csv,B1,phase2_B1E_exact_single_report,1,,,,False,1,False,False,False,False,False,False,False,False,1,,,,,missing required trajectory columns
store\data_saved\phase2_B5E_mis0_corner_robustness_refinement_rescue_soft_first\phase2_B5E_by_run_partial.csv,B5E,phase2_B5E_mis0_corner_robustness_refinement_rescue_soft_first,0,,,,False,1,False,False,False,False,False,False,False,False,1,,,,,missing required trajectory columns
store\data_saved\v8_2_baseline_compare\taem_compare_by_vehicle.csv,UNKNOWN,v8_2_baseline_compare,1,,,,False,1,False,False,False,False,False,False,False,False,1,,,,,missing required trajectory columns
store\data_saved\phase2_B5AR_positive_velocity_report\hm500m_vp30mps_sp2deg\phase2_B5A_hm500m_vp30mps_sp2deg_by_vehicle.csv,B5A,phase2_B5A_hm500m_vp30mps_sp2deg_by_vehicle,0,-500.0,30.0,False,False,3,False,False,False,False,False,False,False,False,1,,,,,missing required trajectory columns
store\data_saved\phase2_B6_bounded_universality_evidence_pack\phase2_B6_campaign_summary.csv,UNKNOWN,phase2_B6_bounded_universality_evidence_pack,0,,,,False,3,False,False,False,False,False,False,False,False,3,,,,,missing required trajectory columns
store\data_saved\phase2_B3A_heading_spread_report\spread_4deg\phase2_B3A_spread_4deg_by_vehicle.csv,B3,phase2_B3A_spread_4deg_by_vehicle,0,,,,False,3,False,False,False,False,False,False,False,False,1,,,,,missing required trajectory columns
store\data_saved\phase2_B3A_heading_spread_report\spread_4deg\phase2_B3A_spread_4deg_by_vehicle.csv,B3,phase2_B3A_spread_4deg_by_vehicle,1,,,,False,3,False,False,False,False,False,False,False,False,1,,,,,missing required trajectory columns
store\data_saved\phase2_B3A_heading_spread_report\spread_4deg\phase2_B3A_spread_4deg_by_vehicle.csv,B3,phase2_B3A_spread_4deg_by_vehicle,2,,,,False,3,False,False,False,False,False,False,False,False,1,,,,,missing required trajectory columns
store\data_saved\phase2_B3B_run_dwell_report\dwell_4\phase2_B3B_dwell_4_by_vehicle.csv,B3,phase2_B3B_dwell_4_by_vehicle,0,,,,False,3,False,False,False,False,False,False,False,False,1,,,,,missing required trajectory columns
store\data_saved\phase2_B3B_run_dwell_report\dwell_4\phase2_B3B_dwell_4_by_vehicle.csv,B3,phase2_B3B_dwell_4_by_vehicle,1,,,,False,3,False,False,False,False,False,False,False,False,1,,,,,missing required trajectory columns
store\data_saved\phase2_B3B_run_dwell_report\dwell_4\phase2_B3B_dwell_4_by_vehicle.csv,B3,phase2_B3B_dwell_4_by_vehicle,2,,,,False,3,False,False,False,False,False,False,False,False,1,,,,,missing required trajectory columns
store\data_saved\phase2_B3B_run_dwell_report\dwell_5\phase2_B3B_dwell_5_by_vehicle.csv,B3,phase2_B3B_dwell_5_by_vehicle,1,,,,False,3,False,False,False,False,False,False,False,False,1,,,,,missing required trajectory columns
store\data_saved\phase2_B3B_run_dwell_report\dwell_5\phase2_B3B_dwell_5_by_vehicle.csv,B3,phase2_B3B_dwell_5_by_vehicle,2,,,,False,3,False,False,False,False,False,False,False,False,1,,,,,missing required trajectory columns
store\data_saved\phase2_B3B_run_dwell_report\dwell_3\phase2_B3B_dwell_3_by_vehicle.csv,B3,phase2_B3B_dwell_3_by_vehicle,0,,,,False,3,False,False,False,False,False,False,False,False,1,,,,,missing required trajectory columns
store\data_saved\phase2_B3B_run_dwell_report\dwell_3\phase2_B3B_dwell_3_by_vehicle.csv,B3,phase2_B3B_dwell_3_by_vehicle,1,,,,False,3,False,False,False,False,False,False,False,False,1,,,,,missing required trajectory columns
store\data_saved\phase2_B3B_run_dwell_report\dwell_3\phase2_B3B_dwell_3_by_vehicle.csv,B3,phase2_B3B_dwell_3_by_vehicle,2,,,,False,3,False,False,False,False,False,False,False,False,1,,,,,missing required trajectory columns
store\data_saved\phase2_B3B_run_dwell_report\dwell_5\phase2_B3B_dwell_5_by_vehicle.csv,B3,phase2_B3B_dwell_5_by_vehicle,0,,,,False,3,False,False,False,False,False,False,False,False,1,,,,,missing required trajectory columns
store\data_saved\phase2_B5A_dispersion_grid_report\hm500m_vm50mps_sp2deg\phase2_B5A_hm500m_vm50mps_sp2deg_by_vehicle.csv,B5A,phase2_B5A_hm500m_vm50mps_sp2deg_by_vehicle,0,-500.0,-50.0,False,False,3,False,False,False,False,False,False,False,False,1,,,,,missing required trajectory columns
store\data_saved\phase2_B5A_dispersion_grid_report\hm500m_vm50mps_sp2deg\phase2_B5A_hm500m_vm50mps_sp2deg_by_vehicle.csv,B5A,phase2_B5A_hm500m_vm50mps_sp2deg_by_vehicle,1,-500.0,-50.0,False,False,3,False,False,False,False,False,False,False,False,1,,,,,missing required trajectory columns
store\data_saved\phase2_B5A_dispersion_grid_report\hm500m_vm50mps_sp2deg\phase2_B5A_hm500m_vm50mps_sp2deg_by_vehicle.csv,B5A,phase2_B5A_hm500m_vm50mps_sp2deg_by_vehicle,2,-500.0,-50.0,False,False,3,False,False,False,False,False,False,False,False,1,,,,,missing required trajectory columns
store\data_saved\phase2_B5A_dispersion_grid_report\hm500m_vz0mps_sp2deg\phase2_B5A_hm500m_vz0mps_sp2deg_by_vehicle.csv,B5A,phase2_B5A_hm500m_vz0mps_sp2deg_by_vehicle,0,-500.0,,,False,3,False,False,False,False,False,False,False,False,1,,,,,missing required trajectory columns
store\data_saved\phase2_B5A_dispersion_grid_report\hm500m_vz0mps_sp2deg\phase2_B5A_hm500m_vz0mps_sp2deg_by_vehicle.csv,B5A,phase2_B5A_hm500m_vz0mps_sp2deg_by_vehicle,1,-500.0,,,False,3,False,False,False,False,False,False,False,False,1,,,,,missing required trajectory columns
store\data_saved\phase2_B5A_dispersion_grid_report\hm500m_vz0mps_sp2deg\phase2_B5A_hm500m_vz0mps_sp2deg_by_vehicle.csv,B5A,phase2_B5A_hm500m_vz0mps_sp2deg_by_vehicle,2,-500.0,,,False,3,False,False,False,False,False,False,False,False,1,,,,,missing required trajectory columns
store\data_saved\phase2_B5A_dispersion_grid_report\hp500m_vz0mps_sp2deg\phase2_B5A_hp500m_vz0mps_sp2deg_by_vehicle.csv,B5A,phase2_B5A_hp500m_vz0mps_sp2deg_by_vehicle,0,500.0,,,False,3,False,False,False,False,False,False,False,False,1,,,,,missing required trajectory columns
store\data_saved\phase2_B5A_dispersion_grid_report\hp500m_vz0mps_sp2deg\phase2_B5A_hp500m_vz0mps_sp2deg_by_vehicle.csv,B5A,phase2_B5A_hp500m_vz0mps_sp2deg_by_vehicle,1,500.0,,,False,3,False,False,False,False,False,False,False,False,1,,,,,missing required trajectory columns
store\data_saved\phase2_B5A_dispersion_grid_report\hp500m_vz0mps_sp2deg\phase2_B5A_hp500m_vz0mps_sp2deg_by_vehicle.csv,B5A,phase2_B5A_hp500m_vz0mps_sp2deg_by_vehicle,2,500.0,,,False,3,False,False,False,False,False,False,False,False,1,,,,,missing required trajectory columns
store\data_saved\phase2_B5A_dispersion_grid_report\hp500m_vm50mps_sp2deg\phase2_B5A_hp500m_vm50mps_sp2deg_by_vehicle.csv,B5A,phase2_B5A_hp500m_vm50mps_sp2deg_by_vehicle,0,500.0,-50.0,False,False,3,False,False,False,False,False,False,False,False,1,,,,,missing required trajectory columns
store\data_saved\phase2_B5A_dispersion_grid_report\hp500m_vm50mps_sp2deg\phase2_B5A_hp500m_vm50mps_sp2deg_by_vehicle.csv,B5A,phase2_B5A_hp500m_vm50mps_sp2deg_by_vehicle,1,500.0,-50.0,False,False,3,False,False,False,False,False,False,False,False,1,,,,,missing required trajectory columns
store\data_saved\phase2_B5A_dispersion_grid_report\hp500m_vm50mps_sp2deg\phase2_B5A_hp500m_vm50mps_sp2deg_by_vehicle.csv,B5A,phase2_B5A_hp500m_vm50mps_sp2deg_by_vehicle,2,500.0,-50.0,False,False,3,False,False,False,False,False,False,False,False,1,,,,,missing required trajectory columns
store\data_saved\phase2_B5A_dispersion_grid_report\hz0m_vz0mps_sp2deg\phase2_B5A_hz0m_vz0mps_sp2deg_by_vehicle.csv,B5A,phase2_B5A_hz0m_vz0mps_sp2deg_by_vehicle,0,,,,False,3,False,False,False,False,False,False,False,False,1,,,,,missing required trajectory columns
store\data_saved\phase2_B5A_dispersion_grid_report\hz0m_vz0mps_sp2deg\phase2_B5A_hz0m_vz0mps_sp2deg_by_vehicle.csv,B5A,phase2_B5A_hz0m_vz0mps_sp2deg_by_vehicle,1,,,,False,3,False,False,False,False,False,False,False,False,1,,,,,missing required trajectory columns
store\data_saved\phase2_B5A_dispersion_grid_report\hz0m_vz0mps_sp2deg\phase2_B5A_hz0m_vz0mps_sp2deg_by_vehicle.csv,B5A,phase2_B5A_hz0m_vz0mps_sp2deg_by_vehicle,2,,,,False,3,False,False,False,False,False,False,False,False,1,,,,,missing required trajectory columns
store\data_saved\phase2_B5A_dispersion_grid_report\hz0m_vm50mps_sp2deg\phase2_B5A_hz0m_vm50mps_sp2deg_by_vehicle.csv,B5A,phase2_B5A_hz0m_vm50mps_sp2deg_by_vehicle,0,,-50.0,,False,3,False,False,False,False,False,False,False,False,1,,,,,missing required trajectory columns
store\data_saved\phase2_B5A_dispersion_grid_report\hz0m_vm50mps_sp2deg\phase2_B5A_hz0m_vm50mps_sp2deg_by_vehicle.csv,B5A,phase2_B5A_hz0m_vm50mps_sp2deg_by_vehicle,1,,-50.0,,False,3,False,False,False,False,False,False,False,False,1,,,,,missing required trajectory columns
store\data_saved\phase2_B5A_dispersion_grid_report\hz0m_vm50mps_sp2deg\phase2_B5A_hz0m_vm50mps_sp2deg_by_vehicle.csv,B5A,phase2_B5A_hz0m_vm50mps_sp2deg_by_vehicle,2,,-50.0,,False,3,False,False,False,False,False,False,False,False,1,,,,,missing required trajectory columns
store\data_saved\phase2_B5AR_positive_velocity_report\hm500m_vp10mps_sp2deg\phase2_B5A_hm500m_vp10mps_sp2deg_by_vehicle.csv,B5A,phase2_B5A_hm500m_vp10mps_sp2deg_by_vehicle,0,-500.0,10.0,False,False,3,False,False,False,False,False,False,False,False,1,,,,,missing required trajectory columns
store\data_saved\phase2_B5AR_positive_velocity_report\hm500m_vp10mps_sp2deg\phase2_B5A_hm500m_vp10mps_sp2deg_by_vehicle.csv,B5A,phase2_B5A_hm500m_vp10mps_sp2deg_by_vehicle,1,-500.0,10.0,False,False,3,False,False,False,False,False,False,False,False,1,,,,,missing required trajectory columns
store\data_saved\phase2_B5AR_positive_velocity_report\hm500m_vp10mps_sp2deg\phase2_B5A_hm500m_vp10mps_sp2deg_by_vehicle.csv,B5A,phase2_B5A_hm500m_vp10mps_sp2deg_by_vehicle,2,-500.0,10.0,False,False,3,False,False,False,False,False,False,False,False,1,,,,,missing required trajectory columns
store\data_saved\phase2_B5AR_positive_velocity_report\hm500m_vp20mps_sp2deg\phase2_B5A_hm500m_vp20mps_sp2deg_by_vehicle.csv,B5A,phase2_B5A_hm500m_vp20mps_sp2deg_by_vehicle,0,-500.0,20.0,False,False,3,False,False,False,False,False,False,False,False,1,,,,,missing required trajectory columns
store\data_saved\phase2_B5AR_positive_velocity_report\hm500m_vp20mps_sp2deg\phase2_B5A_hm500m_vp20mps_sp2deg_by_vehicle.csv,B5A,phase2_B5A_hm500m_vp20mps_sp2deg_by_vehicle,1,-500.0,20.0,False,False,3,False,False,False,False,False,False,False,False,1,,,,,missing required trajectory columns
store\data_saved\phase2_B5AR_positive_velocity_report\hm500m_vp20mps_sp2deg\phase2_B5A_hm500m_vp20mps_sp2deg_by_vehicle.csv,B5A,phase2_B5A_hm500m_vp20mps_sp2deg_by_vehicle,2,-500.0,20.0,False,False,3,False,False,False,False,False,False,False,False,1,,,,,missing required trajectory columns
store\data_saved\phase2_B5AR_positive_velocity_report\hm500m_vp50mps_sp2deg\phase2_B5A_hm500m_vp50mps_sp2deg_by_vehicle.csv,B5A,phase2_B5A_hm500m_vp50mps_sp2deg_by_vehicle,0,-500.0,50.0,False,False,3,False,False,False,False,False,False,False,False,1,,,,,missing required trajectory columns
store\data_saved\phase2_B5AR_positive_velocity_report\hm500m_vp50mps_sp2deg\phase2_B5A_hm500m_vp50mps_sp2deg_by_vehicle.csv,B5A,phase2_B5A_hm500m_vp50mps_sp2deg_by_vehicle,1,-500.0,50.0,False,False,3,False,False,False,False,False,False,False,False,1,,,,,missing required trajectory columns
store\data_saved\phase2_B5AR_positive_velocity_report\hm500m_vp50mps_sp2deg\phase2_B5A_hm500m_vp50mps_sp2deg_by_vehicle.csv,B5A,phase2_B5A_hm500m_vp50mps_sp2deg_by_vehicle,2,-500.0,50.0,False,False,3,False,False,False,False,False,False,False,False,1,,,,,missing required trajectory columns
store\data_saved\phase2_B5AR_positive_velocity_report\hm500m_vp30mps_sp2deg\phase2_B5A_hm500m_vp30mps_sp2deg_by_vehicle.csv,B5A,phase2_B5A_hm500m_vp30mps_sp2deg_by_vehicle,1,-500.0,30.0,False,False,3,False,False,False,False,False,False,False,False,1,,,,,missing required trajectory columns
store\data_saved\phase2_B5AR_positive_velocity_report\hm500m_vp30mps_sp2deg\phase2_B5A_hm500m_vp30mps_sp2deg_by_vehicle.csv,B5A,phase2_B5A_hm500m_vp30mps_sp2deg_by_vehicle,2,-500.0,30.0,False,False,3,False,False,False,False,False,False,False,False,1,,,,,missing required trajectory columns
store\data_saved\phase2_B5AR_positive_velocity_report\hp500m_vp10mps_sp2deg\phase2_B5A_hp500m_vp10mps_sp2deg_by_vehicle.csv,B5A,phase2_B5A_hp500m_vp10mps_sp2deg_by_vehicle,0,500.0,10.0,True,False,3,False,False,False,False,False,False,False,False,1,,,,,missing required trajectory columns
store\data_saved\phase2_B5AR_positive_velocity_report\hp500m_vp10mps_sp2deg\phase2_B5A_hp500m_vp10mps_sp2deg_by_vehicle.csv,B5A,phase2_B5A_hp500m_vp10mps_sp2deg_by_vehicle,1,500.0,10.0,True,False,3,False,False,False,False,False,False,False,False,1,,,,,missing required trajectory columns
store\data_saved\phase2_B5AR_positive_velocity_report\hp500m_vp10mps_sp2deg\phase2_B5A_hp500m_vp10mps_sp2deg_by_vehicle.csv,B5A,phase2_B5A_hp500m_vp10mps_sp2deg_by_vehicle,2,500.0,10.0,True,False,3,False,False,False,False,False,False,False,False,1,,,,,missing required trajectory columns
store\data_saved\phase2_B5AR_positive_velocity_report\hm500m_vp40mps_sp2deg\phase2_B5A_hm500m_vp40mps_sp2deg_by_vehicle.csv,B5A,phase2_B5A_hm500m_vp40mps_sp2deg_by_vehicle,0,-500.0,40.0,False,False,3,False,False,False,False,False,False,False,False,1,,,,,missing required trajectory columns
store\data_saved\phase2_B5AR_positive_velocity_report\hm500m_vp40mps_sp2deg\phase2_B5A_hm500m_vp40mps_sp2deg_by_vehicle.csv,B5A,phase2_B5A_hm500m_vp40mps_sp2deg_by_vehicle,1,-500.0,40.0,False,False,3,False,False,False,False,False,False,False,False,1,,,,,missing required trajectory columns
store\data_saved\phase2_B5AR_positive_velocity_report\hm500m_vp40mps_sp2deg\phase2_B5A_hm500m_vp40mps_sp2deg_by_vehicle.csv,B5A,phase2_B5A_hm500m_vp40mps_sp2deg_by_vehicle,2,-500.0,40.0,False,False,3,False,False,False,False,False,False,False,False,1,,,,,missing required trajectory columns
store\data_saved\phase2_B5AR_positive_velocity_report\hp500m_vp40mps_sp2deg\phase2_B5A_hp500m_vp40mps_sp2deg_by_vehicle.csv,B5A,phase2_B5A_hp500m_vp40mps_sp2deg_by_vehicle,0,500.0,40.0,False,False,3,False,False,False,False,False,False,False,False,1,,,,,missing required trajectory columns
store\data_saved\phase2_B5AR_positive_velocity_report\hp500m_vp40mps_sp2deg\phase2_B5A_hp500m_vp40mps_sp2deg_by_vehicle.csv,B5A,phase2_B5A_hp500m_vp40mps_sp2deg_by_vehicle,1,500.0,40.0,False,False,3,False,False,False,False,False,False,False,False,1,,,,,missing required trajectory columns
store\data_saved\phase2_B5AR_positive_velocity_report\hp500m_vp40mps_sp2deg\phase2_B5A_hp500m_vp40mps_sp2deg_by_vehicle.csv,B5A,phase2_B5A_hp500m_vp40mps_sp2deg_by_vehicle,2,500.0,40.0,False,False,3,False,False,False,False,False,False,False,False,1,,,,,missing required trajectory columns
store\data_saved\phase2_B5AR_positive_velocity_report\hp500m_vp20mps_sp2deg\phase2_B5A_hp500m_vp20mps_sp2deg_by_vehicle.csv,B5A,phase2_B5A_hp500m_vp20mps_sp2deg_by_vehicle,0,500.0,20.0,False,False,3,False,False,False,False,False,False,False,False,1,,,,,missing required trajectory columns
store\data_saved\phase2_B5AR_positive_velocity_report\hp500m_vp20mps_sp2deg\phase2_B5A_hp500m_vp20mps_sp2deg_by_vehicle.csv,B5A,phase2_B5A_hp500m_vp20mps_sp2deg_by_vehicle,1,500.0,20.0,False,False,3,False,False,False,False,False,False,False,False,1,,,,,missing required trajectory columns
store\data_saved\phase2_B5AR_positive_velocity_report\hp500m_vp20mps_sp2deg\phase2_B5A_hp500m_vp20mps_sp2deg_by_vehicle.csv,B5A,phase2_B5A_hp500m_vp20mps_sp2deg_by_vehicle,2,500.0,20.0,False,False,3,False,False,False,False,False,False,False,False,1,,,,,missing required trajectory columns
store\data_saved\phase2_B5AR_positive_velocity_report\hp500m_vp50mps_sp2deg\phase2_B5A_hp500m_vp50mps_sp2deg_by_vehicle.csv,B5A,phase2_B5A_hp500m_vp50mps_sp2deg_by_vehicle,0,500.0,50.0,False,False,3,False,False,False,False,False,False,False,False,1,,,,,missing required trajectory columns
store\data_saved\phase2_B5AR_positive_velocity_report\hp500m_vp50mps_sp2deg\phase2_B5A_hp500m_vp50mps_sp2deg_by_vehicle.csv,B5A,phase2_B5A_hp500m_vp50mps_sp2deg_by_vehicle,1,500.0,50.0,False,False,3,False,False,False,False,False,False,False,False,1,,,,,missing required trajectory columns
store\data_saved\phase2_B5AR_positive_velocity_report\hp500m_vp50mps_sp2deg\phase2_B5A_hp500m_vp50mps_sp2deg_by_vehicle.csv,B5A,phase2_B5A_hp500m_vp50mps_sp2deg_by_vehicle,2,500.0,50.0,False,False,3,False,False,False,False,False,False,False,False,1,,,,,missing required trajectory columns
store\data_saved\phase2_B5AR_positive_velocity_report\hp500m_vp30mps_sp2deg\phase2_B5A_hp500m_vp30mps_sp2deg_by_vehicle.csv,B5A,phase2_B5A_hp500m_vp30mps_sp2deg_by_vehicle,0,500.0,30.0,False,False,3,False,False,False,False,False,False,False,False,1,,,,,missing required trajectory columns
store\data_saved\phase2_B5AR_positive_velocity_report\hp500m_vp30mps_sp2deg\phase2_B5A_hp500m_vp30mps_sp2deg_by_vehicle.csv,B5A,phase2_B5A_hp500m_vp30mps_sp2deg_by_vehicle,1,500.0,30.0,False,False,3,False,False,False,False,False,False,False,False,1,,,,,missing required trajectory columns
store\data_saved\phase2_B5AR_positive_velocity_report\hp500m_vp30mps_sp2deg\phase2_B5A_hp500m_vp30mps_sp2deg_by_vehicle.csv,B5A,phase2_B5A_hp500m_vp30mps_sp2deg_by_vehicle,2,500.0,30.0,False,False,3,False,False,False,False,False,False,False,False,1,,,,,missing required trajectory columns
store\data_saved\phase2_B5AR_positive_velocity_report\hz0m_vp30mps_sp2deg\phase2_B5A_hz0m_vp30mps_sp2deg_by_vehicle.csv,B5A,phase2_B5A_hz0m_vp30mps_sp2deg_by_vehicle,0,,30.0,,False,3,False,False,False,False,False,False,False,False,1,,,,,missing required trajectory columns
store\data_saved\phase2_B5AR_positive_velocity_report\hz0m_vp30mps_sp2deg\phase2_B5A_hz0m_vp30mps_sp2deg_by_vehicle.csv,B5A,phase2_B5A_hz0m_vp30mps_sp2deg_by_vehicle,1,,30.0,,False,3,False,False,False,False,False,False,False,False,1,,,,,missing required trajectory columns
store\data_saved\phase2_B5AR_positive_velocity_report\hz0m_vp30mps_sp2deg\phase2_B5A_hz0m_vp30mps_sp2deg_by_vehicle.csv,B5A,phase2_B5A_hz0m_vp30mps_sp2deg_by_vehicle,2,,30.0,,False,3,False,False,False,False,False,False,False,False,1,,,,,missing required trajectory columns
store\data_saved\phase2_B5AR_positive_velocity_report\hz0m_vp10mps_sp2deg\phase2_B5A_hz0m_vp10mps_sp2deg_by_vehicle.csv,B5A,phase2_B5A_hz0m_vp10mps_sp2deg_by_vehicle,0,,10.0,,False,3,False,False,False,False,False,False,False,False,1,,,,,missing required trajectory columns
store\data_saved\phase2_B5AR_positive_velocity_report\hz0m_vp10mps_sp2deg\phase2_B5A_hz0m_vp10mps_sp2deg_by_vehicle.csv,B5A,phase2_B5A_hz0m_vp10mps_sp2deg_by_vehicle,1,,10.0,,False,3,False,False,False,False,False,False,False,False,1,,,,,missing required trajectory columns
store\data_saved\phase2_B5AR_positive_velocity_report\hz0m_vp10mps_sp2deg\phase2_B5A_hz0m_vp10mps_sp2deg_by_vehicle.csv,B5A,phase2_B5A_hz0m_vp10mps_sp2deg_by_vehicle,2,,10.0,,False,3,False,False,False,False,False,False,False,False,1,,,,,missing required trajectory columns
store\data_saved\phase2_B5AR_positive_velocity_report\hz0m_vp40mps_sp2deg\phase2_B5A_hz0m_vp40mps_sp2deg_by_vehicle.csv,B5A,phase2_B5A_hz0m_vp40mps_sp2deg_by_vehicle,0,,40.0,,False,3,False,False,False,False,False,False,False,False,1,,,,,missing required trajectory columns
store\data_saved\phase2_B5AR_positive_velocity_report\hz0m_vp40mps_sp2deg\phase2_B5A_hz0m_vp40mps_sp2deg_by_vehicle.csv,B5A,phase2_B5A_hz0m_vp40mps_sp2deg_by_vehicle,1,,40.0,,False,3,False,False,False,False,False,False,False,False,1,,,,,missing required trajectory columns
store\data_saved\phase2_B5AR_positive_velocity_report\hz0m_vp40mps_sp2deg\phase2_B5A_hz0m_vp40mps_sp2deg_by_vehicle.csv,B5A,phase2_B5A_hz0m_vp40mps_sp2deg_by_vehicle,2,,40.0,,False,3,False,False,False,False,False,False,False,False,1,,,,,missing required trajectory columns
store\data_saved\phase2_B5AR_positive_velocity_report\hz0m_vp20mps_sp2deg\phase2_B5A_hz0m_vp20mps_sp2deg_by_vehicle.csv,B5A,phase2_B5A_hz0m_vp20mps_sp2deg_by_vehicle,0,,20.0,,False,3,False,False,False,False,False,False,False,False,1,,,,,missing required trajectory columns
store\data_saved\phase2_B5AR_positive_velocity_report\hz0m_vp20mps_sp2deg\phase2_B5A_hz0m_vp20mps_sp2deg_by_vehicle.csv,B5A,phase2_B5A_hz0m_vp20mps_sp2deg_by_vehicle,1,,20.0,,False,3,False,False,False,False,False,False,False,False,1,,,,,missing required trajectory columns
store\data_saved\phase2_B5AR_positive_velocity_report\hz0m_vp20mps_sp2deg\phase2_B5A_hz0m_vp20mps_sp2deg_by_vehicle.csv,B5A,phase2_B5A_hz0m_vp20mps_sp2deg_by_vehicle,2,,20.0,,False,3,False,False,False,False,False,False,False,False,1,,,,,missing required trajectory columns
store\data_saved\phase2_B5AR_positive_velocity_report\hz0m_vp50mps_sp2deg\mis2\phase2_B1_by_vehicle.csv,B5A,phase2_B1_by_vehicle,0,,50.0,,False,3,False,False,False,False,False,False,False,False,1,,,,,missing required trajectory columns
store\data_saved\phase2_B5AR_positive_velocity_report\hz0m_vp50mps_sp2deg\mis2\phase2_B1_by_vehicle.csv,B5A,phase2_B1_by_vehicle,1,,50.0,,False,3,False,False,False,False,False,False,False,False,1,,,,,missing required trajectory columns
store\data_saved\phase2_B5AR_positive_velocity_report\hz0m_vp50mps_sp2deg\mis2\phase2_B1_by_vehicle.csv,B5A,phase2_B1_by_vehicle,2,,50.0,,False,3,False,False,False,False,False,False,False,False,1,,,,,missing required trajectory columns
store\data_saved\phase2_B5AR_positive_velocity_report\hz0m_vp50mps_sp2deg\phase2_B5A_hz0m_vp50mps_sp2deg_by_vehicle.csv,B5A,phase2_B5A_hz0m_vp50mps_sp2deg_by_vehicle,0,,50.0,,False,3,False,False,False,False,False,False,False,False,1,,,,,missing required trajectory columns
store\data_saved\phase2_B5AR_positive_velocity_report\hz0m_vp50mps_sp2deg\phase2_B5A_hz0m_vp50mps_sp2deg_by_vehicle.csv,B5A,phase2_B5A_hz0m_vp50mps_sp2deg_by_vehicle,1,,50.0,,False,3,False,False,False,False,False,False,False,False,1,,,,,missing required trajectory columns
store\data_saved\phase2_B5AR_positive_velocity_report\hz0m_vp50mps_sp2deg\phase2_B5A_hz0m_vp50mps_sp2deg_by_vehicle.csv,B5A,phase2_B5A_hz0m_vp50mps_sp2deg_by_vehicle,2,,50.0,,False,3,False,False,False,False,False,False,False,False,1,,,,,missing required trajectory columns
store\data_saved\PHASE2_B2R_ROLE_DISTINCT_PASS_FREEZE\phase2_B2R_by_vehicle.csv,B2,phase2_B2R_by_vehicle,0,,,,False,3,False,False,False,False,False,False,False,False,1,,,,,missing required trajectory columns
store\data_saved\PHASE2_B2R_ROLE_DISTINCT_PASS_FREEZE\phase2_B2R_by_vehicle.csv,B2,phase2_B2R_by_vehicle,1,,,,False,3,False,False,False,False,False,False,False,False,1,,,,,missing required trajectory columns
store\data_saved\PHASE2_B2R_ROLE_DISTINCT_PASS_FREEZE\phase2_B2R_by_vehicle.csv,B2,phase2_B2R_by_vehicle,2,,,,False,3,False,False,False,False,False,False,False,False,1,,,,,missing required trajectory columns
store\data_saved\phase2_B5B_mc_pilot\conservative_u3\case_reports\mc000_hp273p956_vm23p667\hp273p956m_vm23p6673mps_sp2deg\phase2_B5A_hp273p956m_vm23p6673mps_sp2deg_by_vehicle.csv,B5A,phase2_B5A_hp273p956m_vm23p6673mps_sp2deg_by_vehicle,0,273.956,-23.667,False,False,3,False,False,False,False,False,False,False,False,1,,,,,missing required trajectory columns
store\data_saved\phase2_B5B_mc_pilot\conservative_u3\case_reports\mc000_hp273p956_vm23p667\hp273p956m_vm23p6673mps_sp2deg\phase2_B5A_hp273p956m_vm23p6673mps_sp2deg_by_vehicle.csv,B5A,phase2_B5A_hp273p956m_vm23p6673mps_sp2deg_by_vehicle,1,273.956,-23.667,False,False,3,False,False,False,False,False,False,False,False,1,,,,,missing required trajectory columns
store\data_saved\phase2_B5B_mc_pilot\conservative_u3\case_reports\mc000_hp273p956_vm23p667\hp273p956m_vm23p6673mps_sp2deg\phase2_B5A_hp273p956m_vm23p6673mps_sp2deg_by_vehicle.csv,B5A,phase2_B5A_hp273p956m_vm23p6673mps_sp2deg_by_vehicle,2,273.956,-23.667,False,False,3,False,False,False,False,False,False,False,False,1,,,,,missing required trajectory columns
store\data_saved\phase2_B5B_mc_pilot\conservative_u3\case_reports\mc001_hp358p598_vm8p158\hp358p598m_vm8p15792mps_sp2deg\phase2_B5A_hp358p598m_vm8p15792mps_sp2deg_by_vehicle.csv,B5A,phase2_B5A_hp358p598m_vm8p15792mps_sp2deg_by_vehicle,0,358.598,-8.158,True,False,3,False,False,False,False,False,False,False,False,1,,,,,missing required trajectory columns
store\data_saved\phase2_B5B_mc_pilot\conservative_u3\case_reports\mc001_hp358p598_vm8p158\hp358p598m_vm8p15792mps_sp2deg\phase2_B5A_hp358p598m_vm8p15792mps_sp2deg_by_vehicle.csv,B5A,phase2_B5A_hp358p598m_vm8p15792mps_sp2deg_by_vehicle,1,358.598,-8.158,True,False,3,False,False,False,False,False,False,False,False,1,,,,,missing required trajectory columns
store\data_saved\phase2_B5B_mc_pilot\conservative_u3\case_reports\mc001_hp358p598_vm8p158\hp358p598m_vm8p15792mps_sp2deg\phase2_B5A_hp358p598m_vm8p15792mps_sp2deg_by_vehicle.csv,B5A,phase2_B5A_hp358p598m_vm8p15792mps_sp2deg_by_vehicle,2,358.598,-8.158,True,False,3,False,False,False,False,False,False,False,False,1,,,,,missing required trajectory columns
store\data_saved\phase2_B5B_mc_pilot\conservative_u3\case_reports\mc002_hm405p823_vp8p537\hm405p823m_vp8p53734mps_sp2deg\phase2_B5A_hm405p823m_vp8p53734mps_sp2deg_by_vehicle.csv,B5A,phase2_B5A_hm405p823m_vp8p53734mps_sp2deg_by_vehicle,2,-405.823,8.537,False,False,3,False,False,False,False,False,False,False,False,1,,,,,missing required trajectory columns
store\data_saved\phase2_B3A_heading_spread_report\spread_3deg\phase2_B3A_spread_3deg_by_vehicle.csv,B3,phase2_B3A_spread_3deg_by_vehicle,0,,,,False,3,False,False,False,False,False,False,False,False,1,,,,,missing required trajectory columns
store\data_saved\phase2_B3A_heading_spread_report\spread_3deg\phase2_B3A_spread_3deg_by_vehicle.csv,B3,phase2_B3A_spread_3deg_by_vehicle,1,,,,False,3,False,False,False,False,False,False,False,False,1,,,,,missing required trajectory columns
store\data_saved\phase2_B3A_heading_spread_report\spread_3deg\phase2_B3A_spread_3deg_by_vehicle.csv,B3,phase2_B3A_spread_3deg_by_vehicle,2,,,,False,3,False,False,False,False,False,False,False,False,1,,,,,missing required trajectory columns
store\data_saved\phase2_B5B_mc_pilot\conservative_u3\case_reports\mc003_hp261p140_vm2p836\hp261p14m_vm2p83614mps_sp2deg\phase2_B5A_hp261p14m_vm2p83614mps_sp2deg_by_vehicle.csv,B5A,phase2_B5A_hp261p14m_vm2p83614mps_sp2deg_by_vehicle,0,261.14,-2.836,True,False,3,False,False,False,False,False,False,False,False,1,,,,,missing required trajectory columns
store\data_saved\phase2_B5B_mc_pilot\conservative_u3\case_reports\mc003_hp261p140_vm2p836\hp261p14m_vm2p83614mps_sp2deg\phase2_B5A_hp261p14m_vm2p83614mps_sp2deg_by_vehicle.csv,B5A,phase2_B5A_hp261p14m_vm2p83614mps_sp2deg_by_vehicle,1,261.14,-2.836,True,False,3,False,False,False,False,False,False,False,False,1,,,,,missing required trajectory columns
store\data_saved\phase2_B5B_mc_pilot\conservative_u3\case_reports\mc003_hp261p140_vm2p836\hp261p14m_vm2p83614mps_sp2deg\phase2_B5A_hp261p14m_vm2p83614mps_sp2deg_by_vehicle.csv,B5A,phase2_B5A_hp261p14m_vm2p83614mps_sp2deg_by_vehicle,2,261.14,-2.836,True,False,3,False,False,False,False,False,False,False,False,1,,,,,missing required trajectory columns
store\data_saved\phase2_B5B_mc_pilot\conservative_u3\case_reports\mc002_hm405p823_vp8p537\hm405p823m_vp8p53734mps_sp2deg\phase2_B5A_hm405p823m_vp8p53734mps_sp2deg_by_vehicle.csv,B5A,phase2_B5A_hm405p823m_vp8p53734mps_sp2deg_by_vehicle,0,-405.823,8.537,False,False,3,False,False,False,False,False,False,False,False,1,,,,,missing required trajectory columns
store\data_saved\phase2_B5B_mc_pilot\conservative_u3\case_reports\mc002_hm405p823_vp8p537\hm405p823m_vp8p53734mps_sp2deg\phase2_B5A_hm405p823m_vp8p53734mps_sp2deg_by_vehicle.csv,B5A,phase2_B5A_hm405p823m_vp8p53734mps_sp2deg_by_vehicle,1,-405.823,8.537,False,False,3,False,False,False,False,False,False,False,False,1,,,,,missing required trajectory columns
store\data_saved\phase2_B5B_mc_pilot\conservative_u3\case_reports\mc004_hm371p886_vm22p977\hm371p886m_vm22p9768mps_sp2deg\phase2_B5A_hm371p886m_vm22p9768mps_sp2deg_by_vehicle.csv,B5A,phase2_B5A_hm371p886m_vm22p9768mps_sp2deg_by_vehicle,0,-371.886,-22.977,False,False,3,False,False,False,False,False,False,False,False,1,,,,,missing required trajectory columns
store\data_saved\phase2_B5B_mc_pilot\conservative_u3\case_reports\mc004_hm371p886_vm22p977\hm371p886m_vm22p9768mps_sp2deg\phase2_B5A_hm371p886m_vm22p9768mps_sp2deg_by_vehicle.csv,B5A,phase2_B5A_hm371p886m_vm22p9768mps_sp2deg_by_vehicle,1,-371.886,-22.977,False,False,3,False,False,False,False,False,False,False,False,1,,,,,missing required trajectory columns
store\data_saved\phase2_B5B_mc_pilot\conservative_u3\case_reports\mc004_hm371p886_vm22p977\hm371p886m_vm22p9768mps_sp2deg\phase2_B5A_hm371p886m_vm22p9768mps_sp2deg_by_vehicle.csv,B5A,phase2_B5A_hm371p886m_vm22p9768mps_sp2deg_by_vehicle,2,-371.886,-22.977,False,False,3,False,False,False,False,False,False,False,False,1,,,,,missing required trajectory columns
store\data_saved\phase2_B5B_mc_pilot\conservative_u3\case_reports\mc005_hm129p202_vp5p606\hm129p202m_vp5p6059mps_sp2deg\phase2_B5A_hm129p202m_vp5p6059mps_sp2deg_by_vehicle.csv,B5A,phase2_B5A_hm129p202m_vp5p6059mps_sp2deg_by_vehicle,0,-129.202,5.606,False,False,3,False,False,False,False,False,False,False,False,1,,,,,missing required trajectory columns
store\data_saved\phase2_B5B_mc_pilot\conservative_u3\case_reports\mc005_hm129p202_vp5p606\hm129p202m_vp5p6059mps_sp2deg\phase2_B5A_hm129p202m_vp5p6059mps_sp2deg_by_vehicle.csv,B5A,phase2_B5A_hm129p202m_vp5p6059mps_sp2deg_by_vehicle,1,-129.202,5.606,False,False,3,False,False,False,False,False,False,False,False,1,,,,,missing required trajectory columns
store\data_saved\phase2_B5B_mc_pilot\conservative_u3\case_reports\mc005_hm129p202_vp5p606\hm129p202m_vp5p6059mps_sp2deg\phase2_B5A_hm129p202m_vp5p6059mps_sp2deg_by_vehicle.csv,B5A,phase2_B5A_hm129p202m_vp5p6059mps_sp2deg_by_vehicle,2,-129.202,5.606,False,False,3,False,False,False,False,False,False,False,False,1,,,,,missing required trajectory columns
store\data_saved\phase2_B5B_mc_pilot\conservative_u3\case_reports\mc006_hp143p865_vm0p634\hp143p865m_vm0p634303mps_sp2deg\phase2_B5A_hp143p865m_vm0p634303mps_sp2deg_by_vehicle.csv,B5A,phase2_B5A_hp143p865m_vm0p634303mps_sp2deg_by_vehicle,2,143.865,-0.634,True,False,3,False,False,False,False,False,False,False,False,1,,,,,missing required trajectory columns
store\data_saved\phase2_B5B_mc_pilot\conservative_u3\case_reports\mc007_hm56p586_vm36p366\hm56p5858m_vm36p3657mps_sp2deg\phase2_B5A_hm56p5858m_vm36p3657mps_sp2deg_by_vehicle.csv,B5A,phase2_B5A_hm56p5858m_vm36p3657mps_sp2deg_by_vehicle,0,-56.586,-36.366,False,False,3,False,False,False,False,False,False,False,False,1,,,,,missing required trajectory columns
store\data_saved\phase2_B5B_mc_pilot\conservative_u3\case_reports\mc007_hm56p586_vm36p366\hm56p5858m_vm36p3657mps_sp2deg\phase2_B5A_hm56p5858m_vm36p3657mps_sp2deg_by_vehicle.csv,B5A,phase2_B5A_hm56p5858m_vm36p3657mps_sp2deg_by_vehicle,1,-56.586,-36.366,False,False,3,False,False,False,False,False,False,False,False,1,,,,,missing required trajectory columns
store\data_saved\phase2_B5B_mc_pilot\conservative_u3\case_reports\mc007_hm56p586_vm36p366\hm56p5858m_vm36p3657mps_sp2deg\phase2_B5A_hm56p5858m_vm36p3657mps_sp2deg_by_vehicle.csv,B5A,phase2_B5A_hm56p5858m_vm36p3657mps_sp2deg_by_vehicle,2,-56.586,-36.366,False,False,3,False,False,False,False,False,False,False,False,1,,,,,missing required trajectory columns
store\data_saved\phase2_B5B_mc_pilot\conservative_u3\case_reports\mc006_hp143p865_vm0p634\hp143p865m_vm0p634303mps_sp2deg\phase2_B5A_hp143p865m_vm0p634303mps_sp2deg_by_vehicle.csv,B5A,phase2_B5A_hp143p865m_vm0p634303mps_sp2deg_by_vehicle,0,143.865,-0.634,True,False,3,False,False,False,False,False,False,False,False,1,,,,,missing required trajectory columns
store\data_saved\phase2_B5B_mc_pilot\conservative_u3\case_reports\mc006_hp143p865_vm0p634\hp143p865m_vm0p634303mps_sp2deg\phase2_B5A_hp143p865m_vm0p634303mps_sp2deg_by_vehicle.csv,B5A,phase2_B5A_hp143p865m_vm0p634303mps_sp2deg_by_vehicle,1,143.865,-0.634,True,False,3,False,False,False,False,False,False,False,False,1,,,,,missing required trajectory columns
store\data_saved\phase2_B5B_mc_pilot\conservative_u3\case_reports\mc008_hp54p585_vm46p171\hp54p5848m_vm46p171mps_sp2deg\phase2_B5A_hp54p5848m_vm46p171mps_sp2deg_by_vehicle.csv,B5A,phase2_B5A_hp54p5848m_vm46p171mps_sp2deg_by_vehicle,0,54.585,-46.171,False,False,3,False,False,False,False,False,False,False,False,1,,,,,missing required trajectory columns
store\data_saved\phase2_B5B_mc_pilot\conservative_u3\case_reports\mc008_hp54p585_vm46p171\hp54p5848m_vm46p171mps_sp2deg\phase2_B5A_hp54p5848m_vm46p171mps_sp2deg_by_vehicle.csv,B5A,phase2_B5A_hp54p5848m_vm46p171mps_sp2deg_by_vehicle,1,54.585,-46.171,False,False,3,False,False,False,False,False,False,False,False,1,,,,,missing required trajectory columns
store\data_saved\phase2_B5B_mc_pilot\conservative_u3\case_reports\mc008_hp54p585_vm46p171\hp54p5848m_vm46p171mps_sp2deg\phase2_B5A_hp54p5848m_vm46p171mps_sp2deg_by_vehicle.csv,B5A,phase2_B5A_hp54p5848m_vm46p171mps_sp2deg_by_vehicle,2,54.585,-46.171,False,False,3,False,False,False,False,False,False,False,False,1,,,,,missing required trajectory columns
store\data_saved\phase2_B5B_mc_pilot\conservative_u3\case_reports\mc010_hp258p088_vm28p728\hp258p088m_vm28p7284mps_sp2deg\phase2_B5A_hp258p088m_vm28p7284mps_sp2deg_by_vehicle.csv,B5A,phase2_B5A_hp258p088m_vm28p7284mps_sp2deg_by_vehicle,2,258.088,-28.728,False,False,3,False,False,False,False,False,False,False,False,1,,,,,missing required trajectory columns
store\data_saved\phase2_B5B_mc_pilot\conservative_u3\case_reports\mc009_hp327p631_vm12p100\hp327p631m_vm12p1001mps_sp2deg\phase2_B5A_hp327p631m_vm12p1001mps_sp2deg_by_vehicle.csv,B5A,phase2_B5A_hp327p631m_vm12p1001mps_sp2deg_by_vehicle,0,327.631,-12.1,False,False,3,False,False,False,False,False,False,False,False,1,,,,,missing required trajectory columns
store\data_saved\phase2_B5B_mc_pilot\conservative_u3\case_reports\mc009_hp327p631_vm12p100\hp327p631m_vm12p1001mps_sp2deg\phase2_B5A_hp327p631m_vm12p1001mps_sp2deg_by_vehicle.csv,B5A,phase2_B5A_hp327p631m_vm12p1001mps_sp2deg_by_vehicle,1,327.631,-12.1,False,False,3,False,False,False,False,False,False,False,False,1,,,,,missing required trajectory columns
store\data_saved\phase2_B5B_mc_pilot\conservative_u3\case_reports\mc009_hp327p631_vm12p100\hp327p631m_vm12p1001mps_sp2deg\phase2_B5A_hp327p631m_vm12p1001mps_sp2deg_by_vehicle.csv,B5A,phase2_B5A_hp327p631m_vm12p1001mps_sp2deg_by_vehicle,2,327.631,-12.1,False,False,3,False,False,False,False,False,False,False,False,1,,,,,missing required trajectory columns
store\data_saved\phase2_B5B_mc_pilot\conservative_u3\case_reports\mc011_hp470p698_vp3p587\hp470p698m_vp3p58727mps_sp2deg\phase2_B5A_hp470p698m_vp3p58727mps_sp2deg_by_vehicle.csv,B5A,phase2_B5A_hp470p698m_vp3p58727mps_sp2deg_by_vehicle,0,470.698,3.587,True,False,3,False,False,False,False,False,False,False,False,1,,,,,missing required trajectory columns
store\data_saved\phase2_B5B_mc_pilot\conservative_u3\case_reports\mc010_hp258p088_vm28p728\hp258p088m_vm28p7284mps_sp2deg\phase2_B5A_hp258p088m_vm28p7284mps_sp2deg_by_vehicle.csv,B5A,phase2_B5A_hp258p088m_vm28p7284mps_sp2deg_by_vehicle,0,258.088,-28.728,False,False,3,False,False,False,False,False,False,False,False,1,,,,,missing required trajectory columns
store\data_saved\phase2_B5B_mc_pilot\conservative_u3\case_reports\mc010_hp258p088_vm28p728\hp258p088m_vm28p7284mps_sp2deg\phase2_B5A_hp258p088m_vm28p7284mps_sp2deg_by_vehicle.csv,B5A,phase2_B5A_hp258p088m_vm28p7284mps_sp2deg_by_vehicle,1,258.088,-28.728,False,False,3,False,False,False,False,False,False,False,False,1,,,,,missing required trajectory columns
store\data_saved\phase2_B5B_mc_pilot\conservative_u3\case_reports\mc011_hp470p698_vp3p587\hp470p698m_vp3p58727mps_sp2deg\phase2_B5A_hp470p698m_vp3p58727mps_sp2deg_by_vehicle.csv,B5A,phase2_B5A_hp470p698m_vp3p58727mps_sp2deg_by_vehicle,1,470.698,3.587,True,False,3,False,False,False,False,False,False,False,False,1,,,,,missing required trajectory columns
store\data_saved\phase2_B5B_mc_pilot\conservative_u3\case_reports\mc011_hp470p698_vp3p587\hp470p698m_vp3p58727mps_sp2deg\phase2_B5A_hp470p698m_vp3p58727mps_sp2deg_by_vehicle.csv,B5A,phase2_B5A_hp470p698m_vp3p58727mps_sp2deg_by_vehicle,2,470.698,3.587,True,False,3,False,False,False,False,False,False,False,False,1,,,,,missing required trajectory columns
store\data_saved\phase2_B5B_mc_pilot\conservative_u3\case_reports\mc012_hp278p383_vm38p322\hp278p383m_vm38p3217mps_sp2deg\phase2_B5A_hp278p383m_vm38p3217mps_sp2deg_by_vehicle.csv,B5A,phase2_B5A_hp278p383m_vm38p3217mps_sp2deg_by_vehicle,0,278.383,-38.322,False,False,3,False,False,False,False,False,False,False,False,1,,,,,missing required trajectory columns
store\data_saved\phase2_B5B_mc_pilot\conservative_u3\case_reports\mc012_hp278p383_vm38p322\hp278p383m_vm38p3217mps_sp2deg\phase2_B5A_hp278p383m_vm38p3217mps_sp2deg_by_vehicle.csv,B5A,phase2_B5A_hp278p383m_vm38p3217mps_sp2deg_by_vehicle,1,278.383,-38.322,False,False,3,False,False,False,False,False,False,False,False,1,,,,,missing required trajectory columns
store\data_saved\phase2_B5B_mc_pilot\conservative_u3\case_reports\mc012_hp278p383_vm38p322\hp278p383m_vm38p3217mps_sp2deg\phase2_B5A_hp278p383m_vm38p3217mps_sp2deg_by_vehicle.csv,B5A,phase2_B5A_hp278p383m_vm38p3217mps_sp2deg_by_vehicle,2,278.383,-38.322,False,False,3,False,False,False,False,False,False,False,False,1,,,,,missing required trajectory columns
store\data_saved\phase2_B5B_mc_pilot\conservative_u3\case_reports\mc014_hm345p711_vm9p017\hm345p711m_vm9p01706mps_sp2deg\phase2_B5A_hm345p711m_vm9p01706mps_sp2deg_by_vehicle.csv,B5A,phase2_B5A_hm345p711m_vm9p01706mps_sp2deg_by_vehicle,2,-345.711,-9.017,False,False,3,False,False,False,False,False,False,False,False,1,,,,,missing required trajectory columns
store\data_saved\phase2_B5B_mc_pilot\conservative_u3\case_reports\mc013_hm33p279_vm47p372\hm33p279m_vm47p3718mps_sp2deg\phase2_B5A_hm33p279m_vm47p3718mps_sp2deg_by_vehicle.csv,B5A,phase2_B5A_hm33p279m_vm47p3718mps_sp2deg_by_vehicle,0,-33.279,-47.372,False,False,3,False,False,False,False,False,False,False,False,1,,,,,missing required trajectory columns
store\data_saved\phase2_B5B_mc_pilot\conservative_u3\case_reports\mc013_hm33p279_vm47p372\hm33p279m_vm47p3718mps_sp2deg\phase2_B5A_hm33p279m_vm47p3718mps_sp2deg_by_vehicle.csv,B5A,phase2_B5A_hm33p279m_vm47p3718mps_sp2deg_by_vehicle,1,-33.279,-47.372,False,False,3,False,False,False,False,False,False,False,False,1,,,,,missing required trajectory columns
store\data_saved\phase2_B5B_mc_pilot\conservative_u3\case_reports\mc013_hm33p279_vm47p372\hm33p279m_vm47p3718mps_sp2deg\phase2_B5A_hm33p279m_vm47p3718mps_sp2deg_by_vehicle.csv,B5A,phase2_B5A_hm33p279m_vm47p3718mps_sp2deg_by_vehicle,2,-33.279,-47.372,False,False,3,False,False,False,False,False,False,False,False,1,,,,,missing required trajectory columns
store\data_saved\phase2_B5B_mc_pilot\conservative_u3\case_reports\mc015_hp244p762_vp8p051\hp244p762m_vp8p05058mps_sp2deg\phase2_B5A_hp244p762m_vp8p05058mps_sp2deg_by_vehicle.csv,B5A,phase2_B5A_hp244p762m_vp8p05058mps_sp2deg_by_vehicle,0,244.762,8.051,True,False,3,False,False,False,False,False,False,False,False,1,,,,,missing required trajectory columns
store\data_saved\phase2_B5B_mc_pilot\conservative_u3\case_reports\mc015_hp244p762_vp8p051\hp244p762m_vp8p05058mps_sp2deg\phase2_B5A_hp244p762m_vp8p05058mps_sp2deg_by_vehicle.csv,B5A,phase2_B5A_hp244p762m_vp8p05058mps_sp2deg_by_vehicle,1,244.762,8.051,True,False,3,False,False,False,False,False,False,False,False,1,,,,,missing required trajectory columns
store\data_saved\phase2_B5B_mc_pilot\conservative_u3\case_reports\mc015_hp244p762_vp8p051\hp244p762m_vp8p05058mps_sp2deg\phase2_B5A_hp244p762m_vp8p05058mps_sp2deg_by_vehicle.csv,B5A,phase2_B5A_hp244p762m_vp8p05058mps_sp2deg_by_vehicle,2,244.762,8.051,True,False,3,False,False,False,False,False,False,False,False,1,,,,,missing required trajectory columns
store\data_saved\phase2_B5B_mc_pilot\conservative_u3\case_reports\mc014_hm345p711_vm9p017\hm345p711m_vm9p01706mps_sp2deg\phase2_B5A_hm345p711m_vm9p01706mps_sp2deg_by_vehicle.csv,B5A,phase2_B5A_hm345p711m_vm9p01706mps_sp2deg_by_vehicle,0,-345.711,-9.017,False,False,3,False,False,False,False,False,False,False,False,1,,,,,missing required trajectory columns
store\data_saved\phase2_B5B_mc_pilot\conservative_u3\case_reports\mc014_hm345p711_vm9p017\hm345p711m_vm9p01706mps_sp2deg\phase2_B5A_hm345p711m_vm9p01706mps_sp2deg_by_vehicle.csv,B5A,phase2_B5A_hm345p711m_vm9p01706mps_sp2deg_by_vehicle,1,-345.711,-9.017,False,False,3,False,False,False,False,False,False,False,False,1,,,,,missing required trajectory columns
store\data_saved\phase2_B5B_mc_pilot\conservative_u3\case_reports\mc016_hm174p175_vm27p772\hm174p175m_vm27p7724mps_sp2deg\phase2_B5A_hm174p175m_vm27p7724mps_sp2deg_by_vehicle.csv,B5A,phase2_B5A_hm174p175m_vm27p7724mps_sp2deg_by_vehicle,0,-174.175,-27.772,False,False,3,False,False,False,False,False,False,False,False,1,,,,,missing required trajectory columns
store\data_saved\phase2_B5B_mc_pilot\conservative_u3\case_reports\mc016_hm174p175_vm27p772\hm174p175m_vm27p7724mps_sp2deg\phase2_B5A_hm174p175m_vm27p7724mps_sp2deg_by_vehicle.csv,B5A,phase2_B5A_hm174p175m_vm27p7724mps_sp2deg_by_vehicle,1,-174.175,-27.772,False,False,3,False,False,False,False,False,False,False,False,1,,,,,missing required trajectory columns
store\data_saved\phase2_B5B_mc_pilot\conservative_u3\case_reports\mc016_hm174p175_vm27p772\hm174p175m_vm27p7724mps_sp2deg\phase2_B5A_hm174p175m_vm27p7724mps_sp2deg_by_vehicle.csv,B5A,phase2_B5A_hm174p175m_vm27p7724mps_sp2deg_by_vehicle,2,-174.175,-27.772,False,False,3,False,False,False,False,False,False,False,False,1,,,,,missing required trajectory columns
store\data_saved\phase2_B3A_heading_spread_report\spread_2deg\phase2_B3A_spread_2deg_by_vehicle.csv,B3,phase2_B3A_spread_2deg_by_vehicle,0,,,,False,3,False,False,False,False,False,False,False,False,1,,,,,missing required trajectory columns
store\data_saved\phase2_B3A_heading_spread_report\spread_2deg\phase2_B3A_spread_2deg_by_vehicle.csv,B3,phase2_B3A_spread_2deg_by_vehicle,1,,,,False,3,False,False,False,False,False,False,False,False,1,,,,,missing required trajectory columns
store\data_saved\phase2_B3A_heading_spread_report\spread_2deg\phase2_B3A_spread_2deg_by_vehicle.csv,B3,phase2_B3A_spread_2deg_by_vehicle,2,,,,False,3,False,False,False,False,False,False,False,False,1,,,,,missing required trajectory columns
store\data_saved\phase2_B5B_mc_pilot\conservative_u3\case_reports\mc017_hm30p444_vm38p632\hm30p4442m_vm38p6317mps_sp2deg\phase2_B5A_hm30p4442m_vm38p6317mps_sp2deg_by_vehicle.csv,B5A,phase2_B5A_hm30p4442m_vm38p6317mps_sp2deg_by_vehicle,0,-30.444,-38.632,False,False,3,False,False,False,False,False,False,False,False,1,,,,,missing required trajectory columns
store\data_saved\phase2_B5B_mc_pilot\conservative_u3\case_reports\mc017_hm30p444_vm38p632\hm30p4442m_vm38p6317mps_sp2deg\phase2_B5A_hm30p4442m_vm38p6317mps_sp2deg_by_vehicle.csv,B5A,phase2_B5A_hm30p4442m_vm38p6317mps_sp2deg_by_vehicle,1,-30.444,-38.632,False,False,3,False,False,False,False,False,False,False,False,1,,,,,missing required trajectory columns
store\data_saved\phase2_B5B_mc_pilot\conservative_u3\case_reports\mc017_hm30p444_vm38p632\hm30p4442m_vm38p6317mps_sp2deg\phase2_B5A_hm30p4442m_vm38p6317mps_sp2deg_by_vehicle.csv,B5A,phase2_B5A_hm30p4442m_vm38p6317mps_sp2deg_by_vehicle,2,-30.444,-38.632,False,False,3,False,False,False,False,False,False,False,False,1,,,,,missing required trajectory columns
store\data_saved\phase2_B5B_mc_pilot\conservative_u3\case_reports\mc018_hm370p078_vm21p458\hm370p078m_vm21p4577mps_sp2deg\phase2_B5A_hm370p078m_vm21p4577mps_sp2deg_by_vehicle.csv,B5A,phase2_B5A_hm370p078m_vm21p4577mps_sp2deg_by_vehicle,2,-370.078,-21.458,False,False,3,False,False,False,False,False,False,False,False,1,,,,,missing required trajectory columns
store\data_saved\phase2_B5B_mc_pilot\conservative_u3\case_reports\mc019_hm273p091_vm9p811\hm273p091m_vm9p81116mps_sp2deg\phase2_B5A_hm273p091m_vm9p81116mps_sp2deg_by_vehicle.csv,B5A,phase2_B5A_hm273p091m_vm9p81116mps_sp2deg_by_vehicle,0,-273.091,-9.811,False,False,3,False,False,False,False,False,False,False,False,1,,,,,missing required trajectory columns
store\data_saved\phase2_B5B_mc_pilot\conservative_u3\case_reports\mc019_hm273p091_vm9p811\hm273p091m_vm9p81116mps_sp2deg\phase2_B5A_hm273p091m_vm9p81116mps_sp2deg_by_vehicle.csv,B5A,phase2_B5A_hm273p091m_vm9p81116mps_sp2deg_by_vehicle,1,-273.091,-9.811,False,False,3,False,False,False,False,False,False,False,False,1,,,,,missing required trajectory columns
store\data_saved\phase2_B5B_mc_pilot\conservative_u3\case_reports\mc019_hm273p091_vm9p811\hm273p091m_vm9p81116mps_sp2deg\phase2_B5A_hm273p091m_vm9p81116mps_sp2deg_by_vehicle.csv,B5A,phase2_B5A_hm273p091m_vm9p81116mps_sp2deg_by_vehicle,2,-273.091,-9.811,False,False,3,False,False,False,False,False,False,False,False,1,,,,,missing required trajectory columns
store\data_saved\phase2_B5B_mc_pilot\conservative_u3\case_reports\mc018_hm370p078_vm21p458\hm370p078m_vm21p4577mps_sp2deg\phase2_B5A_hm370p078m_vm21p4577mps_sp2deg_by_vehicle.csv,B5A,phase2_B5A_hm370p078m_vm21p4577mps_sp2deg_by_vehicle,0,-370.078,-21.458,False,False,3,False,False,False,False,False,False,False,False,1,,,,,missing required trajectory columns
store\data_saved\phase2_B5B_mc_pilot\conservative_u3\case_reports\mc018_hm370p078_vm21p458\hm370p078m_vm21p4577mps_sp2deg\phase2_B5A_hm370p078m_vm21p4577mps_sp2deg_by_vehicle.csv,B5A,phase2_B5A_hm370p078m_vm21p4577mps_sp2deg_by_vehicle,1,-370.078,-21.458,False,False,3,False,False,False,False,False,False,False,False,1,,,,,missing required trajectory columns
store\data_saved\phase2_B5B_mc_pilot\conservative_u3\case_reports\mc021_hp200p265_vm31p258\hp200p265m_vm31p258mps_sp2deg\phase2_B5A_hp200p265m_vm31p258mps_sp2deg_by_vehicle.csv,B5A,phase2_B5A_hp200p265m_vm31p258mps_sp2deg_by_vehicle,0,200.265,-31.258,False,False,3,False,False,False,False,False,False,False,False,1,,,,,missing required trajectory columns
store\data_saved\phase2_B5B_mc_pilot\conservative_u3\case_reports\mc021_hp200p265_vm31p258\hp200p265m_vm31p258mps_sp2deg\phase2_B5A_hp200p265m_vm31p258mps_sp2deg_by_vehicle.csv,B5A,phase2_B5A_hp200p265m_vm31p258mps_sp2deg_by_vehicle,1,200.265,-31.258,False,False,3,False,False,False,False,False,False,False,False,1,,,,,missing required trajectory columns
store\data_saved\phase2_B5B_mc_pilot\conservative_u3\case_reports\mc021_hp200p265_vm31p258\hp200p265m_vm31p258mps_sp2deg\phase2_B5A_hp200p265m_vm31p258mps_sp2deg_by_vehicle.csv,B5A,phase2_B5A_hp200p265m_vm31p258mps_sp2deg_by_vehicle,2,200.265,-31.258,False,False,3,False,False,False,False,False,False,False,False,1,,,,,missing required trajectory columns
store\data_saved\phase2_B5B_mc_pilot\conservative_u3\case_reports\mc022_hp332p260_vm1p714\hp332p26m_vm1p71414mps_sp2deg\phase2_B5A_hp332p26m_vm1p71414mps_sp2deg_by_vehicle.csv,B5A,phase2_B5A_hp332p26m_vm1p71414mps_sp2deg_by_vehicle,0,332.26,-1.714,True,False,3,False,False,False,False,False,False,False,False,1,,,,,missing required trajectory columns
store\data_saved\phase2_B5B_mc_pilot\conservative_u3\case_reports\mc022_hp332p260_vm1p714\hp332p26m_vm1p71414mps_sp2deg\phase2_B5A_hp332p26m_vm1p71414mps_sp2deg_by_vehicle.csv,B5A,phase2_B5A_hp332p26m_vm1p71414mps_sp2deg_by_vehicle,1,332.26,-1.714,True,False,3,False,False,False,False,False,False,False,False,1,,,,,missing required trajectory columns
store\data_saved\phase2_B5B_mc_pilot\conservative_u3\case_reports\mc022_hp332p260_vm1p714\hp332p26m_vm1p71414mps_sp2deg\phase2_B5A_hp332p26m_vm1p71414mps_sp2deg_by_vehicle.csv,B5A,phase2_B5A_hp332p26m_vm1p71414mps_sp2deg_by_vehicle,2,332.26,-1.714,True,False,3,False,False,False,False,False,False,False,False,1,,,,,missing required trajectory columns
store\data_saved\phase2_B5B_mc_pilot\conservative_u3\case_reports\mc023_hm112p522_vm32p700\hm112p522m_vm32p7003mps_sp2deg\phase2_B5A_hm112p522m_vm32p7003mps_sp2deg_by_vehicle.csv,B5A,phase2_B5A_hm112p522m_vm32p7003mps_sp2deg_by_vehicle,1,-112.522,-32.7,False,False,3,False,False,False,False,False,False,False,False,1,,,,,missing required trajectory columns
store\data_saved\phase2_B5B_mc_pilot\conservative_u3\case_reports\mc023_hm112p522_vm32p700\hm112p522m_vm32p7003mps_sp2deg\phase2_B5A_hm112p522m_vm32p7003mps_sp2deg_by_vehicle.csv,B5A,phase2_B5A_hm112p522m_vm32p7003mps_sp2deg_by_vehicle,2,-112.522,-32.7,False,False,3,False,False,False,False,False,False,False,False,1,,,,,missing required trajectory columns
store\data_saved\phase2_B5B_mc_pilot\conservative_u3\case_reports\mc024_hp182p496_vm41p615\hp182p496m_vm41p6149mps_sp2deg\phase2_B5A_hp182p496m_vm41p6149mps_sp2deg_by_vehicle.csv,B5A,phase2_B5A_hp182p496m_vm41p6149mps_sp2deg_by_vehicle,0,182.496,-41.615,False,False,3,False,False,False,False,False,False,False,False,1,,,,,missing required trajectory columns
store\data_saved\phase2_B5B_mc_pilot\conservative_u3\case_reports\mc024_hp182p496_vm41p615\hp182p496m_vm41p6149mps_sp2deg\phase2_B5A_hp182p496m_vm41p6149mps_sp2deg_by_vehicle.csv,B5A,phase2_B5A_hp182p496m_vm41p6149mps_sp2deg_by_vehicle,1,182.496,-41.615,False,False,3,False,False,False,False,False,False,False,False,1,,,,,missing required trajectory columns
store\data_saved\phase2_B5B_mc_pilot\conservative_u3\case_reports\mc024_hp182p496_vm41p615\hp182p496m_vm41p6149mps_sp2deg\phase2_B5A_hp182p496m_vm41p6149mps_sp2deg_by_vehicle.csv,B5A,phase2_B5A_hp182p496m_vm41p6149mps_sp2deg_by_vehicle,2,182.496,-41.615,False,False,3,False,False,False,False,False,False,False,False,1,,,,,missing required trajectory columns
store\data_saved\phase2_B5B_mc_pilot\conservative_u3\case_reports\mc023_hm112p522_vm32p700\hm112p522m_vm32p7003mps_sp2deg\phase2_B5A_hm112p522m_vm32p7003mps_sp2deg_by_vehicle.csv,B5A,phase2_B5A_hm112p522m_vm32p7003mps_sp2deg_by_vehicle,0,-112.522,-32.7,False,False,3,False,False,False,False,False,False,False,False,1,,,,,missing required trajectory columns
store\data_saved\phase2_B5B_mc_pilot\conservative_u3\case_reports\mc025_hm300p092_vm49p558\hm300p092m_vm49p5583mps_sp2deg\phase2_B5A_hm300p092m_vm49p5583mps_sp2deg_by_vehicle.csv,B5A,phase2_B5A_hm300p092m_vm49p5583mps_sp2deg_by_vehicle,0,-300.092,-49.558,False,False,3,False,False,False,False,False,False,False,False,1,,,,,missing required trajectory columns
store\data_saved\phase2_B5B_mc_pilot\conservative_u3\case_reports\mc025_hm300p092_vm49p558\hm300p092m_vm49p5583mps_sp2deg\phase2_B5A_hm300p092m_vm49p5583mps_sp2deg_by_vehicle.csv,B5A,phase2_B5A_hm300p092m_vm49p5583mps_sp2deg_by_vehicle,1,-300.092,-49.558,False,False,3,False,False,False,False,False,False,False,False,1,,,,,missing required trajectory columns
store\data_saved\phase2_B5B_mc_pilot\conservative_u3\case_reports\mc025_hm300p092_vm49p558\hm300p092m_vm49p5583mps_sp2deg\phase2_B5A_hm300p092m_vm49p5583mps_sp2deg_by_vehicle.csv,B5A,phase2_B5A_hm300p092m_vm49p5583mps_sp2deg_by_vehicle,2,-300.092,-49.558,False,False,3,False,False,False,False,False,False,False,False,1,,,,,missing required trajectory columns
store\data_saved\phase2_B5B_mc_pilot\conservative_u3\case_reports\mc027_hp205p165_vm3p156\hp205p165m_vm3p15626mps_sp2deg\phase2_B5A_hp205p165m_vm3p15626mps_sp2deg_by_vehicle.csv,B5A,phase2_B5A_hp205p165m_vm3p15626mps_sp2deg_by_vehicle,1,205.165,-3.156,True,False,3,False,False,False,False,False,False,False,False,1,,,,,missing required trajectory columns
store\data_saved\phase2_B5B_mc_pilot\conservative_u3\case_reports\mc027_hp205p165_vm3p156\hp205p165m_vm3p15626mps_sp2deg\phase2_B5A_hp205p165m_vm3p15626mps_sp2deg_by_vehicle.csv,B5A,phase2_B5A_hp205p165m_vm3p15626mps_sp2deg_by_vehicle,2,205.165,-3.156,True,False,3,False,False,False,False,False,False,False,False,1,,,,,missing required trajectory columns
store\data_saved\phase2_B5B_mc_pilot\conservative_u3\case_reports\mc026_hp286p924_vm10p109\hp286p924m_vm10p1089mps_sp2deg\phase2_B5A_hp286p924m_vm10p1089mps_sp2deg_by_vehicle.csv,B5A,phase2_B5A_hp286p924m_vm10p1089mps_sp2deg_by_vehicle,0,286.924,-10.109,False,False,3,False,False,False,False,False,False,False,False,1,,,,,missing required trajectory columns
store\data_saved\phase2_B5B_mc_pilot\conservative_u3\case_reports\mc026_hp286p924_vm10p109\hp286p924m_vm10p1089mps_sp2deg\phase2_B5A_hp286p924m_vm10p1089mps_sp2deg_by_vehicle.csv,B5A,phase2_B5A_hp286p924m_vm10p1089mps_sp2deg_by_vehicle,1,286.924,-10.109,False,False,3,False,False,False,False,False,False,False,False,1,,,,,missing required trajectory columns
store\data_saved\phase2_B5B_mc_pilot\conservative_u3\case_reports\mc026_hp286p924_vm10p109\hp286p924m_vm10p1089mps_sp2deg\phase2_B5A_hp286p924m_vm10p1089mps_sp2deg_by_vehicle.csv,B5A,phase2_B5A_hp286p924m_vm10p1089mps_sp2deg_by_vehicle,2,286.924,-10.109,False,False,3,False,False,False,False,False,False,False,False,1,,,,,missing required trajectory columns
store\data_saved\phase2_B5B_mc_pilot\conservative_u3\case_reports\mc028_hm41p084_vm15p876\hm41p0842m_vm15p8755mps_sp2deg\phase2_B5A_hm41p0842m_vm15p8755mps_sp2deg_by_vehicle.csv,B5A,phase2_B5A_hm41p0842m_vm15p8755mps_sp2deg_by_vehicle,0,-41.084,-15.876,False,False,3,False,False,False,False,False,False,False,False,1,,,,,missing required trajectory columns
store\data_saved\phase2_B5B_mc_pilot\conservative_u3\case_reports\mc027_hp205p165_vm3p156\hp205p165m_vm3p15626mps_sp2deg\phase2_B5A_hp205p165m_vm3p15626mps_sp2deg_by_vehicle.csv,B5A,phase2_B5A_hp205p165m_vm3p15626mps_sp2deg_by_vehicle,0,205.165,-3.156,True,False,3,False,False,False,False,False,False,False,False,1,,,,,missing required trajectory columns
store\data_saved\phase2_B5B_mc_pilot\conservative_u3\case_reports\mc028_hm41p084_vm15p876\hm41p0842m_vm15p8755mps_sp2deg\phase2_B5A_hm41p0842m_vm15p8755mps_sp2deg_by_vehicle.csv,B5A,phase2_B5A_hm41p0842m_vm15p8755mps_sp2deg_by_vehicle,1,-41.084,-15.876,False,False,3,False,False,False,False,False,False,False,False,1,,,,,missing required trajectory columns
store\data_saved\phase2_B5B_mc_pilot\conservative_u3\case_reports\mc028_hm41p084_vm15p876\hm41p0842m_vm15p8755mps_sp2deg\phase2_B5A_hm41p0842m_vm15p8755mps_sp2deg_by_vehicle.csv,B5A,phase2_B5A_hm41p0842m_vm15p8755mps_sp2deg_by_vehicle,2,-41.084,-15.876,False,False,3,False,False,False,False,False,False,False,False,1,,,,,missing required trajectory columns
store\data_saved\phase2_B5B_mc_pilot\conservative_u3\case_reports\mc029_hm360p203_vm43p128\hm360p203m_vm43p1282mps_sp2deg\mis1\phase2_B1_by_vehicle.csv,B5B,phase2_B1_by_vehicle,0,-360.203,-43.128,False,False,3,False,False,False,False,False,False,False,False,1,,,,,missing required trajectory columns
store\data_saved\phase2_B5B_mc_pilot\conservative_u3\case_reports\mc029_hm360p203_vm43p128\hm360p203m_vm43p1282mps_sp2deg\mis2\phase2_B1_by_vehicle.csv,B5B,phase2_B1_by_vehicle,1,-360.203,-43.128,False,False,3,False,False,False,False,False,False,False,False,1,,,,,missing required trajectory columns
store\data_saved\phase2_B5B_mc_pilot\conservative_u3\case_reports\mc029_hm360p203_vm43p128\hm360p203m_vm43p1282mps_sp2deg\mis2\phase2_B1_by_vehicle.csv,B5B,phase2_B1_by_vehicle,2,-360.203,-43.128,False,False,3,False,False,False,False,False,False,False,False,1,,,,,missing required trajectory columns
store\data_saved\phase2_B5B_mc_pilot\conservative_u3\case_reports\mc029_hm360p203_vm43p128\hm360p203m_vm43p1282mps_sp2deg\phase2_B5A_hm360p203m_vm43p1282mps_sp2deg_by_vehicle.csv,B5A,phase2_B5A_hm360p203m_vm43p1282mps_sp2deg_by_vehicle,0,-360.203,-43.128,False,False,3,False,False,False,False,False,False,False,False,1,,,,,missing required trajectory columns
store\data_saved\phase2_B5B_mc_pilot\conservative_u3\case_reports\mc029_hm360p203_vm43p128\hm360p203m_vm43p1282mps_sp2deg\phase2_B5A_hm360p203m_vm43p1282mps_sp2deg_by_vehicle.csv,B5A,phase2_B5A_hm360p203m_vm43p1282mps_sp2deg_by_vehicle,1,-360.203,-43.128,False,False,3,False,False,False,False,False,False,False,False,1,,,,,missing required trajectory columns
store\data_saved\phase2_B5B_mc_pilot\conservative_u3\case_reports\mc029_hm360p203_vm43p128\hm360p203m_vm43p1282mps_sp2deg\phase2_B5A_hm360p203m_vm43p1282mps_sp2deg_by_vehicle.csv,B5A,phase2_B5A_hm360p203m_vm43p1282mps_sp2deg_by_vehicle,2,-360.203,-43.128,False,False,3,False,False,False,False,False,False,False,False,1,,,,,missing required trajectory columns
store\data_saved\phase2_B2_integrity_audit\b2_integrity_first_last.csv,B2,b2_integrity_first_last,0,,,,False,3,False,False,False,False,False,False,False,False,1,,,,,missing required trajectory columns
store\data_saved\phase2_B2_integrity_audit\b2_integrity_first_last.csv,B2,b2_integrity_first_last,1,,,,False,3,False,False,False,False,False,False,False,False,1,,,,,missing required trajectory columns
store\data_saved\phase2_B2_integrity_audit\b2_integrity_first_last.csv,B2,b2_integrity_first_last,2,,,,False,3,False,False,False,False,False,False,False,False,1,,,,,missing required trajectory columns
store\data_saved\phase2_B5D_tight_local_envelope_validation\case_reports\b5c049_hp64p217_vp6p242\phase2_B5A_by_vehicle_all.csv,B5D,phase2_B5A_by_vehicle_all,0,64.217,6.242,True,False,3,False,False,False,False,False,False,False,False,1,,,,,missing required trajectory columns
store\data_saved\phase2_B5D_tight_local_envelope_validation\case_reports\b5c049_hp64p217_vp6p242\phase2_B5A_by_vehicle_all.csv,B5D,phase2_B5A_by_vehicle_all,1,64.217,6.242,True,False,3,False,False,False,False,False,False,False,False,1,,,,,missing required trajectory columns
store\data_saved\phase2_B5C_local_envelope_validation\case_reports\b5c000_hp471p766_vm9p217\hp471p766m_vm9p21737mps_sp2deg\phase2_B5A_hp471p766m_vm9p21737mps_sp2deg_by_vehicle.csv,B5A,phase2_B5A_hp471p766m_vm9p21737mps_sp2deg_by_vehicle,0,471.766,-9.217,True,False,3,False,False,False,False,False,False,False,False,1,,,,,missing required trajectory columns
store\data_saved\phase2_B5C_local_envelope_validation\case_reports\b5c000_hp471p766_vm9p217\hp471p766m_vm9p21737mps_sp2deg\phase2_B5A_hp471p766m_vm9p21737mps_sp2deg_by_vehicle.csv,B5A,phase2_B5A_hp471p766m_vm9p21737mps_sp2deg_by_vehicle,1,471.766,-9.217,True,False,3,False,False,False,False,False,False,False,False,1,,,,,missing required trajectory columns
store\data_saved\phase2_B5C_local_envelope_validation\case_reports\b5c000_hp471p766_vm9p217\hp471p766m_vm9p21737mps_sp2deg\phase2_B5A_hp471p766m_vm9p21737mps_sp2deg_by_vehicle.csv,B5A,phase2_B5A_hp471p766m_vm9p21737mps_sp2deg_by_vehicle,2,471.766,-9.217,True,False,3,False,False,False,False,False,False,False,False,1,,,,,missing required trajectory columns
store\data_saved\phase2_B5C_local_envelope_validation\case_reports\b5c002_hp147p164_vp7p682\hp147p164m_vp7p68177mps_sp2deg\phase2_B5A_hp147p164m_vp7p68177mps_sp2deg_by_vehicle.csv,B5A,phase2_B5A_hp147p164m_vp7p68177mps_sp2deg_by_vehicle,0,147.164,7.682,True,False,3,False,False,False,False,False,False,False,False,1,,,,,missing required trajectory columns
store\data_saved\phase2_B5C_local_envelope_validation\case_reports\b5c002_hp147p164_vp7p682\hp147p164m_vp7p68177mps_sp2deg\phase2_B5A_hp147p164m_vp7p68177mps_sp2deg_by_vehicle.csv,B5A,phase2_B5A_hp147p164m_vp7p68177mps_sp2deg_by_vehicle,1,147.164,7.682,True,False,3,False,False,False,False,False,False,False,False,1,,,,,missing required trajectory columns
store\data_saved\phase2_B5C_local_envelope_validation\case_reports\b5c002_hp147p164_vp7p682\hp147p164m_vp7p68177mps_sp2deg\phase2_B5A_hp147p164m_vp7p68177mps_sp2deg_by_vehicle.csv,B5A,phase2_B5A_hp147p164m_vp7p68177mps_sp2deg_by_vehicle,2,147.164,7.682,True,False,3,False,False,False,False,False,False,False,False,1,,,,,missing required trajectory columns
store\data_saved\phase2_B5C_local_envelope_validation\case_reports\b5c001_hp392p403_vm2p262\hp392p403m_vm2p26165mps_sp2deg\phase2_B5A_hp392p403m_vm2p26165mps_sp2deg_by_vehicle.csv,B5A,phase2_B5A_hp392p403m_vm2p26165mps_sp2deg_by_vehicle,0,392.403,-2.262,True,False,3,False,False,False,False,False,False,False,False,1,,,,,missing required trajectory columns
store\data_saved\phase2_B5C_local_envelope_validation\case_reports\b5c001_hp392p403_vm2p262\hp392p403m_vm2p26165mps_sp2deg\phase2_B5A_hp392p403m_vm2p26165mps_sp2deg_by_vehicle.csv,B5A,phase2_B5A_hp392p403m_vm2p26165mps_sp2deg_by_vehicle,1,392.403,-2.262,True,False,3,False,False,False,False,False,False,False,False,1,,,,,missing required trajectory columns
store\data_saved\phase2_B5C_local_envelope_validation\case_reports\b5c001_hp392p403_vm2p262\hp392p403m_vm2p26165mps_sp2deg\phase2_B5A_hp392p403m_vm2p26165mps_sp2deg_by_vehicle.csv,B5A,phase2_B5A_hp392p403m_vm2p26165mps_sp2deg_by_vehicle,2,392.403,-2.262,True,False,3,False,False,False,False,False,False,False,False,1,,,,,missing required trajectory columns
store\data_saved\phase2_B5C_local_envelope_validation\case_reports\b5c003_hp434p666_vm9p076\hp434p666m_vm9p07585mps_sp2deg\phase2_B5A_hp434p666m_vm9p07585mps_sp2deg_by_vehicle.csv,B5A,phase2_B5A_hp434p666m_vm9p07585mps_sp2deg_by_vehicle,0,434.666,-9.076,True,False,3,False,False,False,False,False,False,False,False,1,,,,,missing required trajectory columns
store\data_saved\phase2_B5C_local_envelope_validation\case_reports\b5c003_hp434p666_vm9p076\hp434p666m_vm9p07585mps_sp2deg\phase2_B5A_hp434p666m_vm9p07585mps_sp2deg_by_vehicle.csv,B5A,phase2_B5A_hp434p666m_vm9p07585mps_sp2deg_by_vehicle,1,434.666,-9.076,True,False,3,False,False,False,False,False,False,False,False,1,,,,,missing required trajectory columns
store\data_saved\phase2_B5C_local_envelope_validation\case_reports\b5c003_hp434p666_vm9p076\hp434p666m_vm9p07585mps_sp2deg\phase2_B5A_hp434p666m_vm9p07585mps_sp2deg_by_vehicle.csv,B5A,phase2_B5A_hp434p666m_vm9p07585mps_sp2deg_by_vehicle,2,434.666,-9.076,True,False,3,False,False,False,False,False,False,False,False,1,,,,,missing required trajectory columns
store\data_saved\phase2_B3A_heading_spread_report\spread_1deg\phase2_B3A_spread_1deg_by_vehicle.csv,B3,phase2_B3A_spread_1deg_by_vehicle,0,,,,False,3,False,False,False,False,False,False,False,False,1,,,,,missing required trajectory columns
store\data_saved\phase2_B3A_heading_spread_report\spread_1deg\phase2_B3A_spread_1deg_by_vehicle.csv,B3,phase2_B3A_spread_1deg_by_vehicle,1,,,,False,3,False,False,False,False,False,False,False,False,1,,,,,missing required trajectory columns
store\data_saved\phase2_B3A_heading_spread_report\spread_1deg\phase2_B3A_spread_1deg_by_vehicle.csv,B3,phase2_B3A_spread_1deg_by_vehicle,2,,,,False,3,False,False,False,False,False,False,False,False,1,,,,,missing required trajectory columns
store\data_saved\phase2_B3A_heading_spread_report\spread_1deg\mis0\phase2_B1_by_vehicle.csv,B3,phase2_B1_by_vehicle,1,,,,False,3,False,False,False,False,False,False,False,False,1,,,,,missing required trajectory columns
store\data_saved\phase2_B3A_heading_spread_report\spread_1deg\mis0\phase2_B1_by_vehicle.csv,B3,phase2_B1_by_vehicle,2,,,,False,3,False,False,False,False,False,False,False,False,1,,,,,missing required trajectory columns
store\data_saved\phase2_B3A_heading_spread_report\spread_1deg\mis1\phase2_B1_by_vehicle.csv,B3,phase2_B1_by_vehicle,0,,,,False,3,False,False,False,False,False,False,False,False,1,,,,,missing required trajectory columns
store\data_saved\phase2_B5D_tight_local_envelope_validation\case_reports\b5c049_hp64p217_vp6p242\hp64p2172m_vp6p24229mps_sp2deg\mis1\phase2_B1_by_vehicle.csv,B5D,phase2_B1_by_vehicle,1,64.217,6.242,True,False,3,False,False,False,False,False,False,False,False,1,,,,,missing required trajectory columns
store\data_saved\phase2_B5D_tight_local_envelope_validation\case_reports\b5c049_hp64p217_vp6p242\hp64p2172m_vp6p24229mps_sp2deg\mis1\phase2_B1_by_vehicle.csv,B5D,phase2_B1_by_vehicle,2,64.217,6.242,True,False,3,False,False,False,False,False,False,False,False,1,,,,,missing required trajectory columns
store\data_saved\phase2_B5D_tight_local_envelope_validation\case_reports\b5c049_hp64p217_vp6p242\hp64p2172m_vp6p24229mps_sp2deg\mis2\phase2_B1_by_vehicle.csv,B5D,phase2_B1_by_vehicle,0,64.217,6.242,True,False,3,False,False,False,False,False,False,False,False,1,,,,,missing required trajectory columns
store\data_saved\phase2_B5D_tight_local_envelope_validation\case_reports\b5c049_hp64p217_vp6p242\phase2_B5A_by_vehicle_all.csv,B5D,phase2_B5A_by_vehicle_all,2,64.217,6.242,True,False,3,False,False,False,False,False,False,False,False,1,,,,,missing required trajectory columns
store\data_saved\phase2_B5C_local_envelope_validation\case_reports\b5c006_hp235p530_vm19p076\hp235p53m_vm19p0758mps_sp2deg\phase2_B5A_hp235p53m_vm19p0758mps_sp2deg_by_vehicle.csv,B5A,phase2_B5A_hp235p53m_vm19p0758mps_sp2deg_by_vehicle,0,235.53,-19.076,False,False,3,False,False,False,False,False,False,False,False,1,,,,,missing required trajectory columns
store\data_saved\phase2_B2_exact_single_report\mis0\phase2_B1_by_vehicle.csv,B2,phase2_B1_by_vehicle,2,,,,False,3,False,False,False,False,False,False,False,False,1,,,,,missing required trajectory columns
store\data_saved\phase2_B2_exact_single_report\mis1\phase2_B1_by_vehicle.csv,B2,phase2_B1_by_vehicle,0,,,,False,3,False,False,False,False,False,False,False,False,1,,,,,missing required trajectory columns
store\data_saved\phase2_B2_exact_single_report\mis1\phase2_B1_by_vehicle.csv,B2,phase2_B1_by_vehicle,1,,,,False,3,False,False,False,False,False,False,False,False,1,,,,,missing required trajectory columns
store\data_saved\PHASE2_B2_EXACT_SINGLE_PASS_FREEZE\phase2_B2_by_vehicle.csv,B2,phase2_B2_by_vehicle,2,,,,False,3,False,False,False,False,False,False,False,False,1,,,,,missing required trajectory columns
store\data_saved\PHASE2_B2_EXACT_SINGLE_PASS_FREEZE\phase2_B2_by_vehicle.csv,B2,phase2_B2_by_vehicle,0,,,,False,3,False,False,False,False,False,False,False,False,1,,,,,missing required trajectory columns
store\data_saved\PHASE2_B2_EXACT_SINGLE_PASS_FREEZE\phase2_B2_by_vehicle.csv,B2,phase2_B2_by_vehicle,1,,,,False,3,False,False,False,False,False,False,False,False,1,,,,,missing required trajectory columns
store\data_saved\phase2_B5C_local_envelope_validation\case_reports\b5c007_hp447p399_vm2p791\hp447p399m_vm2p79102mps_sp2deg\phase2_B5A_hp447p399m_vm2p79102mps_sp2deg_by_vehicle.csv,B5A,phase2_B5A_hp447p399m_vm2p79102mps_sp2deg_by_vehicle,1,447.399,-2.791,True,False,3,False,False,False,False,False,False,False,False,1,,,,,missing required trajectory columns
store\data_saved\phase2_B5C_local_envelope_validation\case_reports\b5c007_hp447p399_vm2p791\hp447p399m_vm2p79102mps_sp2deg\phase2_B5A_hp447p399m_vm2p79102mps_sp2deg_by_vehicle.csv,B5A,phase2_B5A_hp447p399m_vm2p79102mps_sp2deg_by_vehicle,2,447.399,-2.791,True,False,3,False,False,False,False,False,False,False,False,1,,,,,missing required trajectory columns
store\data_saved\phase2_B5C_local_envelope_validation\case_reports\b5c006_hp235p530_vm19p076\hp235p53m_vm19p0758mps_sp2deg\phase2_B5A_hp235p53m_vm19p0758mps_sp2deg_by_vehicle.csv,B5A,phase2_B5A_hp235p53m_vm19p0758mps_sp2deg_by_vehicle,1,235.53,-19.076,False,False,3,False,False,False,False,False,False,False,False,1,,,,,missing required trajectory columns
store\data_saved\phase2_B5C_local_envelope_validation\case_reports\b5c006_hp235p530_vm19p076\hp235p53m_vm19p0758mps_sp2deg\phase2_B5A_hp235p53m_vm19p0758mps_sp2deg_by_vehicle.csv,B5A,phase2_B5A_hp235p53m_vm19p0758mps_sp2deg_by_vehicle,2,235.53,-19.076,False,False,3,False,False,False,False,False,False,False,False,1,,,,,missing required trajectory columns
store\data_saved\phase2_B5C_local_envelope_validation\case_reports\b5c008_hp195p154_vm9p360\hp195p154m_vm9p35963mps_sp2deg\phase2_B5A_hp195p154m_vm9p35963mps_sp2deg_by_vehicle.csv,B5A,phase2_B5A_hp195p154m_vm9p35963mps_sp2deg_by_vehicle,0,195.154,-9.36,True,False,3,False,False,False,False,False,False,False,False,1,,,,,missing required trajectory columns
store\data_saved\phase2_B5C_local_envelope_validation\case_reports\b5c008_hp195p154_vm9p360\hp195p154m_vm9p35963mps_sp2deg\phase2_B5A_hp195p154m_vm9p35963mps_sp2deg_by_vehicle.csv,B5A,phase2_B5A_hp195p154m_vm9p35963mps_sp2deg_by_vehicle,1,195.154,-9.36,True,False,3,False,False,False,False,False,False,False,False,1,,,,,missing required trajectory columns
store\data_saved\phase2_B5C_local_envelope_validation\case_reports\b5c008_hp195p154_vm9p360\hp195p154m_vm9p35963mps_sp2deg\phase2_B5A_hp195p154m_vm9p35963mps_sp2deg_by_vehicle.csv,B5A,phase2_B5A_hp195p154m_vm9p35963mps_sp2deg_by_vehicle,2,195.154,-9.36,True,False,3,False,False,False,False,False,False,False,False,1,,,,,missing required trajectory columns
store\data_saved\phase2_B5C_local_envelope_validation\case_reports\b5c007_hp447p399_vm2p791\hp447p399m_vm2p79102mps_sp2deg\phase2_B5A_hp447p399m_vm2p79102mps_sp2deg_by_vehicle.csv,B5A,phase2_B5A_hp447p399m_vm2p79102mps_sp2deg_by_vehicle,0,447.399,-2.791,True,False,3,False,False,False,False,False,False,False,False,1,,,,,missing required trajectory columns
store\data_saved\phase2_B5C_local_envelope_validation\case_reports\b5c009_hp325p987_vm9p589\hp325p987m_vm9p58915mps_sp2deg\phase2_B5A_hp325p987m_vm9p58915mps_sp2deg_by_vehicle.csv,B5A,phase2_B5A_hp325p987m_vm9p58915mps_sp2deg_by_vehicle,0,325.987,-9.589,True,False,3,False,False,False,False,False,False,False,False,1,,,,,missing required trajectory columns
store\data_saved\phase2_B5C_local_envelope_validation\case_reports\b5c009_hp325p987_vm9p589\hp325p987m_vm9p58915mps_sp2deg\phase2_B5A_hp325p987m_vm9p58915mps_sp2deg_by_vehicle.csv,B5A,phase2_B5A_hp325p987m_vm9p58915mps_sp2deg_by_vehicle,1,325.987,-9.589,True,False,3,False,False,False,False,False,False,False,False,1,,,,,missing required trajectory columns
store\data_saved\phase2_B5C_local_envelope_validation\case_reports\b5c009_hp325p987_vm9p589\hp325p987m_vm9p58915mps_sp2deg\phase2_B5A_hp325p987m_vm9p58915mps_sp2deg_by_vehicle.csv,B5A,phase2_B5A_hp325p987m_vm9p58915mps_sp2deg_by_vehicle,2,325.987,-9.589,True,False,3,False,False,False,False,False,False,False,False,1,,,,,missing required trajectory columns
store\data_saved\phase2_B5C_local_envelope_validation\case_reports\b5c010_hp253p790_vm8p872\hp253p79m_vm8p87193mps_sp2deg\phase2_B5A_hp253p79m_vm8p87193mps_sp2deg_by_vehicle.csv,B5A,phase2_B5A_hp253p79m_vm8p87193mps_sp2deg_by_vehicle,0,253.79,-8.872,True,False,3,False,False,False,False,False,False,False,False,1,,,,,missing required trajectory columns
store\data_saved\phase2_B5C_local_envelope_validation\case_reports\b5c010_hp253p790_vm8p872\hp253p79m_vm8p87193mps_sp2deg\phase2_B5A_hp253p79m_vm8p87193mps_sp2deg_by_vehicle.csv,B5A,phase2_B5A_hp253p79m_vm8p87193mps_sp2deg_by_vehicle,1,253.79,-8.872,True,False,3,False,False,False,False,False,False,False,False,1,,,,,missing required trajectory columns
store\data_saved\phase2_B5C_local_envelope_validation\case_reports\b5c010_hp253p790_vm8p872\hp253p79m_vm8p87193mps_sp2deg\phase2_B5A_hp253p79m_vm8p87193mps_sp2deg_by_vehicle.csv,B5A,phase2_B5A_hp253p79m_vm8p87193mps_sp2deg_by_vehicle,2,253.79,-8.872,True,False,3,False,False,False,False,False,False,False,False,1,,,,,missing required trajectory columns
store\data_saved\phase2_B5C_local_envelope_validation\case_reports\b5c011_hp27p601_vm12p488\hp27p6014m_vm12p4877mps_sp2deg\phase2_B5A_hp27p6014m_vm12p4877mps_sp2deg_by_vehicle.csv,B5A,phase2_B5A_hp27p6014m_vm12p4877mps_sp2deg_by_vehicle,0,27.601,-12.488,False,False,3,False,False,False,False,False,False,False,False,1,,,,,missing required trajectory columns
store\data_saved\phase2_B5C_local_envelope_validation\case_reports\b5c011_hp27p601_vm12p488\hp27p6014m_vm12p4877mps_sp2deg\phase2_B5A_hp27p6014m_vm12p4877mps_sp2deg_by_vehicle.csv,B5A,phase2_B5A_hp27p6014m_vm12p4877mps_sp2deg_by_vehicle,1,27.601,-12.488,False,False,3,False,False,False,False,False,False,False,False,1,,,,,missing required trajectory columns
store\data_saved\phase2_B5C_local_envelope_validation\case_reports\b5c011_hp27p601_vm12p488\hp27p6014m_vm12p4877mps_sp2deg\phase2_B5A_hp27p6014m_vm12p4877mps_sp2deg_by_vehicle.csv,B5A,phase2_B5A_hp27p6014m_vm12p4877mps_sp2deg_by_vehicle,2,27.601,-12.488,False,False,3,False,False,False,False,False,False,False,False,1,,,,,missing required trajectory columns
store\data_saved\phase2_B5C_local_envelope_validation\case_reports\b5c012_hp420p482_vp4p545\hp420p482m_vp4p54463mps_sp2deg\phase2_B5A_hp420p482m_vp4p54463mps_sp2deg_by_vehicle.csv,B5A,phase2_B5A_hp420p482m_vp4p54463mps_sp2deg_by_vehicle,0,420.482,4.545,True,False,3,False,False,False,False,False,False,False,False,1,,,,,missing required trajectory columns
store\data_saved\phase2_B5C_local_envelope_validation\case_reports\b5c012_hp420p482_vp4p545\hp420p482m_vp4p54463mps_sp2deg\phase2_B5A_hp420p482m_vp4p54463mps_sp2deg_by_vehicle.csv,B5A,phase2_B5A_hp420p482m_vp4p54463mps_sp2deg_by_vehicle,1,420.482,4.545,True,False,3,False,False,False,False,False,False,False,False,1,,,,,missing required trajectory columns
store\data_saved\phase2_B5C_local_envelope_validation\case_reports\b5c012_hp420p482_vp4p545\hp420p482m_vp4p54463mps_sp2deg\phase2_B5A_hp420p482m_vp4p54463mps_sp2deg_by_vehicle.csv,B5A,phase2_B5A_hp420p482m_vp4p54463mps_sp2deg_by_vehicle,2,420.482,4.545,True,False,3,False,False,False,False,False,False,False,False,1,,,,,missing required trajectory columns
store\data_saved\phase2_B5C_local_envelope_validation\case_reports\b5c013_hp333p663_vm5p882\hp333p663m_vm5p88237mps_sp2deg\phase2_B5A_hp333p663m_vm5p88237mps_sp2deg_by_vehicle.csv,B5A,phase2_B5A_hp333p663m_vm5p88237mps_sp2deg_by_vehicle,0,333.663,-5.882,True,False,3,False,False,False,False,False,False,False,False,1,,,,,missing required trajectory columns
store\data_saved\phase2_B5C_local_envelope_validation\case_reports\b5c013_hp333p663_vm5p882\hp333p663m_vm5p88237mps_sp2deg\phase2_B5A_hp333p663m_vm5p88237mps_sp2deg_by_vehicle.csv,B5A,phase2_B5A_hp333p663m_vm5p88237mps_sp2deg_by_vehicle,1,333.663,-5.882,True,False,3,False,False,False,False,False,False,False,False,1,,,,,missing required trajectory columns
store\data_saved\phase2_B5C_local_envelope_validation\case_reports\b5c013_hp333p663_vm5p882\hp333p663m_vm5p88237mps_sp2deg\phase2_B5A_hp333p663m_vm5p88237mps_sp2deg_by_vehicle.csv,B5A,phase2_B5A_hp333p663m_vm5p88237mps_sp2deg_by_vehicle,2,333.663,-5.882,True,False,3,False,False,False,False,False,False,False,False,1,,,,,missing required trajectory columns
store\data_saved\phase2_B5C_local_envelope_validation\case_reports\b5c015_hp122p534_vm2p974\hp122p534m_vm2p97359mps_sp2deg\phase2_B5A_hp122p534m_vm2p97359mps_sp2deg_by_vehicle.csv,B5A,phase2_B5A_hp122p534m_vm2p97359mps_sp2deg_by_vehicle,1,122.534,-2.974,True,False,3,False,False,False,False,False,False,False,False,1,,,,,missing required trajectory columns
store\data_saved\phase2_B5C_local_envelope_validation\case_reports\b5c015_hp122p534_vm2p974\hp122p534m_vm2p97359mps_sp2deg\phase2_B5A_hp122p534m_vm2p97359mps_sp2deg_by_vehicle.csv,B5A,phase2_B5A_hp122p534m_vm2p97359mps_sp2deg_by_vehicle,2,122.534,-2.974,True,False,3,False,False,False,False,False,False,False,False,1,,,,,missing required trajectory columns
store\data_saved\phase2_B5C_local_envelope_validation\case_reports\b5c014_hp484p922_vp5p208\hp484p922m_vp5p20782mps_sp2deg\phase2_B5A_hp484p922m_vp5p20782mps_sp2deg_by_vehicle.csv,B5A,phase2_B5A_hp484p922m_vp5p20782mps_sp2deg_by_vehicle,0,484.922,5.208,True,False,3,False,False,False,False,False,False,False,False,1,,,,,missing required trajectory columns
store\data_saved\phase2_B5C_local_envelope_validation\case_reports\b5c014_hp484p922_vp5p208\hp484p922m_vp5p20782mps_sp2deg\phase2_B5A_hp484p922m_vp5p20782mps_sp2deg_by_vehicle.csv,B5A,phase2_B5A_hp484p922m_vp5p20782mps_sp2deg_by_vehicle,1,484.922,5.208,True,False,3,False,False,False,False,False,False,False,False,1,,,,,missing required trajectory columns
store\data_saved\phase2_B5C_local_envelope_validation\case_reports\b5c014_hp484p922_vp5p208\hp484p922m_vp5p20782mps_sp2deg\phase2_B5A_hp484p922m_vp5p20782mps_sp2deg_by_vehicle.csv,B5A,phase2_B5A_hp484p922m_vp5p20782mps_sp2deg_by_vehicle,2,484.922,5.208,True,False,3,False,False,False,False,False,False,False,False,1,,,,,missing required trajectory columns
store\data_saved\phase2_B5C_local_envelope_validation\case_reports\b5c016_hp477p976_vp3p569\hp477p976m_vp3p56853mps_sp2deg\phase2_B5A_hp477p976m_vp3p56853mps_sp2deg_by_vehicle.csv,B5A,phase2_B5A_hp477p976m_vp3p56853mps_sp2deg_by_vehicle,0,477.976,3.569,True,False,3,False,False,False,False,False,False,False,False,1,,,,,missing required trajectory columns
store\data_saved\phase2_B5C_local_envelope_validation\case_reports\b5c016_hp477p976_vp3p569\hp477p976m_vp3p56853mps_sp2deg\phase2_B5A_hp477p976m_vp3p56853mps_sp2deg_by_vehicle.csv,B5A,phase2_B5A_hp477p976m_vp3p56853mps_sp2deg_by_vehicle,1,477.976,3.569,True,False,3,False,False,False,False,False,False,False,False,1,,,,,missing required trajectory columns
store\data_saved\phase2_B5C_local_envelope_validation\case_reports\b5c016_hp477p976_vp3p569\hp477p976m_vp3p56853mps_sp2deg\phase2_B5A_hp477p976m_vp3p56853mps_sp2deg_by_vehicle.csv,B5A,phase2_B5A_hp477p976m_vp3p56853mps_sp2deg_by_vehicle,2,477.976,3.569,True,False,3,False,False,False,False,False,False,False,False,1,,,,,missing required trajectory columns
store\data_saved\phase2_B5C_local_envelope_validation\case_reports\b5c015_hp122p534_vm2p974\hp122p534m_vm2p97359mps_sp2deg\phase2_B5A_hp122p534m_vm2p97359mps_sp2deg_by_vehicle.csv,B5A,phase2_B5A_hp122p534m_vm2p97359mps_sp2deg_by_vehicle,0,122.534,-2.974,True,False,3,False,False,False,False,False,False,False,False,1,,,,,missing required trajectory columns
store\data_saved\phase2_B5C_local_envelope_validation\case_reports\b5c017_hp184p675_vm5p902\hp184p675m_vm5p90229mps_sp2deg\phase2_B5A_hp184p675m_vm5p90229mps_sp2deg_by_vehicle.csv,B5A,phase2_B5A_hp184p675m_vm5p90229mps_sp2deg_by_vehicle,0,184.675,-5.902,True,False,3,False,False,False,False,False,False,False,False,1,,,,,missing required trajectory columns
store\data_saved\phase2_B5C_local_envelope_validation\case_reports\b5c017_hp184p675_vm5p902\hp184p675m_vm5p90229mps_sp2deg\phase2_B5A_hp184p675m_vm5p90229mps_sp2deg_by_vehicle.csv,B5A,phase2_B5A_hp184p675m_vm5p90229mps_sp2deg_by_vehicle,1,184.675,-5.902,True,False,3,False,False,False,False,False,False,False,False,1,,,,,missing required trajectory columns
store\data_saved\phase2_B5C_local_envelope_validation\case_reports\b5c017_hp184p675_vm5p902\hp184p675m_vm5p90229mps_sp2deg\phase2_B5A_hp184p675m_vm5p90229mps_sp2deg_by_vehicle.csv,B5A,phase2_B5A_hp184p675m_vm5p90229mps_sp2deg_by_vehicle,2,184.675,-5.902,True,False,3,False,False,False,False,False,False,False,False,1,,,,,missing required trajectory columns
store\data_saved\phase2_B5C_local_envelope_validation\case_reports\b5c019_hp357p148_vm8p056\hp357p148m_vm8p05586mps_sp2deg\phase2_B5A_hp357p148m_vm8p05586mps_sp2deg_by_vehicle.csv,B5A,phase2_B5A_hp357p148m_vm8p05586mps_sp2deg_by_vehicle,1,357.148,-8.056,True,False,3,False,False,False,False,False,False,False,False,1,,,,,missing required trajectory columns
store\data_saved\phase2_B5C_local_envelope_validation\case_reports\b5c019_hp357p148_vm8p056\hp357p148m_vm8p05586mps_sp2deg\phase2_B5A_hp357p148m_vm8p05586mps_sp2deg_by_vehicle.csv,B5A,phase2_B5A_hp357p148m_vm8p05586mps_sp2deg_by_vehicle,2,357.148,-8.056,True,False,3,False,False,False,False,False,False,False,False,1,,,,,missing required trajectory columns
store\data_saved\phase2_B5C_local_envelope_validation\case_reports\b5c018_hp258p913_vp7p057\hp258p913m_vp7p0568mps_sp2deg\phase2_B5A_hp258p913m_vp7p0568mps_sp2deg_by_vehicle.csv,B5A,phase2_B5A_hp258p913m_vp7p0568mps_sp2deg_by_vehicle,0,258.913,7.057,True,False,3,False,False,False,False,False,False,False,False,1,,,,,missing required trajectory columns
store\data_saved\phase2_B5C_local_envelope_validation\case_reports\b5c018_hp258p913_vp7p057\hp258p913m_vp7p0568mps_sp2deg\phase2_B5A_hp258p913m_vp7p0568mps_sp2deg_by_vehicle.csv,B5A,phase2_B5A_hp258p913m_vp7p0568mps_sp2deg_by_vehicle,1,258.913,7.057,True,False,3,False,False,False,False,False,False,False,False,1,,,,,missing required trajectory columns
store\data_saved\phase2_B5C_local_envelope_validation\case_reports\b5c018_hp258p913_vp7p057\hp258p913m_vp7p0568mps_sp2deg\phase2_B5A_hp258p913m_vp7p0568mps_sp2deg_by_vehicle.csv,B5A,phase2_B5A_hp258p913m_vp7p0568mps_sp2deg_by_vehicle,2,258.913,7.057,True,False,3,False,False,False,False,False,False,False,False,1,,,,,missing required trajectory columns
store\data_saved\phase2_B5C_local_envelope_validation\case_reports\b5c019_hp357p148_vm8p056\hp357p148m_vm8p05586mps_sp2deg\phase2_B5A_hp357p148m_vm8p05586mps_sp2deg_by_vehicle.csv,B5A,phase2_B5A_hp357p148m_vm8p05586mps_sp2deg_by_vehicle,0,357.148,-8.056,True,False,3,False,False,False,False,False,False,False,False,1,,,,,missing required trajectory columns
store\data_saved\phase2_B5C_local_envelope_validation\case_reports\b5c022_hp46p566_vm17p262\hp46p566m_vm17p2617mps_sp2deg\phase2_B5A_hp46p566m_vm17p2617mps_sp2deg_by_vehicle.csv,B5A,phase2_B5A_hp46p566m_vm17p2617mps_sp2deg_by_vehicle,0,46.566,-17.262,False,False,3,False,False,False,False,False,False,False,False,1,,,,,missing required trajectory columns
store\data_saved\phase2_B5C_local_envelope_validation\case_reports\b5c022_hp46p566_vm17p262\hp46p566m_vm17p2617mps_sp2deg\phase2_B5A_hp46p566m_vm17p2617mps_sp2deg_by_vehicle.csv,B5A,phase2_B5A_hp46p566m_vm17p2617mps_sp2deg_by_vehicle,1,46.566,-17.262,False,False,3,False,False,False,False,False,False,False,False,1,,,,,missing required trajectory columns
store\data_saved\phase2_B5C_local_envelope_validation\case_reports\b5c022_hp46p566_vm17p262\hp46p566m_vm17p2617mps_sp2deg\phase2_B5A_hp46p566m_vm17p2617mps_sp2deg_by_vehicle.csv,B5A,phase2_B5A_hp46p566m_vm17p2617mps_sp2deg_by_vehicle,2,46.566,-17.262,False,False,3,False,False,False,False,False,False,False,False,1,,,,,missing required trajectory columns
store\data_saved\phase2_B5C_local_envelope_validation\case_reports\b5c024_hp89p592_vm2p948\hp89p5916m_vm2p94839mps_sp2deg\phase2_B5A_hp89p5916m_vm2p94839mps_sp2deg_by_vehicle.csv,B5A,phase2_B5A_hp89p5916m_vm2p94839mps_sp2deg_by_vehicle,0,89.592,-2.948,True,False,3,False,False,False,False,False,False,False,False,1,,,,,missing required trajectory columns
store\data_saved\phase2_B5C_local_envelope_validation\case_reports\b5c024_hp89p592_vm2p948\hp89p5916m_vm2p94839mps_sp2deg\phase2_B5A_hp89p5916m_vm2p94839mps_sp2deg_by_vehicle.csv,B5A,phase2_B5A_hp89p5916m_vm2p94839mps_sp2deg_by_vehicle,1,89.592,-2.948,True,False,3,False,False,False,False,False,False,False,False,1,,,,,missing required trajectory columns
store\data_saved\phase2_B5C_local_envelope_validation\case_reports\b5c024_hp89p592_vm2p948\hp89p5916m_vm2p94839mps_sp2deg\phase2_B5A_hp89p5916m_vm2p94839mps_sp2deg_by_vehicle.csv,B5A,phase2_B5A_hp89p5916m_vm2p94839mps_sp2deg_by_vehicle,2,89.592,-2.948,True,False,3,False,False,False,False,False,False,False,False,1,,,,,missing required trajectory columns
store\data_saved\phase2_B5C_local_envelope_validation\case_reports\b5c025_hp301p310_vp8p988\hp301p31m_vp8p98796mps_sp2deg\phase2_B5A_hp301p31m_vp8p98796mps_sp2deg_by_vehicle.csv,B5A,phase2_B5A_hp301p31m_vp8p98796mps_sp2deg_by_vehicle,0,301.31,8.988,True,False,3,False,False,False,False,False,False,False,False,1,,,,,missing required trajectory columns
store\data_saved\phase2_B5C_local_envelope_validation\case_reports\b5c025_hp301p310_vp8p988\hp301p31m_vp8p98796mps_sp2deg\phase2_B5A_hp301p31m_vp8p98796mps_sp2deg_by_vehicle.csv,B5A,phase2_B5A_hp301p31m_vp8p98796mps_sp2deg_by_vehicle,2,301.31,8.988,True,False,3,False,False,False,False,False,False,False,False,1,,,,,missing required trajectory columns
store\data_saved\phase2_B5C_local_envelope_validation\case_reports\b5c026_hp229p100_vp3p236\hp229p1m_vp3p23582mps_sp2deg\phase2_B5A_hp229p1m_vp3p23582mps_sp2deg_by_vehicle.csv,B5A,phase2_B5A_hp229p1m_vp3p23582mps_sp2deg_by_vehicle,0,229.1,3.236,True,False,3,False,False,False,False,False,False,False,False,1,,,,,missing required trajectory columns
store\data_saved\phase2_B5C_local_envelope_validation\case_reports\b5c026_hp229p100_vp3p236\hp229p1m_vp3p23582mps_sp2deg\phase2_B5A_hp229p1m_vp3p23582mps_sp2deg_by_vehicle.csv,B5A,phase2_B5A_hp229p1m_vp3p23582mps_sp2deg_by_vehicle,1,229.1,3.236,True,False,3,False,False,False,False,False,False,False,False,1,,,,,missing required trajectory columns
store\data_saved\phase2_B5C_local_envelope_validation\case_reports\b5c026_hp229p100_vp3p236\hp229p1m_vp3p23582mps_sp2deg\phase2_B5A_hp229p1m_vp3p23582mps_sp2deg_by_vehicle.csv,B5A,phase2_B5A_hp229p1m_vp3p23582mps_sp2deg_by_vehicle,2,229.1,3.236,True,False,3,False,False,False,False,False,False,False,False,1,,,,,missing required trajectory columns
store\data_saved\phase2_B5C_local_envelope_validation\case_reports\b5c025_hp301p310_vp8p988\hp301p31m_vp8p98796mps_sp2deg\phase2_B5A_hp301p31m_vp8p98796mps_sp2deg_by_vehicle.csv,B5A,phase2_B5A_hp301p31m_vp8p98796mps_sp2deg_by_vehicle,1,301.31,8.988,True,False,3,False,False,False,False,False,False,False,False,1,,,,,missing required trajectory columns
store\data_saved\phase2_B5C_local_envelope_validation\case_reports\b5c027_hp17p447_vm0p662\hp17p4472m_vm0p661801mps_sp2deg\mis2\phase2_B1_by_vehicle.csv,B5C,phase2_B1_by_vehicle,0,17.447,-0.662,True,False,3,False,False,False,False,False,False,False,False,1,,,,,missing required trajectory columns
store\data_saved\phase2_B5C_local_envelope_validation\case_reports\b5c027_hp17p447_vm0p662\hp17p4472m_vm0p661801mps_sp2deg\mis2\phase2_B1_by_vehicle.csv,B5C,phase2_B1_by_vehicle,1,17.447,-0.662,True,False,3,False,False,False,False,False,False,False,False,1,,,,,missing required trajectory columns
store\data_saved\phase2_B5C_local_envelope_validation\case_reports\b5c027_hp17p447_vm0p662\hp17p4472m_vm0p661801mps_sp2deg\mis2\phase2_B1_by_vehicle.csv,B5C,phase2_B1_by_vehicle,2,17.447,-0.662,True,False,3,False,False,False,False,False,False,False,False,1,,,,,missing required trajectory columns
store\data_saved\phase2_B5F_mis0_long_propagation_pathspec_audit\phase2_B5F_by_run.csv,B5F,phase2_B5F_mis0_long_propagation_pathspec_audit,0,,,,False,4,False,False,False,False,False,False,False,False,4,,,,,missing required trajectory columns
store\data_saved\v8_2_threshold_sensitivity_table.csv,UNKNOWN,data_saved,0,,,,False,6,False,False,False,False,False,False,False,False,6,,,,,missing required trajectory columns
store\data_saved\phase2_B5A_failure_boundary_report\b5a_failure_rows.csv,B5A,b5a_failure_rows,0,,,,False,7,False,False,False,False,False,False,False,False,3,,,,,missing required trajectory columns
store\data_saved\phase2_B5A_failure_boundary_report\b5a_failure_rows.csv,B5A,b5a_failure_rows,2,,,,False,7,False,False,False,False,False,False,False,False,2,,,,,missing required trajectory columns
store\data_saved\phase2_B5A_failure_boundary_report\b5a_failure_rows.csv,B5A,b5a_failure_rows,1,,,,False,7,False,False,False,False,False,False,False,False,2,,,,,missing required trajectory columns
store\data_saved\phase2_B5AR_failure_diagnosis_report\b5ar_failed_rows.csv,B5A,b5ar_failed_rows,0,,,,False,8,False,False,False,False,False,False,False,False,3,,,,,missing required trajectory columns
store\data_saved\phase2_B5AR_failure_diagnosis_report\b5ar_failed_rows.csv,B5A,b5ar_failed_rows,2,,,,False,8,False,False,False,False,False,False,False,False,2,,,,,missing required trajectory columns
store\data_saved\phase2_B5AR_failure_diagnosis_report\b5ar_failed_rows.csv,B5A,b5ar_failed_rows,1,,,,False,8,False,False,False,False,False,False,False,False,3,,,,,missing required trajectory columns
store\data_saved\phase2_B5A_failure_boundary_report\b5a_failure_boundary_by_case.csv,B5A,phase2_B5A_failure_boundary_report,0,,,,False,9,False,False,False,False,False,False,False,False,9,,,,,missing required trajectory columns
store\data_saved\PHASE2_B3B_DWELL_V1_INVALID_FREEZE\phase2_B3B_run_by_vehicle_all.csv,B3,phase2_B3B_run_by_vehicle_all,0,,,,False,9,False,False,False,False,False,False,False,False,3,,,,,missing required trajectory columns
store\data_saved\phase2_B5A_dispersion_grid_report\phase2_B5A_by_case.csv,B5A,phase2_B5A_dispersion_grid_report,0,,,,False,9,False,False,False,False,False,False,False,False,9,,,,,missing required trajectory columns
store\data_saved\PHASE2_B3B_DWELL_V1_INVALID_FREEZE\phase2_B3B_run_by_vehicle_all.csv,B3,phase2_B3B_run_by_vehicle_all,2,,,,False,9,False,False,False,False,False,False,False,False,3,,,,,missing required trajectory columns
store\data_saved\PHASE2_B3B_DWELL_V1_INVALID_FREEZE\phase2_B3B_run_by_vehicle_all.csv,B3,phase2_B3B_run_by_vehicle_all,1,,,,False,9,False,False,False,False,False,False,False,False,3,,,,,missing required trajectory columns
store\data_saved\phase2_B3A_heading_spread_report\phase2_B3A_by_vehicle_all.csv,B3,phase2_B3A_by_vehicle_all,0,,,,False,12,False,False,False,False,False,False,False,False,4,,,,,missing required trajectory columns
store\data_saved\phase2_B3A_heading_spread_report\phase2_B3A_by_vehicle_all.csv,B3,phase2_B3A_by_vehicle_all,1,,,,False,12,False,False,False,False,False,False,False,False,4,,,,,missing required trajectory columns
store\data_saved\phase2_B3A_heading_spread_report\phase2_B3A_by_vehicle_all.csv,B3,phase2_B3A_by_vehicle_all,2,,,,False,12,False,False,False,False,False,False,False,False,4,,,,,missing required trajectory columns
store\data_saved\phase2_B5C_failure_diagnosis_report\b5c_failure_rows.csv,B5C,b5c_failure_rows,0,,,,False,13,False,False,False,False,False,False,False,False,7,,,,,missing required trajectory columns
store\data_saved\phase2_B5C_failure_diagnosis_report\b5c_failure_rows.csv,B5C,b5c_failure_rows,1,,,,False,13,False,False,False,False,False,False,False,False,4,,,,,missing required trajectory columns
store\data_saved\phase2_B5C_failure_diagnosis_report\b5c_failure_rows.csv,B5C,b5c_failure_rows,2,,,,False,13,False,False,False,False,False,False,False,False,2,,,,,missing required trajectory columns
store\data_saved\phase2_B5AR_positive_velocity_report\phase2_B5A_by_case.csv,B5A,phase2_B5AR_positive_velocity_report,0,,,,False,15,False,False,False,False,False,False,False,False,15,,,,,missing required trajectory columns
store\data_saved\phase2_B5AR_failure_diagnosis_report\b5ar_case_summary.csv,B5A,phase2_B5AR_failure_diagnosis_report,0,,,,False,15,False,False,False,False,False,False,False,False,15,,,,,missing required trajectory columns
store\data_saved\phase2_B3C_tolerance_report\phase2_B3C_tolerance_by_case.csv,B3,phase2_B3C_tolerance_report,0,,,,False,16,False,False,False,False,False,False,False,False,16,,,,,missing required trajectory columns
store\data_saved\PHASE2_B3C_TOLERANCE_PARTIAL_PASS_FREEZE\phase2_B3C_tolerance_by_case.csv,B3,PHASE2_B3C_TOLERANCE_PARTIAL_PASS_FREEZE,0,,,,False,16,False,False,False,False,False,False,False,False,16,,,,,missing required trajectory columns
store\data_saved\PHASE2_B3B_DWELL_V1_INVALID_FREEZE\phase2_B3B_post_dwell_by_vehicle.csv,B3,phase2_B3B_post_dwell_by_vehicle,0,,,,False,18,False,False,False,False,False,False,False,False,6,,,,,missing required trajectory columns
store\data_saved\phase2_B3B_post_dwell_report\phase2_B3B_post_dwell_by_vehicle.csv,B3,phase2_B3B_post_dwell_by_vehicle,2,,,,False,18,False,False,False,False,False,False,False,False,6,,,,,missing required trajectory columns
store\data_saved\PHASE2_B3B_DWELL_V1_INVALID_FREEZE\phase2_B3B_post_dwell_by_vehicle.csv,B3,phase2_B3B_post_dwell_by_vehicle,1,,,,False,18,False,False,False,False,False,False,False,False,6,,,,,missing required trajectory columns
store\data_saved\phase2_B5B_failure_diagnosis_report\b5b_failure_rows.csv,B5B,b5b_failure_rows,0,,,,False,29,False,False,False,False,False,False,False,False,12,,,,,missing required trajectory columns
store\data_saved\phase2_B5B_failure_diagnosis_report\b5b_failure_rows.csv,B5B,b5b_failure_rows,1,,,,False,29,False,False,False,False,False,False,False,False,8,,,,,missing required trajectory columns
store\data_saved\PHASE2_B5B_VALIDATED_ENVELOPE_FREEZE\b5b_validated_envelope_failure_rows.csv,B5B,b5b_validated_envelope_failure_rows,1,,,,False,29,False,False,False,False,False,False,False,False,8,,,,,missing required trajectory columns
store\data_saved\phase2_B5B_validated_envelope_report\b5b_validated_envelope_failure_rows.csv,B5B,b5b_validated_envelope_failure_rows,2,,,,False,29,False,False,False,False,False,False,False,False,9,,,,,missing required trajectory columns
store\data_saved\phase2_B5B_failure_diagnosis_report\b5b_failure_rows.csv,B5B,b5b_failure_rows,2,,,,False,29,False,False,False,False,False,False,False,False,9,,,,,missing required trajectory columns
store\data_saved\PHASE2_B5B_VALIDATED_ENVELOPE_FREEZE\b5b_validated_envelope_failure_rows.csv,B5B,b5b_validated_envelope_failure_rows,0,,,,False,29,False,False,False,False,False,False,False,False,12,,,,,missing required trajectory columns
store\data_saved\phase2_B5C_local_envelope_validation_report\phase2_B5C_samples.csv,B5C,phase2_B5C_local_envelope_validation_report,0,,,,False,30,False,False,False,False,False,False,False,False,30,,,,,missing required trajectory columns
store\data_saved\phase2_B5C_failure_diagnosis_report\b5c_case_failure_summary.csv,B5C,phase2_B5C_failure_diagnosis_report,0,,,,False,30,False,False,False,False,False,False,False,False,30,,,,,missing required trajectory columns
store\data_saved\phase2_B5E_mis0_corner_robustness_refinement_bounded_diagnostic\phase2_B5E_by_run.csv,B5E,phase2_B5E_mis0_corner_robustness_refinement_bounded_diagnostic,0,,,,False,30,False,False,False,False,False,False,False,False,30,,,,,missing required trajectory columns
store\data_saved\phase2_B5B_mc_conservative_u3_report\phase2_B5B_mc_by_case_all.csv,B5B,phase2_B5B_mc_conservative_u3_report,0,,,,False,30,False,False,False,False,False,False,False,False,30,,,,,missing required trajectory columns
store\data_saved\phase2_B5B_failure_diagnosis_report\b5b_case_failure_summary.csv,B5B,phase2_B5B_failure_diagnosis_report,0,,,,False,30,False,False,False,False,False,False,False,False,30,,,,,missing required trajectory columns
store\data_saved\phase2_B5AR_positive_velocity_report\phase2_B5A_by_vehicle_all.csv,B5A,phase2_B5A_by_vehicle_all,0,,,,False,45,False,False,False,False,False,False,False,False,15,,,,,missing required trajectory columns
store\data_saved\phase2_B5AR_positive_velocity_report\phase2_B5A_by_vehicle_all.csv,B5A,phase2_B5A_by_vehicle_all,1,,,,False,45,False,False,False,False,False,False,False,False,15,,,,,missing required trajectory columns
store\data_saved\phase2_B5AR_positive_velocity_report\phase2_B5A_by_vehicle_all.csv,B5A,phase2_B5A_by_vehicle_all,2,,,,False,45,False,False,False,False,False,False,False,False,15,,,,,missing required trajectory columns
store\data_saved\PHASE2_B3C_TOLERANCE_PARTIAL_PASS_FREEZE\phase2_B3C_tolerance_by_vehicle.csv,B3,phase2_B3C_tolerance_by_vehicle,2,,,,False,48,False,False,False,False,False,False,False,False,16,,,,,missing required trajectory columns
store\data_saved\phase2_B3C_tolerance_report\phase2_B3C_tolerance_by_vehicle.csv,B3,phase2_B3C_tolerance_by_vehicle,0,,,,False,48,False,False,False,False,False,False,False,False,16,,,,,missing required trajectory columns
store\data_saved\phase2_B3C_tolerance_report\phase2_B3C_tolerance_by_vehicle.csv,B3,phase2_B3C_tolerance_by_vehicle,1,,,,False,48,False,False,False,False,False,False,False,False,16,,,,,missing required trajectory columns
store\data_saved\PHASE2_B5D_TIGHT_LOCAL_ENVELOPE_PASS_FREEZE\phase2_B5C_case_summary.csv,B5D,PHASE2_B5D_TIGHT_LOCAL_ENVELOPE_PASS_FREEZE,0,,,,False,50,False,False,False,False,False,False,False,False,50,,,,,missing required trajectory columns
store\data_saved\phase2_B5D_tight_local_envelope_validation_report\phase2_B5C_samples.csv,B5D,phase2_B5D_tight_local_envelope_validation_report,0,,,,False,50,False,False,False,False,False,False,False,False,50,,,,,missing required trajectory columns
store\data_saved\phase2_B5B_failure_diagnosis_report\b5b_enriched_by_vehicle.csv,B5B,b5b_enriched_by_vehicle,2,,,,False,90,False,False,False,False,False,False,False,False,30,,,,,missing required trajectory columns
store\data_saved\phase2_B5B_mc_conservative_u3_report\phase2_B5B_mc_by_vehicle_all.csv,B5B,phase2_B5B_mc_by_vehicle_all,0,,,,False,90,False,False,False,False,False,False,False,False,30,,,,,missing required trajectory columns
store\data_saved\phase2_B5B_mc_conservative_u3_report\phase2_B5B_mc_by_vehicle_all.csv,B5B,phase2_B5B_mc_by_vehicle_all,1,,,,False,90,False,False,False,False,False,False,False,False,30,,,,,missing required trajectory columns
store\data_saved\phase2_B5B_mc_conservative_u3_report\phase2_B5B_mc_by_vehicle_all.csv,B5B,phase2_B5B_mc_by_vehicle_all,2,,,,False,90,False,False,False,False,False,False,False,False,30,,,,,missing required trajectory columns
store\data_saved\phase2_B5C_failure_diagnosis_report\b5c_enriched_by_vehicle.csv,B5C,b5c_enriched_by_vehicle,2,,,,False,90,False,False,False,False,False,False,False,False,30,,,,,missing required trajectory columns
store\data_saved\phase2_B5C_failure_diagnosis_report\b5c_enriched_by_vehicle.csv,B5C,b5c_enriched_by_vehicle,0,,,,False,90,False,False,False,False,False,False,False,False,30,,,,,missing required trajectory columns
store\data_saved\phase2_B5C_local_envelope_validation_report\phase2_B5C_by_vehicle_all.csv,B5C,phase2_B5C_by_vehicle_all,1,,,,False,90,False,False,False,False,False,False,False,False,30,,,,,missing required trajectory columns
store\data_saved\phase2_B5C_local_envelope_validation_report\phase2_B5C_by_vehicle_all.csv,B5C,phase2_B5C_by_vehicle_all,2,,,,False,90,False,False,False,False,False,False,False,False,30,,,,,missing required trajectory columns
store\data_saved\phase2_B5B_failure_diagnosis_report\b5b_enriched_by_vehicle.csv,B5B,b5b_enriched_by_vehicle,1,,,,False,90,False,False,False,False,False,False,False,False,30,,,,,missing required trajectory columns
store\data_saved\phase2_B5C_local_envelope_validation_report\phase2_B5C_by_vehicle_all.csv,B5C,phase2_B5C_by_vehicle_all,0,,,,False,90,False,False,False,False,False,False,False,False,30,,,,,missing required trajectory columns
store\data_saved\phase2_B5C_failure_diagnosis_report\b5c_enriched_by_vehicle.csv,B5C,b5c_enriched_by_vehicle,1,,,,False,90,False,False,False,False,False,False,False,False,30,,,,,missing required trajectory columns
store\data_saved\phase2_B5B_failure_diagnosis_report\b5b_enriched_by_vehicle.csv,B5B,b5b_enriched_by_vehicle,0,,,,False,90,False,False,False,False,False,False,False,False,30,,,,,missing required trajectory columns
store\data_saved\PHASE2_B5D_TIGHT_LOCAL_ENVELOPE_PASS_FREEZE\phase2_B5C_by_vehicle_all.csv,B5D,phase2_B5C_by_vehicle_all,1,,,,False,150,False,False,False,False,False,False,False,False,50,,,,,missing required trajectory columns
store\data_saved\PHASE2_B5D_TIGHT_LOCAL_ENVELOPE_PASS_FREEZE\phase2_B5C_by_vehicle_all.csv,B5D,phase2_B5C_by_vehicle_all,2,,,,False,150,False,False,False,False,False,False,False,False,50,,,,,missing required trajectory columns
store\data_saved\phase2_B5D_tight_local_envelope_validation_report\phase2_B5C_by_vehicle_all.csv,B5D,phase2_B5C_by_vehicle_all,0,,,,False,150,False,False,False,False,False,False,False,False,50,,,,,missing required trajectory columns
store\data_saved\phase2_B5AR_positive_velocity_runs\hz0m_vp50mps_sp2deg\phase2_B5A_hz0m_vp50mps_sp2deg_scaffold_mis0.csv,B5A,hz0m_vp50mps_sp2deg,0,,50.0,,False,4579,True,False,False,True,False,True,True,False,4579,,16.968321935062704,647.4809993627305,664057.077308465,
store\data_saved\phase2_B5B_mc_pilot\conservative_u3\case_runs\mc025_hm300p092_vm49p558\hm300p092m_vm49p5583mps_sp2deg\phase2_B5A_hm300p092m_vm49p5583mps_sp2deg_scaffold_mis2.csv,B5A,hm300p092m_vm49p5583mps_sp2deg,2,-300.092,-49.558,False,False,4692,True,True,True,True,True,True,False,True,4692,4685.0,0.22969223758991575,0.1324232655229025,6097.538695236937,
store\data_saved\phase2_B5A_dispersion_grid_runs\hm500m_vm50mps_sp2deg\phase2_B5A_hm500m_vm50mps_sp2deg_single_runner_mis2.csv,B5A,hm500m_vm50mps_sp2deg,2,-500.0,-50.0,False,False,4699,True,True,True,True,True,True,False,True,4699,4690.0,0.9043317540163116,0.2987126041864485,6397.877475040368,
store\data_saved\phase2_B5B_mc_pilot\conservative_u3\case_runs\mc016_hm174p175_vm27p772\hm174p175m_vm27p7724mps_sp2deg\phase2_B5A_hm174p175m_vm27p7724mps_sp2deg_scaffold_mis2.csv,B5A,hm174p175m_vm27p7724mps_sp2deg,2,-174.175,-27.772,False,False,4702,True,False,True,True,True,True,False,False,4702,,9.88420087589111,85.10971412532399,20435.751214468066,
store\data_saved\phase2_B5B_mc_pilot\conservative_u3\case_runs\mc013_hm33p279_vm47p372\hm33p279m_vm47p3718mps_sp2deg\phase2_B5A_hm33p279m_vm47p3718mps_sp2deg_scaffold_mis2.csv,B5A,hm33p279m_vm47p3718mps_sp2deg,2,-33.279,-47.372,False,False,4705,True,True,True,True,True,True,False,True,4705,4697.0,0.29708300833954127,3.497137727113113,7023.916328333296,
store\data_saved\phase2_B5B_mc_pilot\conservative_u3\case_runs\mc008_hp54p585_vm46p171\hp54p5848m_vm46p171mps_sp2deg\phase2_B5A_hp54p5848m_vm46p171mps_sp2deg_scaffold_mis2.csv,B5A,hp54p5848m_vm46p171mps_sp2deg,2,54.585,-46.171,False,False,4706,True,True,True,True,True,True,False,True,4706,4699.0,4.418846674027009,9.34065563758304,7470.874945839547,
store\data_saved\phase2_B5A_dispersion_grid_runs\hz0m_vm50mps_sp2deg\phase2_B5A_hz0m_vm50mps_sp2deg_single_runner_mis1.csv,B5A,hz0m_vm50mps_sp2deg,1,,-50.0,,False,4710,True,True,True,True,True,True,False,True,4710,4705.0,13.581306058251357,2.940766133951911,7566.811554633008,
store\data_saved\phase2_B5B_mc_pilot\conservative_u3\case_runs\mc010_hp258p088_vm28p728\hp258p088m_vm28p7284mps_sp2deg\phase2_B5A_hp258p088m_vm28p7284mps_sp2deg_scaffold_mis2.csv,B5A,hp258p088m_vm28p7284mps_sp2deg,2,258.088,-28.728,False,False,4714,True,False,True,True,True,True,False,False,4714,,8.480768200817693,84.93531004616034,20496.531531695466,
store\data_saved\phase2_B5B_mc_pilot\conservative_u3\case_runs\mc013_hm33p279_vm47p372\hm33p279m_vm47p3718mps_sp2deg\phase2_B5A_hm33p279m_vm47p3718mps_sp2deg_scaffold_mis1.csv,B5A,hm33p279m_vm47p3718mps_sp2deg,1,-33.279,-47.372,False,False,4715,True,True,True,True,True,True,False,True,4715,4708.0,26.572955657338753,0.23373721479310916,7409.104001912245,
store\data_saved\phase2_B5B_mc_pilot\conservative_u3\case_runs\mc025_hm300p092_vm49p558\hm300p092m_vm49p5583mps_sp2deg\phase2_B5A_hm300p092m_vm49p5583mps_sp2deg_scaffold_mis1.csv,B5A,hm300p092m_vm49p5583mps_sp2deg,1,-300.092,-49.558,False,False,4715,True,True,True,True,True,True,False,True,4715,4709.0,4.098086377798609,1.380932684252457,7739.397676703193,
store\data_saved\phase2_B5B_mc_pilot\conservative_u3\case_runs\mc025_hm300p092_vm49p558\hm300p092m_vm49p5583mps_sp2deg\phase2_B5A_hm300p092m_vm49p5583mps_sp2deg_scaffold_mis0.csv,B5A,hm300p092m_vm49p5583mps_sp2deg,0,-300.092,-49.558,False,False,4719,True,False,True,True,True,True,False,False,4719,,32.83945496963133,56.64927792433491,19381.13927350953,
store\data_saved\phase2_B5A_dispersion_grid_runs\hp500m_vm50mps_sp2deg\phase2_B5A_hp500m_vm50mps_sp2deg_scaffold_mis2.csv,B5A,hp500m_vm50mps_sp2deg,2,500.0,-50.0,False,False,4724,True,True,True,True,True,True,False,True,4724,4708.0,1.689503863286518,1.1277411114469942,4876.370825012396,
store\data_saved\phase2_B5A_dispersion_grid_runs\hz0m_vm50mps_sp2deg\phase2_B5A_hz0m_vm50mps_sp2deg_single_runner_mis0.csv,B5A,hz0m_vm50mps_sp2deg,0,,-50.0,,False,4726,True,False,True,True,True,True,False,False,4726,,21.638771210749837,69.88106351141823,19827.025186138664,
store\data_saved\phase2_B5B_mc_pilot\conservative_u3\case_runs\mc024_hp182p496_vm41p615\hp182p496m_vm41p6149mps_sp2deg\phase2_B5A_hp182p496m_vm41p6149mps_sp2deg_scaffold_mis1.csv,B5A,hp182p496m_vm41p6149mps_sp2deg,1,182.496,-41.615,False,False,4729,True,True,True,True,True,True,False,True,4729,4723.0,0.8021192927699303,0.669784353696059,6836.612667249647,
store\data_saved\phase2_B5B_mc_pilot\conservative_u3\case_runs\mc000_hp273p956_vm23p667\hp273p956m_vm23p6673mps_sp2deg\phase2_B5A_hp273p956m_vm23p6673mps_sp2deg_scaffold_mis1.csv,B5A,hp273p956m_vm23p6673mps_sp2deg,1,273.956,-23.667,False,False,4731,True,False,True,True,True,True,False,False,4731,,2.7980260996373545,62.73052197856805,20593.97576627246,
store\data_saved\phase2_B5B_mc_pilot\conservative_u3\case_runs\mc021_hp200p265_vm31p258\hp200p265m_vm31p258mps_sp2deg\phase2_B5A_hp200p265m_vm31p258mps_sp2deg_scaffold_mis1.csv,B5A,hp200p265m_vm31p258mps_sp2deg,1,200.265,-31.258,False,False,4740,True,False,True,True,True,True,False,False,4740,,12.557127709194901,1.873005434724064,21200.264943780974,
store\data_saved\phase2_B5A_dispersion_grid_runs\hp500m_vm50mps_sp2deg\phase2_B5A_hp500m_vm50mps_sp2deg_scaffold_mis0.csv,B5A,hp500m_vm50mps_sp2deg,0,500.0,-50.0,False,False,4742,True,False,True,True,True,True,False,False,4742,,6.771329695657187,53.4840419104994,20279.043448303797,
store\data_saved\phase2_B5B_mc_pilot\conservative_u3\case_runs\mc004_hm371p886_vm22p977\hm371p886m_vm22p9768mps_sp2deg\phase2_B5A_hm371p886m_vm22p9768mps_sp2deg_scaffold_mis0.csv,B5A,hm371p886m_vm22p9768mps_sp2deg,0,-371.886,-22.977,False,False,4749,True,True,True,True,True,True,False,True,4749,4742.0,4.875041394454456,2.0821648803880635,7046.0856406057865,
store\data_saved\phase2_B5B_mc_pilot\conservative_u3\case_runs\mc000_hp273p956_vm23p667\hp273p956m_vm23p6673mps_sp2deg\phase2_B5A_hp273p956m_vm23p6673mps_sp2deg_scaffold_mis0.csv,B5A,hp273p956m_vm23p6673mps_sp2deg,0,273.956,-23.667,False,False,4759,True,False,True,True,True,True,False,False,4759,,1.0483945708183455,1.0984796860327606,20002.790558858484,
store\data_saved\phase2_B5AR_positive_velocity_runs\hp500m_vp50mps_sp2deg\phase2_B5A_hp500m_vp50mps_sp2deg_scaffold_mis2.csv,B5A,hp500m_vp50mps_sp2deg,2,500.0,50.0,False,False,4780,True,False,True,True,True,True,False,False,4780,,12.912022689921287,0.5035800499726975,22496.899827656933,
store\data_saved\phase2_B5AR_positive_velocity_runs\hp500m_vp40mps_sp2deg\phase2_B5A_hp500m_vp40mps_sp2deg_single_runner_mis0.csv,B5A,hp500m_vp40mps_sp2deg,0,500.0,40.0,False,False,4784,True,False,True,True,True,True,False,False,4784,,34.03638385914019,117.1513082565798,8446.037194217213,
store\data_saved\phase2_B5A_dispersion_grid_runs\hz0m_vp50mps_sp2deg\phase2_B5A_hz0m_vp50mps_sp2deg_single_runner_mis1.csv,B5A,hz0m_vp50mps_sp2deg,1,,50.0,,False,4799,True,False,True,True,True,True,False,False,4799,,20.187576084303146,1.748340037404887,21553.25943456318,
store\data_saved\phase2_B5A_dispersion_grid_runs\hp500m_vp50mps_sp2deg\phase2_B5A_hp500m_vp50mps_sp2deg_scaffold_mis1.csv,B5A,hp500m_vp50mps_sp2deg,1,500.0,50.0,False,False,4843,True,False,False,True,False,True,True,False,4843,,12.116201833650848,0.9926280114507335,81811.62455113581,
store\data_saved\phase2_B5B_mc_pilot\conservative_u3\case_runs\mc010_hp258p088_vm28p728\hp258p088m_vm28p7284mps_sp2deg\phase2_B5A_hp258p088m_vm28p7284mps_sp2deg_scaffold_mis1.csv,B5A,hp258p088m_vm28p7284mps_sp2deg,1,258.088,-28.728,False,False,4889,True,False,False,True,False,True,False,False,4889,,24.729366538769682,1.4764332534932691,100073.81590891161,
store\data_saved\phase2_B5B_mc_pilot\conservative_u3\case_runs\mc010_hp258p088_vm28p728\hp258p088m_vm28p7284mps_sp2deg\phase2_B5A_hp258p088m_vm28p7284mps_sp2deg_scaffold_mis0.csv,B5A,hp258p088m_vm28p7284mps_sp2deg,0,258.088,-28.728,False,False,4949,True,False,False,True,False,True,False,False,4949,,29.534318365036597,0.7517302117880718,30566.964495778782,
store\data_saved\phase2_B5B_mc_pilot\conservative_u3\case_runs\mc029_hm360p203_vm43p128\hm360p203m_vm43p1282mps_sp2deg\phase2_B5A_hm360p203m_vm43p1282mps_sp2deg_scaffold_mis2.csv,B5A,hm360p203m_vm43p1282mps_sp2deg,2,-360.203,-43.128,False,False,5733,True,False,True,True,True,True,False,False,5733,,9.074998964730185,116.61271348297396,0.9166397654043976,
store\data_saved\phase2_B5A_dispersion_grid_runs\hm500m_vm50mps_sp2deg\phase2_B5A_hm500m_vm50mps_sp2deg_single_runner_mis0.csv,B5A,hm500m_vm50mps_sp2deg,0,-500.0,-50.0,False,False,5751,True,False,False,True,False,True,True,False,5751,,22.946638128389168,2.465250578493624,4656.4151272194285,
store\data_saved\phase2_B5B_mc_pilot\conservative_u3\case_runs\mc008_hp54p585_vm46p171\hp54p5848m_vm46p171mps_sp2deg\phase2_B5A_hp54p5848m_vm46p171mps_sp2deg_scaffold_mis1.csv,B5A,hp54p5848m_vm46p171mps_sp2deg,1,54.585,-46.171,False,False,5766,True,False,True,True,True,True,False,False,5766,,4.109134875296149,118.2199590252585,0.2653416478788131,
store\data_saved\phase2_B5AR_positive_velocity_runs\hm500m_vp40mps_sp2deg\phase2_B5A_hm500m_vp40mps_sp2deg_scaffold_mis2.csv,B5A,hm500m_vp40mps_sp2deg,2,-500.0,40.0,False,False,5772,True,False,True,True,True,True,False,False,5772,,3.7305919531645486,117.4763860969806,0.50770522026869,
store\data_saved\phase2_B5B_mc_pilot\conservative_u3\case_runs\mc023_hm112p522_vm32p700\hm112p522m_vm32p7003mps_sp2deg\phase2_B5A_hm112p522m_vm32p7003mps_sp2deg_scaffold_mis0.csv,B5A,hm112p522m_vm32p7003mps_sp2deg,0,-112.522,-32.7,False,False,5779,True,False,True,True,True,True,False,False,5779,,0.34235832402919186,118.1909173174181,0.5580794154229807,
store\data_saved\phase2_B5AR_positive_velocity_runs\hp500m_vp20mps_sp2deg\phase2_B5A_hp500m_vp20mps_sp2deg_single_runner_mis2.csv,B5A,hp500m_vp20mps_sp2deg,2,500.0,20.0,False,False,5784,True,False,True,True,True,True,False,False,5784,,1.2024514374606952,96.25957360934308,0.9473869876237586,
store\data_saved\phase2_B5A_dispersion_grid_runs\hz0m_vm50mps_sp2deg\phase2_B5A_hz0m_vm50mps_sp2deg_scaffold_mis2.csv,B5A,hz0m_vm50mps_sp2deg,2,,-50.0,,False,5784,True,True,True,True,True,True,False,True,5784,5779.0,9.126017078742734,3.5871379689240257,0.8624929554353002,
store\data_saved\phase2_B5AR_positive_velocity_runs\hp500m_vp40mps_sp2deg\phase2_B5A_hp500m_vp40mps_sp2deg_single_runner_mis2.csv,B5A,hp500m_vp40mps_sp2deg,2,500.0,40.0,False,False,5788,True,False,True,True,True,True,False,False,5788,,2.2314134328407818,113.61684399437672,0.48744041524332715,
store\data_saved\phase2_B5AR_positive_velocity_runs\hz0m_vp40mps_sp2deg\phase2_B5A_hz0m_vp40mps_sp2deg_scaffold_mis2.csv,B5A,hz0m_vp40mps_sp2deg,2,,40.0,,False,5791,True,False,True,True,True,True,False,False,5791,,6.589410840519122,33.71595835257244,0.10315189624088816,
store\data_saved\phase2_B5AR_positive_velocity_runs\hm500m_vp20mps_sp2deg\phase2_B5A_hm500m_vp20mps_sp2deg_single_runner_mis2.csv,B5A,hm500m_vp20mps_sp2deg,2,-500.0,20.0,False,False,5795,True,True,True,True,True,True,False,True,5795,5786.0,34.13271551750222,17.07695201235697,0.013607067128759809,
store\data_saved\phase2_B3A_heading_spread_runs\spread_4deg\phase2_B3A_spread_4deg_scaffold_mis2.csv,B3,spread_4deg,2,,,,False,5797,True,True,True,True,True,True,False,True,5797,5791.0,3.142194584946992,8.36412512951756,0.3706794837344205,
store\data_saved\phase2_B5C_local_envelope_validation\case_runs\b5c015_hp122p534_vm2p974\hp122p534m_vm2p97359mps_sp2deg\phase2_B5A_hp122p534m_vm2p97359mps_sp2deg_scaffold_mis2.csv,B5A,hp122p534m_vm2p97359mps_sp2deg,2,122.534,-2.974,True,False,5798,True,True,True,True,True,True,False,True,5798,5792.0,6.273287981719477,1.1483729544650032,0.510429954432766,
store\data_saved\phase2_B5B_mc_pilot\conservative_u3\case_runs\mc023_hm112p522_vm32p700\hm112p522m_vm32p7003mps_sp2deg\phase2_B5A_hm112p522m_vm32p7003mps_sp2deg_scaffold_mis2.csv,B5A,hm112p522m_vm32p7003mps_sp2deg,2,-112.522,-32.7,False,False,5798,True,False,False,True,False,True,True,False,5798,,33.20621903188294,319.3680036973474,0.3448283256511786,
store\data_saved\phase2_B5AR_positive_velocity_runs\hm500m_vp40mps_sp2deg\phase2_B5A_hm500m_vp40mps_sp2deg_single_runner_mis1.csv,B5A,hm500m_vp40mps_sp2deg,1,-500.0,40.0,False,False,5799,True,False,True,True,True,True,False,False,5799,,3.2342123451999214,102.0474386681185,0.6078061356747639,
store\data_saved\phase2_B5A_dispersion_grid_runs\hm500m_vz0mps_sp2deg\phase2_B5A_hm500m_vz0mps_sp2deg_single_runner_mis2.csv,B5A,hm500m_vz0mps_sp2deg,2,-500.0,,,False,5801,True,True,True,True,True,True,False,True,5801,5795.0,5.005151993216714,6.788108524840709,0.9408662714995444,
store\data_saved\phase2_B5C_local_envelope_validation\case_runs\b5c011_hp27p601_vm12p488\hp27p6014m_vm12p4877mps_sp2deg\phase2_B5A_hp27p6014m_vm12p4877mps_sp2deg_scaffold_mis2.csv,B5A,hp27p6014m_vm12p4877mps_sp2deg,2,27.601,-12.488,False,False,5802,True,True,True,True,True,True,False,True,5802,5796.0,7.013874153257348,2.0505075619848867,0.5686547394288937,
store\data_saved\phase2_B5AR_positive_velocity_runs\hp500m_vp20mps_sp2deg\phase2_B5A_hp500m_vp20mps_sp2deg_scaffold_mis1.csv,B5A,hp500m_vp20mps_sp2deg,1,500.0,20.0,False,False,5802,True,False,True,True,True,True,False,False,5802,,0.7052371767786099,61.78481350500215,0.511730469414033,
store\data_saved\phase2_B5C_local_envelope_validation\case_runs\b5c019_hp357p148_vm8p056\hp357p148m_vm8p05586mps_sp2deg\phase2_B5A_hp357p148m_vm8p05586mps_sp2deg_scaffold_mis2.csv,B5A,hp357p148m_vm8p05586mps_sp2deg,2,357.148,-8.056,True,False,5803,True,True,True,True,True,True,False,True,5803,5796.0,10.696009589100868,1.5504746283704662,0.7921565054275561,
store\data_saved\phase2_B5B_mc_pilot\conservative_u3\case_runs\mc028_hm41p084_vm15p876\hm41p0842m_vm15p8755mps_sp2deg\phase2_B5A_hm41p0842m_vm15p8755mps_sp2deg_scaffold_mis2.csv,B5A,hm41p0842m_vm15p8755mps_sp2deg,2,-41.084,-15.876,False,False,5803,True,True,True,True,True,True,False,True,5803,5797.0,2.313206339847966,1.6227989676115158,0.6073856345610693,
store\data_saved\phase2_B5A_dispersion_grid_runs\hm500m_vm50mps_sp2deg\phase2_B5A_hm500m_vm50mps_sp2deg_single_runner_mis1.csv,B5A,hm500m_vm50mps_sp2deg,1,-500.0,-50.0,False,False,5803,True,True,True,True,True,True,False,True,5803,5797.0,11.811102096318791,2.5317864655719404,0.003994578939455096,
store\data_saved\phase2_B5AR_positive_velocity_runs\hz0m_vp20mps_sp2deg\phase2_B5A_hz0m_vp20mps_sp2deg_single_runner_mis2.csv,B5A,hz0m_vp20mps_sp2deg,2,,20.0,,False,5806,True,True,True,True,True,True,False,True,5806,5797.0,17.78754517019479,24.368533683065607,0.14712529342796188,
store\data_saved\phase2_B5B_mc_pilot\conservative_u3\case_runs\mc027_hp205p165_vm3p156\hp205p165m_vm3p15626mps_sp2deg\phase2_B5A_hp205p165m_vm3p15626mps_sp2deg_scaffold_mis2.csv,B5A,hp205p165m_vm3p15626mps_sp2deg,2,205.165,-3.156,True,False,5806,True,True,True,True,True,True,False,True,5806,5800.0,9.663640233571641,1.1172088795831314,0.4658039292335161,
store\data_saved\phase2_B5B_mc_pilot\conservative_u3\case_runs\mc022_hp332p260_vm1p714\hp332p26m_vm1p71414mps_sp2deg\phase2_B5A_hp332p26m_vm1p71414mps_sp2deg_scaffold_mis2.csv,B5A,hp332p26m_vm1p71414mps_sp2deg,2,332.26,-1.714,True,False,5807,True,True,True,True,True,True,False,True,5807,5800.0,0.1691877705634397,0.8358483687970875,0.22375127896521008,
store\data_saved\phase2_B5AR_positive_velocity_runs\hm500m_vp10mps_sp2deg\phase2_B5A_hm500m_vp10mps_sp2deg_scaffold_mis2.csv,B5A,hm500m_vp10mps_sp2deg,2,-500.0,10.0,False,False,5807,True,True,True,True,True,True,False,True,5807,5800.0,7.090451687796303,2.324419349412892,0.10753246645617764,
store\data_saved\phase2_B5AR_positive_velocity_runs\hz0m_vp40mps_sp2deg\phase2_B5A_hz0m_vp40mps_sp2deg_single_runner_mis1.csv,B5A,hz0m_vp40mps_sp2deg,1,,40.0,,False,5808,True,False,True,True,True,True,False,False,5808,,2.2583754933293676,112.79751655075415,0.13278330644970993,
store\data_saved\phase2_B5B_mc_pilot\conservative_u3\case_runs\mc002_hm405p823_vp8p537\hm405p823m_vp8p53734mps_sp2deg\phase2_B5A_hm405p823m_vp8p53734mps_sp2deg_scaffold_mis2.csv,B5A,hm405p823m_vp8p53734mps_sp2deg,2,-405.823,8.537,False,False,5808,True,True,True,True,True,True,False,True,5808,5801.0,30.773592699591973,1.9580425887606907,0.9883792316613835,
store\data_saved\phase2_B5C_local_envelope_validation\case_runs\b5c025_hp301p310_vp8p988\hp301p31m_vp8p98796mps_sp2deg\phase2_B5A_hp301p31m_vp8p98796mps_sp2deg_scaffold_mis2.csv,B5A,hp301p31m_vp8p98796mps_sp2deg,2,301.31,8.988,True,False,5808,True,True,True,True,True,True,False,True,5808,5800.0,8.202048138988175,1.5882367245415026,0.832417171652196,
store\data_saved\phase2_B5C_local_envelope_validation\case_runs\b5c024_hp89p592_vm2p948\hp89p5916m_vm2p94839mps_sp2deg\phase2_B5A_hp89p5916m_vm2p94839mps_sp2deg_scaffold_mis2.csv,B5A,hp89p5916m_vm2p94839mps_sp2deg,2,89.592,-2.948,True,False,5810,True,True,True,True,True,True,False,True,5810,5804.0,9.239097134752228,1.165541874012888,0.9586136395446374,
store\data_saved\phase2_B5B_mc_pilot\conservative_u3\case_runs\mc026_hp286p924_vm10p109\hp286p924m_vm10p1089mps_sp2deg\phase2_B5A_hp286p924m_vm10p1089mps_sp2deg_scaffold_mis2.csv,B5A,hp286p924m_vm10p1089mps_sp2deg,2,286.924,-10.109,False,False,5813,True,True,True,True,True,True,False,True,5813,5807.0,1.1278232412805664,0.6586597188359065,0.5280455254833214,
store\data_saved\phase2_B5A_dispersion_grid_runs\hp500m_vm50mps_sp2deg\phase2_B5A_hp500m_vm50mps_sp2deg_single_runner_mis1.csv,B5A,hp500m_vm50mps_sp2deg,1,500.0,-50.0,False,False,5813,True,True,True,True,True,True,False,True,5813,5808.0,0.6552259875679738,0.21132164196478698,0.019912065923563205,
store\data_saved\phase2_B5C_local_envelope_validation\case_runs\b5c026_hp229p100_vp3p236\hp229p1m_vp3p23582mps_sp2deg\phase2_B5A_hp229p1m_vp3p23582mps_sp2deg_scaffold_mis2.csv,B5A,hp229p1m_vp3p23582mps_sp2deg,2,229.1,3.236,True,False,5814,True,True,True,True,True,True,False,True,5814,5807.0,20.97343980415826,0.3824998246695941,0.5072638588244445,
store\data_saved\phase2_B5C_local_envelope_validation\case_runs\b5c010_hp253p790_vm8p872\hp253p79m_vm8p87193mps_sp2deg\phase2_B5A_hp253p79m_vm8p87193mps_sp2deg_scaffold_mis2.csv,B5A,hp253p79m_vm8p87193mps_sp2deg,2,253.79,-8.872,True,False,5814,True,True,True,True,True,True,False,True,5814,5808.0,3.5258088508089713,1.9303363741776138,0.8133997535333037,
store\data_saved\phase2_B5A_dispersion_grid_runs\hz0m_vz0mps_sp2deg\phase2_B5A_hz0m_vz0mps_sp2deg_single_runner_mis2.csv,B5A,hz0m_vz0mps_sp2deg,2,,,,False,5814,True,True,True,True,True,True,False,True,5814,5808.0,5.092600761647191,4.506536722896044,0.567177112607169,
store\data_saved\phase2_B5C_local_envelope_validation\case_runs\b5c000_hp471p766_vm9p217\hp471p766m_vm9p21737mps_sp2deg\phase2_B5A_hp471p766m_vm9p21737mps_sp2deg_scaffold_mis2.csv,B5A,hp471p766m_vm9p21737mps_sp2deg,2,471.766,-9.217,True,False,5814,True,True,True,True,True,True,False,True,5814,5808.0,2.992860846759868,1.1469314961639157,0.8990223104774486,
store\data_saved\phase2_B5C_local_envelope_validation\case_runs\b5c002_hp147p164_vp7p682\hp147p164m_vp7p68177mps_sp2deg\phase2_B5A_hp147p164m_vp7p68177mps_sp2deg_scaffold_mis2.csv,B5A,hp147p164m_vp7p68177mps_sp2deg,2,147.164,7.682,True,False,5814,True,True,True,True,True,True,False,True,5814,5807.0,31.78014017897658,2.241929336553085,1.0267378509233822,
store\data_saved\phase2_B5AR_positive_velocity_runs\hm500m_vp40mps_sp2deg\phase2_B5A_hm500m_vp40mps_sp2deg_single_runner_mis0.csv,B5A,hm500m_vp40mps_sp2deg,0,-500.0,40.0,False,False,5814,True,False,True,True,True,True,False,False,5814,,20.34590190765448,34.55955471300308,0.40428335043543484,
store\data_saved\phase2_B3B_run_dwell_runs\dwell_4\phase2_B3B_dwell_4_single_runner_mis2.csv,B3,dwell_4,2,,,,False,5814,True,True,True,True,True,True,False,True,5814,5808.0,5.092600761647191,4.506536722896044,0.567177112607169,
store\data_saved\phase2_B5AR_positive_velocity_runs\hp500m_vp40mps_sp2deg\phase2_B5A_hp500m_vp40mps_sp2deg_single_runner_mis1.csv,B5A,hp500m_vp40mps_sp2deg,1,500.0,40.0,False,False,5814,True,False,True,True,True,True,False,False,5814,,2.598205167108972,102.02476197181704,1.040277128260641,
store\data_saved\phase2_B3A_heading_spread_runs\spread_2deg\phase2_B3A_spread_2deg_single_runner_mis2.csv,B3,spread_2deg,2,,,,False,5814,True,True,True,True,True,True,False,True,5814,5808.0,5.092600761647191,4.506536722896044,0.567177112607169,
store\data_saved\phase2_B2R_role_distinct_runs\phase2_B2R_exact_single_runner_mis2.csv,B2,phase2_B2R_role_distinct_runs,2,,,,False,5814,True,True,True,True,True,True,False,True,5814,5808.0,5.092600761647191,4.506536722896044,0.567177112607169,
store\data_saved\phase2_B5B_mc_pilot\conservative_u3\case_runs\mc005_hm129p202_vp5p606\hm129p202m_vp5p6059mps_sp2deg\phase2_B5A_hm129p202m_vp5p6059mps_sp2deg_scaffold_mis2.csv,B5A,hm129p202m_vp5p6059mps_sp2deg,2,-129.202,5.606,False,False,5814,True,True,True,True,True,True,False,True,5814,5807.0,5.895356807639473,0.3550006419663987,0.5188836065426585,
store\data_saved\phase2_B5B_mc_pilot\conservative_u3\case_runs\mc006_hp143p865_vm0p634\hp143p865m_vm0p634303mps_sp2deg\phase2_B5A_hp143p865m_vm0p634303mps_sp2deg_scaffold_mis2.csv,B5A,hp143p865m_vm0p634303mps_sp2deg,2,143.865,-0.634,True,False,5814,True,True,True,True,True,True,False,True,5814,5808.0,2.1334272748172225,4.107556451283926,0.5252224252035376,
store\data_saved\phase2_B3B_run_dwell_runs\dwell_3\phase2_B3B_dwell_3_scaffold_mis2.csv,B3,dwell_3,2,,,,False,5814,True,True,True,True,True,True,False,True,5814,5808.0,5.092600761647191,4.506536722896044,0.567177112607169,
store\data_saved\phase2_B3B_run_dwell_runs\dwell_5\phase2_B3B_dwell_5_single_runner_mis2.csv,B3,dwell_5,2,,,,False,5814,True,True,True,True,True,True,False,True,5814,5808.0,5.092600761647191,4.506536722896044,0.567177112607169,
store\data_saved\phase2_B5C_local_envelope_validation\case_runs\b5c017_hp184p675_vm5p902\hp184p675m_vm5p90229mps_sp2deg\phase2_B5A_hp184p675m_vm5p90229mps_sp2deg_scaffold_mis2.csv,B5A,hp184p675m_vm5p90229mps_sp2deg,2,184.675,-5.902,True,False,5816,True,True,True,True,True,True,False,True,5816,5810.0,4.586102441720868,2.469768646387138,0.0680889669311,
store\data_saved\phase2_B5A_dispersion_grid_runs\hp500m_vz0mps_sp2deg\phase2_B5A_hp500m_vz0mps_sp2deg_single_runner_mis2.csv,B5A,hp500m_vz0mps_sp2deg,2,500.0,,,False,5816,True,True,True,True,True,True,False,True,5816,5810.0,0.5000531476944161,4.088369087680803,0.3485761781121255,
store\data_saved\phase2_B5B_mc_pilot\conservative_u3\case_runs\mc003_hp261p140_vm2p836\hp261p14m_vm2p83614mps_sp2deg\phase2_B5A_hp261p14m_vm2p83614mps_sp2deg_scaffold_mis2.csv,B5A,hp261p14m_vm2p83614mps_sp2deg,2,261.14,-2.836,True,False,5816,True,True,True,True,True,True,False,True,5816,5809.0,4.127701520090341,1.1759817732151987,0.5173669543582946,
store\data_saved\phase2_B5B_mc_pilot\conservative_u3\case_runs\mc004_hm371p886_vm22p977\hm371p886m_vm22p9768mps_sp2deg\phase2_B5A_hm371p886m_vm22p9768mps_sp2deg_scaffold_mis1.csv,B5A,hm371p886m_vm22p9768mps_sp2deg,1,-371.886,-22.977,False,False,5816,True,True,True,True,True,True,False,True,5816,5810.0,19.672255034409318,0.3216796208848791,1.0085680846095784,
store\data_saved\phase2_B5B_mc_pilot\conservative_u3\case_runs\mc014_hm345p711_vm9p017\hm345p711m_vm9p01706mps_sp2deg\phase2_B5A_hm345p711m_vm9p01706mps_sp2deg_scaffold_mis1.csv,B5A,hm345p711m_vm9p01706mps_sp2deg,1,-345.711,-9.017,False,False,5816,True,True,True,True,True,True,False,True,5816,5810.0,9.835090628203034,2.57405343277469,0.4786349475980387,
store\data_saved\phase2_B5B_mc_pilot\conservative_u3\case_runs\mc001_hp358p598_vm8p158\hp358p598m_vm8p15792mps_sp2deg\phase2_B5A_hp358p598m_vm8p15792mps_sp2deg_scaffold_mis2.csv,B5A,hp358p598m_vm8p15792mps_sp2deg,2,358.598,-8.158,True,False,5816,True,True,True,True,True,True,False,True,5816,5809.0,12.52318240121167,1.5177840147280222,0.8915250516511151,
store\data_saved\phase2_B3A_heading_spread_runs\spread_1deg\phase2_B3A_spread_1deg_scaffold_mis2.csv,B3,spread_1deg,2,,,,False,5816,True,True,True,True,True,True,False,True,5816,5809.0,0.74834126159476,0.8536454978006986,0.44102047818887513,
store\data_saved\phase2_B5B_mc_pilot\conservative_u3\case_runs\mc002_hm405p823_vp8p537\hm405p823m_vp8p53734mps_sp2deg\phase2_B5A_hm405p823m_vp8p53734mps_sp2deg_scaffold_mis1.csv,B5A,hm405p823m_vp8p53734mps_sp2deg,1,-405.823,8.537,False,False,5817,True,True,True,True,True,True,False,True,5817,5810.0,11.750869276078447,0.34964327968646103,0.5777015074418159,
store\data_saved\phase2_B5B_mc_pilot\conservative_u3\case_runs\mc014_hm345p711_vm9p017\hm345p711m_vm9p01706mps_sp2deg\phase2_B5A_hm345p711m_vm9p01706mps_sp2deg_scaffold_mis2.csv,B5A,hm345p711m_vm9p01706mps_sp2deg,2,-345.711,-9.017,False,False,5817,True,True,True,True,True,True,False,True,5817,5811.0,4.273124285518861,0.6555219173960722,0.7665768627775833,
store\data_saved\phase2_B5C_local_envelope_validation\case_runs\b5c001_hp392p403_vm2p262\hp392p403m_vm2p26165mps_sp2deg\phase2_B5A_hp392p403m_vm2p26165mps_sp2deg_scaffold_mis2.csv,B5A,hp392p403m_vm2p26165mps_sp2deg,2,392.403,-2.262,True,False,5818,True,True,True,True,True,True,False,True,5818,5812.0,4.157819030697283,0.8265804598208888,0.9210212592297466,
store\data_saved\phase2_B5C_local_envelope_validation\case_runs\b5c003_hp434p666_vm9p076\hp434p666m_vm9p07585mps_sp2deg\phase2_B5A_hp434p666m_vm9p07585mps_sp2deg_scaffold_mis2.csv,B5A,hp434p666m_vm9p07585mps_sp2deg,2,434.666,-9.076,True,False,5818,True,True,True,True,True,True,False,True,5818,5812.0,2.1166234591546527,1.7037461469783466,0.3477057731724926,
store\data_saved\phase2_B5B_mc_pilot\conservative_u3\case_runs\mc019_hm273p091_vm9p811\hm273p091m_vm9p81116mps_sp2deg\phase2_B5A_hm273p091m_vm9p81116mps_sp2deg_scaffold_mis2.csv,B5A,hm273p091m_vm9p81116mps_sp2deg,2,-273.091,-9.811,False,False,5818,True,True,True,True,True,True,False,True,5818,5812.0,3.567785669609293,3.895910557888101,0.2545970957799,
store\data_saved\phase2_B5B_mc_pilot\conservative_u3\case_runs\mc009_hp327p631_vm12p100\hp327p631m_vm12p1001mps_sp2deg\phase2_B5A_hp327p631m_vm12p1001mps_sp2deg_scaffold_mis2.csv,B5A,hp327p631m_vm12p1001mps_sp2deg,2,327.631,-12.1,False,False,5818,True,True,True,True,True,True,False,True,5818,5812.0,13.441352336416458,5.489079005854364,0.6343900012943777,
store\data_saved\phase2_B5AR_positive_velocity_runs\hz0m_vp10mps_sp2deg\phase2_B5A_hz0m_vp10mps_sp2deg_single_runner_mis2.csv,B5A,hz0m_vp10mps_sp2deg,2,,10.0,,False,5819,True,True,True,True,True,True,False,True,5819,5811.0,9.147994791976089,1.8865603424760593,0.551134954461304,
store\data_saved\phase2_B5C_local_envelope_validation\case_runs\b5c007_hp447p399_vm2p791\hp447p399m_vm2p79102mps_sp2deg\phase2_B5A_hp447p399m_vm2p79102mps_sp2deg_scaffold_mis2.csv,B5A,hp447p399m_vm2p79102mps_sp2deg,2,447.399,-2.791,True,False,5819,True,True,True,True,True,True,False,True,5819,5813.0,6.335826585014729,2.8263512803303,0.666516464909364,
store\data_saved\phase2_B5C_local_envelope_validation\case_runs\b5c009_hp325p987_vm9p589\hp325p987m_vm9p58915mps_sp2deg\phase2_B5A_hp325p987m_vm9p58915mps_sp2deg_scaffold_mis1.csv,B5A,hp325p987m_vm9p58915mps_sp2deg,1,325.987,-9.589,True,False,5819,True,True,True,True,True,True,False,True,5819,5813.0,0.8106861294436385,1.6792990325759547,0.8152881468340638,
store\data_saved\phase2_B5C_local_envelope_validation\case_runs\b5c008_hp195p154_vm9p360\hp195p154m_vm9p35963mps_sp2deg\phase2_B5A_hp195p154m_vm9p35963mps_sp2deg_scaffold_mis2.csv,B5A,hp195p154m_vm9p35963mps_sp2deg,2,195.154,-9.36,True,False,5819,True,True,True,True,True,True,False,True,5819,5812.0,1.975527487218642,1.495836022618505,0.6110524489049567,
store\data_saved\phase2_B5C_local_envelope_validation\case_runs\b5c022_hp46p566_vm17p262\hp46p566m_vm17p2617mps_sp2deg\phase2_B5A_hp46p566m_vm17p2617mps_sp2deg_scaffold_mis2.csv,B5A,hp46p566m_vm17p2617mps_sp2deg,2,46.566,-17.262,False,False,5820,True,True,True,True,True,True,False,True,5820,5814.0,7.875920736660191,0.17105302551431123,0.14108939311699942,
store\data_saved\phase2_B3A_heading_spread_runs\spread_3deg\phase2_B3A_spread_3deg_single_runner_mis2.csv,B3,spread_3deg,2,,,,False,5820,True,True,True,True,True,True,False,True,5820,5813.0,2.5268061072965793,0.7064554108665106,0.598119598631456,
store\data_saved\phase2_B5C_local_envelope_validation\case_runs\b5c013_hp333p663_vm5p882\hp333p663m_vm5p88237mps_sp2deg\phase2_B5A_hp333p663m_vm5p88237mps_sp2deg_scaffold_mis2.csv,B5A,hp333p663m_vm5p88237mps_sp2deg,2,333.663,-5.882,True,False,5820,True,True,True,True,True,True,False,True,5820,5814.0,2.6778501029439212,3.1252971804551635,0.15604645630082814,
store\data_saved\phase2_B5C_local_envelope_validation\case_runs\b5c018_hp258p913_vp7p057\hp258p913m_vp7p0568mps_sp2deg\phase2_B5A_hp258p913m_vp7p0568mps_sp2deg_scaffold_mis2.csv,B5A,hp258p913m_vp7p0568mps_sp2deg,2,258.913,7.057,True,False,5821,True,True,True,True,True,True,False,True,5821,5815.0,22.881897825624037,1.901027863385707,1.00998194875865,
store\data_saved\phase2_B5A_dispersion_grid_runs\hm500m_vz0mps_sp2deg\phase2_B5A_hm500m_vz0mps_sp2deg_scaffold_mis1.csv,B5A,hm500m_vz0mps_sp2deg,1,-500.0,,,False,5821,True,True,True,True,True,True,False,True,5821,5815.0,0.38713703968096524,4.133580302545624,0.069234045156918,
store\data_saved\phase2_B5B_mc_pilot\conservative_u3\case_runs\mc006_hp143p865_vm0p634\hp143p865m_vm0p634303mps_sp2deg\phase2_B5A_hp143p865m_vm0p634303mps_sp2deg_scaffold_mis1.csv,B5A,hp143p865m_vm0p634303mps_sp2deg,1,143.865,-0.634,True,False,5822,True,True,True,True,True,True,False,True,5822,5816.0,8.446248294396355,0.5351379018688931,0.10590854301699437,
store\data_saved\phase2_B5B_mc_pilot\conservative_u3\case_runs\mc007_hm56p586_vm36p366\hm56p5858m_vm36p3657mps_sp2deg\phase2_B5A_hm56p5858m_vm36p3657mps_sp2deg_scaffold_mis2.csv,B5A,hm56p5858m_vm36p3657mps_sp2deg,2,-56.586,-36.366,False,False,5822,True,False,False,True,False,True,True,False,5822,,32.80668158995468,164.92086569628464,0.71983163090772,
store\data_saved\phase2_B5C_local_envelope_validation\case_runs\b5c018_hp258p913_vp7p057\hp258p913m_vp7p0568mps_sp2deg\phase2_B5A_hp258p913m_vp7p0568mps_sp2deg_scaffold_mis1.csv,B5A,hp258p913m_vp7p0568mps_sp2deg,1,258.913,7.057,True,False,5822,True,True,True,True,True,True,False,True,5822,5815.0,15.989621481348877,0.55188928696316,0.34850119212205755,
store\data_saved\phase2_B5C_local_envelope_validation\case_runs\b5c008_hp195p154_vm9p360\hp195p154m_vm9p35963mps_sp2deg\phase2_B5A_hp195p154m_vm9p35963mps_sp2deg_scaffold_mis1.csv,B5A,hp195p154m_vm9p35963mps_sp2deg,1,195.154,-9.36,True,False,5823,True,True,True,True,True,True,False,True,5823,5817.0,1.1032310967457306,1.6543767369807938,0.13031014975422295,
store\data_saved\phase2_B5B_mc_pilot\conservative_u3\case_runs\mc011_hp470p698_vp3p587\hp470p698m_vp3p58727mps_sp2deg\phase2_B5A_hp470p698m_vp3p58727mps_sp2deg_scaffold_mis2.csv,B5A,hp470p698m_vp3p58727mps_sp2deg,2,470.698,3.587,True,False,5823,True,True,True,True,True,True,False,True,5823,5816.0,32.376584214918694,2.882176988818401,0.15133365424117073,
store\data_saved\phase2_B5AR_positive_velocity_runs\hp500m_vp10mps_sp2deg\phase2_B5A_hp500m_vp10mps_sp2deg_single_runner_mis2.csv,B5A,hp500m_vp10mps_sp2deg,2,500.0,10.0,True,False,5823,True,True,True,True,True,True,False,True,5823,5815.0,24.487554927436577,1.3427675327520774,0.9982984200323699,
store\data_saved\phase2_B5C_local_envelope_validation\case_runs\b5c017_hp184p675_vm5p902\hp184p675m_vm5p90229mps_sp2deg\phase2_B5A_hp184p675m_vm5p90229mps_sp2deg_scaffold_mis1.csv,B5A,hp184p675m_vm5p90229mps_sp2deg,1,184.675,-5.902,True,False,5823,True,True,True,True,True,True,False,True,5823,5816.0,5.381683222251013,0.0714233394276107,0.05746777854801621,
store\data_saved\phase2_B5C_local_envelope_validation\case_runs\b5c001_hp392p403_vm2p262\hp392p403m_vm2p26165mps_sp2deg\phase2_B5A_hp392p403m_vm2p26165mps_sp2deg_scaffold_mis1.csv,B5A,hp392p403m_vm2p26165mps_sp2deg,1,392.403,-2.262,True,False,5823,True,True,True,True,True,True,False,True,5823,5817.0,0.6777319877110131,0.5288968810712049,0.31847622952773236,
store\data_saved\phase2_B5C_local_envelope_validation\case_runs\b5c026_hp229p100_vp3p236\hp229p1m_vp3p23582mps_sp2deg\phase2_B5A_hp229p1m_vp3p23582mps_sp2deg_scaffold_mis1.csv,B5A,hp229p1m_vp3p23582mps_sp2deg,1,229.1,3.236,True,False,5824,True,True,True,True,True,True,False,True,5824,5817.0,0.16395803355044336,1.4891183941319923,0.47949306482769316,
store\data_saved\phase2_B5C_local_envelope_validation\case_runs\b5c014_hp484p922_vp5p208\hp484p922m_vp5p20782mps_sp2deg\phase2_B5A_hp484p922m_vp5p20782mps_sp2deg_scaffold_mis2.csv,B5A,hp484p922m_vp5p20782mps_sp2deg,2,484.922,5.208,True,False,5824,True,True,True,True,True,True,False,True,5824,5818.0,2.2890006765010185,0.2850990236763664,0.1145717206018162,
store\data_saved\phase2_B5C_local_envelope_validation\case_runs\b5c002_hp147p164_vp7p682\hp147p164m_vp7p68177mps_sp2deg\phase2_B5A_hp147p164m_vp7p68177mps_sp2deg_scaffold_mis1.csv,B5A,hp147p164m_vp7p68177mps_sp2deg,1,147.164,7.682,True,False,5824,True,True,True,True,True,True,False,True,5824,5817.0,15.928768993879203,0.3757984236892753,0.08344660673901672,
store\data_saved\phase2_B5B_mc_pilot\conservative_u3\case_runs\mc005_hm129p202_vp5p606\hm129p202m_vp5p6059mps_sp2deg\phase2_B5A_hm129p202m_vp5p6059mps_sp2deg_scaffold_mis1.csv,B5A,hm129p202m_vp5p6059mps_sp2deg,1,-129.202,5.606,False,False,5825,True,True,True,True,True,True,False,True,5825,5818.0,21.765608519148373,0.3468504596519324,0.8688896329476847,
store\data_saved\phase2_B5B_mc_pilot\conservative_u3\case_runs\mc015_hp244p762_vp8p051\hp244p762m_vp8p05058mps_sp2deg\phase2_B5A_hp244p762m_vp8p05058mps_sp2deg_scaffold_mis2.csv,B5A,hp244p762m_vp8p05058mps_sp2deg,2,244.762,8.051,True,False,5825,True,True,True,True,True,True,False,True,5825,5817.0,31.702677359473455,1.905652214898737,0.14033628968900302,
store\data_saved\phase2_B5B_mc_pilot\conservative_u3\case_runs\mc028_hm41p084_vm15p876\hm41p0842m_vm15p8755mps_sp2deg\phase2_B5A_hm41p0842m_vm15p8755mps_sp2deg_scaffold_mis1.csv,B5A,hm41p0842m_vm15p8755mps_sp2deg,1,-41.084,-15.876,False,False,5826,True,True,True,True,True,True,False,True,5826,5821.0,1.7899302674522914,6.318435166411518,0.67087313203956,
store\data_saved\phase2_B5B_mc_pilot\conservative_u3\case_runs\mc009_hp327p631_vm12p100\hp327p631m_vm12p1001mps_sp2deg\phase2_B5A_hp327p631m_vm12p1001mps_sp2deg_scaffold_mis1.csv,B5A,hp327p631m_vm12p1001mps_sp2deg,1,327.631,-12.1,False,False,5826,True,True,True,True,True,True,False,True,5826,5820.0,2.183146499133727,1.1611399809687555,0.17103343740018317,
store\data_saved\phase2_B5AR_positive_velocity_runs\hz0m_vp10mps_sp2deg\phase2_B5A_hz0m_vp10mps_sp2deg_scaffold_mis1.csv,B5A,hz0m_vp10mps_sp2deg,1,,10.0,,False,5827,True,True,True,True,True,True,False,True,5827,5820.0,9.775028105665115,2.0293666217648934,0.5241188190047978,
store\data_saved\phase2_B5AR_positive_velocity_runs\hm500m_vp30mps_sp2deg\phase2_B5A_hm500m_vp30mps_sp2deg_scaffold_mis0.csv,B5A,hm500m_vp30mps_sp2deg,0,-500.0,30.0,False,False,5827,True,False,True,True,True,True,False,False,5827,,4.089533968308388,16.022141409710912,0.8326806622062577,
store\data_saved\phase2_B5B_mc_pilot\conservative_u3\case_runs\mc019_hm273p091_vm9p811\hm273p091m_vm9p81116mps_sp2deg\phase2_B5A_hm273p091m_vm9p81116mps_sp2deg_scaffold_mis1.csv,B5A,hm273p091m_vm9p81116mps_sp2deg,1,-273.091,-9.811,False,False,5827,True,True,True,True,True,True,False,True,5827,5821.0,2.1248134386223683,0.3609142398079257,0.2956800226966152,
store\data_saved\phase2_B5AR_positive_velocity_runs\hm500m_vp10mps_sp2deg\phase2_B5A_hm500m_vp10mps_sp2deg_single_runner_mis1.csv,B5A,hm500m_vp10mps_sp2deg,1,-500.0,10.0,False,False,5828,True,True,True,True,True,True,False,True,5828,5822.0,17.77177726867012,0.13703471513554177,0.3161804903065786,
store\data_saved\phase2_B5AR_positive_velocity_runs\hm500m_vp10mps_sp2deg\phase2_B5A_hm500m_vp10mps_sp2deg_single_runner_mis0.csv,B5A,hm500m_vp10mps_sp2deg,0,-500.0,10.0,False,False,5828,True,True,True,True,True,True,False,True,5828,5821.0,16.97548124142122,0.40690451908881187,0.8542238368172548,
store\data_saved\phase2_B5B_mc_pilot\conservative_u3\case_runs\mc003_hp261p140_vm2p836\hp261p14m_vm2p83614mps_sp2deg\phase2_B5A_hp261p14m_vm2p83614mps_sp2deg_scaffold_mis1.csv,B5A,hp261p14m_vm2p83614mps_sp2deg,1,261.14,-2.836,True,False,5828,True,True,True,True,True,True,False,True,5828,5822.0,12.542505269448156,0.7982604547551091,0.4190793408197351,
store\data_saved\phase2_B5C_local_envelope_validation\case_runs\b5c015_hp122p534_vm2p974\hp122p534m_vm2p97359mps_sp2deg\phase2_B5A_hp122p534m_vm2p97359mps_sp2deg_scaffold_mis1.csv,B5A,hp122p534m_vm2p97359mps_sp2deg,1,122.534,-2.974,True,False,5829,True,True,True,True,True,True,False,True,5829,5823.0,0.3185484161695058,0.47346014073718834,0.4027420882266597,
store\data_saved\phase2_B5C_local_envelope_validation\case_runs\b5c013_hp333p663_vm5p882\hp333p663m_vm5p88237mps_sp2deg\phase2_B5A_hp333p663m_vm5p88237mps_sp2deg_scaffold_mis1.csv,B5A,hp333p663m_vm5p88237mps_sp2deg,1,333.663,-5.882,True,False,5829,True,True,True,True,True,True,False,True,5829,5823.0,3.381580474670045,0.023916807268051343,0.6672242979475413,
store\data_saved\phase2_B5C_local_envelope_validation\case_runs\b5c016_hp477p976_vp3p569\hp477p976m_vp3p56853mps_sp2deg\phase2_B5A_hp477p976m_vp3p56853mps_sp2deg_scaffold_mis2.csv,B5A,hp477p976m_vp3p56853mps_sp2deg,2,477.976,3.569,True,False,5829,True,True,True,True,True,True,False,True,5829,5822.0,32.96318538879859,2.898426417773635,0.01975436307839118,
store\data_saved\phase2_B5C_local_envelope_validation\case_runs\b5c007_hp447p399_vm2p791\hp447p399m_vm2p79102mps_sp2deg\phase2_B5A_hp447p399m_vm2p79102mps_sp2deg_scaffold_mis1.csv,B5A,hp447p399m_vm2p79102mps_sp2deg,1,447.399,-2.791,True,False,5831,True,True,True,True,True,True,False,True,5831,5825.0,3.809561478541582,0.47422361657049805,0.24749235736817354,
store\data_saved\phase2_B5C_local_envelope_validation\case_runs\b5c012_hp420p482_vp4p545\hp420p482m_vp4p54463mps_sp2deg\phase2_B5A_hp420p482m_vp4p54463mps_sp2deg_scaffold_mis2.csv,B5A,hp420p482m_vp4p54463mps_sp2deg,2,420.482,4.545,True,False,5831,True,True,True,True,True,True,False,True,5831,5824.0,4.654804565063387,0.39606947624884015,0.6518823634833097,
store\data_saved\phase2_B5C_local_envelope_validation\case_runs\b5c010_hp253p790_vm8p872\hp253p79m_vm8p87193mps_sp2deg\phase2_B5A_hp253p79m_vm8p87193mps_sp2deg_scaffold_mis1.csv,B5A,hp253p79m_vm8p87193mps_sp2deg,1,253.79,-8.872,True,False,5832,True,True,True,True,True,True,False,True,5832,5826.0,3.634172382102406,1.7390832003804917,0.8634205597627442,
store\data_saved\phase2_B5C_local_envelope_validation\case_runs\b5c000_hp471p766_vm9p217\hp471p766m_vm9p21737mps_sp2deg\phase2_B5A_hp471p766m_vm9p21737mps_sp2deg_scaffold_mis1.csv,B5A,hp471p766m_vm9p21737mps_sp2deg,1,471.766,-9.217,True,False,5832,True,True,True,True,True,True,False,True,5832,5826.0,4.808261821723136,1.7654395162333003,0.034141853771870956,
store\data_saved\phase2_B1E_exact_single_scaffold_mis1.csv,B1,data_saved,1,,,,False,5834,True,True,True,True,True,True,False,True,5834,5828.0,0.4972516618290683,0.5890364176959793,0.5568661253710161,
store\data_saved\V8_2_BASELINE_FREEZE\mis1_state_first_v8_2_final_success_flags.csv,UNKNOWN,V8_2_BASELINE_FREEZE,1,,,,False,5834,True,True,True,True,True,True,False,True,5834,5828.0,0.4972516621564864,0.5890364176789262,0.5568661253710161,
store\data_saved\v8_2_post_h2000\taem_threshold_sensitivity_events.csv,UNKNOWN,v8_2_post_h2000,1,,,,False,5834,False,False,False,False,False,False,False,False,5834,,,,,missing required trajectory columns
store\data_saved\v8_2_post_h3000\taem_threshold_sensitivity_events.csv,UNKNOWN,v8_2_post_h3000,1,,,,False,5834,False,False,False,False,False,False,False,False,5834,,,,,missing required trajectory columns
store\data_saved\phase2_B3A_heading_spread_runs\spread_1deg\phase2_B3A_spread_1deg_single_runner_mis1.csv,B3,spread_1deg,1,,,,False,5834,True,True,True,True,True,True,False,True,5834,5828.0,0.4972516618290683,0.5890364176959793,0.5568661253710161,
store\data_saved\phase2_B3A_heading_spread_runs\spread_4deg\phase2_B3A_spread_4deg_scaffold_mis1.csv,B3,spread_4deg,1,,,,False,5834,True,True,True,True,True,True,False,True,5834,5828.0,0.4972516618290683,0.5890364176959793,0.5568661253710161,
store\data_saved\phase2_B3A_heading_spread_runs\spread_3deg\phase2_B3A_spread_3deg_single_runner_mis1.csv,B3,spread_3deg,1,,,,False,5834,True,True,True,True,True,True,False,True,5834,5828.0,0.4972516618290683,0.5890364176959793,0.5568661253710161,
store\data_saved\v8_2_post_sgo30\taem_threshold_sensitivity_events.csv,UNKNOWN,v8_2_post_sgo30,1,,,,False,5834,False,False,False,False,False,False,False,False,5834,,,,,missing required trajectory columns
store\data_saved\v8_2_post_v100\taem_threshold_sensitivity_events.csv,UNKNOWN,v8_2_post_v100,1,,,,False,5834,False,False,False,False,False,False,False,False,5834,,,,,missing required trajectory columns
store\data_saved\v8_2_post_v150\taem_threshold_sensitivity_events.csv,UNKNOWN,v8_2_post_v150,1,,,,False,5834,False,False,False,False,False,False,False,False,5834,,,,,missing required trajectory columns
store\data_saved\PHASE2_B1E_PASS_FREEZE\phase2_B1E_exact_single_scaffold_mis1.csv,B1,PHASE2_B1E_PASS_FREEZE,1,,,,False,5834,True,True,True,True,True,True,False,True,5834,5828.0,0.4972516618290683,0.5890364176959793,0.5568661253710161,
store\data_saved\phase2_B2R_role_distinct_runs\phase2_B2R_exact_single_scaffold_mis1.csv,B2,phase2_B2R_role_distinct_runs,1,,,,False,5834,True,True,True,True,True,True,False,True,5834,5828.0,0.4972516618290683,0.5890364176959793,0.5568661253710161,
store\data_saved\phase2_B2_exact_single_runs\phase2_B2_exact_single_runner_mis1.csv,B2,phase2_B2_exact_single_runs,1,,,,False,5834,True,True,True,True,True,True,False,True,5834,5828.0,0.4972516618290683,0.5890364176959793,0.5568661253710161,
store\data_saved\phase2_B5C_local_envelope_validation\case_runs\b5c019_hp357p148_vm8p056\hp357p148m_vm8p05586mps_sp2deg\phase2_B5A_hp357p148m_vm8p05586mps_sp2deg_scaffold_mis1.csv,B5A,hp357p148m_vm8p05586mps_sp2deg,1,357.148,-8.056,True,False,5834,True,True,True,True,True,True,False,True,5834,5828.0,0.9152241026931733,1.660699786590385,0.028029464498104062,
store\data_saved\phase2_B2_exact_single_runs\phase2_B2_exact_single_scaffold_mis0.csv,B2,phase2_B2_exact_single_runs,0,,,,False,5834,True,True,True,True,True,True,False,True,5834,5828.0,0.4972516618290683,0.5890364176959793,0.5568661253710161,
store\data_saved\phase2_B2_exact_single_runs\phase2_B2_exact_single_scaffold_mis2.csv,B2,phase2_B2_exact_single_runs,2,,,,False,5834,True,True,True,True,True,True,False,True,5834,5828.0,0.4972516618290683,0.5890364176959793,0.5568661253710161,
store\data_saved\phase2_B3B_run_dwell_runs\dwell_5\phase2_B3B_dwell_5_scaffold_mis1.csv,B3,dwell_5,1,,,,False,5834,True,True,True,True,True,True,False,True,5834,5828.0,0.4972516618290683,0.5890364176959793,0.5568661253710161,
store\data_saved\v8_2_post_sgo20\taem_threshold_sensitivity_events.csv,UNKNOWN,v8_2_post_sgo20,1,,,,False,5834,False,False,False,False,False,False,False,False,5834,,,,,missing required trajectory columns
store\data_saved\phase2_B3B_run_dwell_runs\dwell_4\phase2_B3B_dwell_4_scaffold_mis1.csv,B3,dwell_4,1,,,,False,5834,True,True,True,True,True,True,False,True,5834,5828.0,0.4972516618290683,0.5890364176959793,0.5568661253710161,
store\data_saved\phase2_B5A_dispersion_grid_runs\hz0m_vz0mps_sp2deg\phase2_B5A_hz0m_vz0mps_sp2deg_single_runner_mis1.csv,B5A,hz0m_vz0mps_sp2deg,1,,,,False,5834,True,True,True,True,True,True,False,True,5834,5828.0,0.4972516618290683,0.5890364176959793,0.5568661253710161,
store\data_saved\phase2_B3A_heading_spread_runs\spread_2deg\phase2_B3A_spread_2deg_single_runner_mis1.csv,B3,spread_2deg,1,,,,False,5834,True,True,True,True,True,True,False,True,5834,5828.0,0.4972516618290683,0.5890364176959793,0.5568661253710161,
store\data_saved\phase2_B3B_run_dwell_runs\dwell_3\phase2_B3B_dwell_3_scaffold_mis1.csv,B3,dwell_3,1,,,,False,5834,True,True,True,True,True,True,False,True,5834,5828.0,0.4972516618290683,0.5890364176959793,0.5568661253710161,
store\data_saved\phase2_B5C_local_envelope_validation\case_runs\b5c011_hp27p601_vm12p488\hp27p6014m_vm12p4877mps_sp2deg\phase2_B5A_hp27p6014m_vm12p4877mps_sp2deg_scaffold_mis1.csv,B5A,hp27p6014m_vm12p4877mps_sp2deg,1,27.601,-12.488,False,False,5835,True,True,True,True,True,True,False,True,5835,5829.0,16.03858420502729,0.2562994484403589,0.5056262158686877,
store\data_saved\phase2_B5C_local_envelope_validation\case_runs\b5c024_hp89p592_vm2p948\hp89p5916m_vm2p94839mps_sp2deg\phase2_B5A_hp89p5916m_vm2p94839mps_sp2deg_scaffold_mis1.csv,B5A,hp89p5916m_vm2p94839mps_sp2deg,1,89.592,-2.948,True,False,5835,True,True,True,True,True,True,False,True,5835,5828.0,3.2167345205307356,3.427552174294078,0.9254739287789562,
store\data_saved\phase2_B5C_local_envelope_validation\case_runs\b5c025_hp301p310_vp8p988\hp301p31m_vp8p98796mps_sp2deg\phase2_B5A_hp301p31m_vp8p98796mps_sp2deg_scaffold_mis1.csv,B5A,hp301p31m_vp8p98796mps_sp2deg,1,301.31,8.988,True,False,5835,True,True,True,True,True,True,False,True,5835,5828.0,8.956536713350943,2.0020535663691135,0.5840360256770509,
store\data_saved\phase2_B5C_local_envelope_validation\case_runs\b5c014_hp484p922_vp5p208\hp484p922m_vp5p20782mps_sp2deg\phase2_B5A_hp484p922m_vp5p20782mps_sp2deg_scaffold_mis1.csv,B5A,hp484p922m_vp5p20782mps_sp2deg,1,484.922,5.208,True,False,5837,True,True,True,True,True,True,False,True,5837,5830.0,22.565931349639868,0.3158084091987803,0.14777484808291774,
store\data_saved\phase2_B5B_mc_pilot\conservative_u3\case_runs\mc003_hp261p140_vm2p836\hp261p14m_vm2p83614mps_sp2deg\phase2_B5A_hp261p14m_vm2p83614mps_sp2deg_scaffold_mis0.csv,B5A,hp261p14m_vm2p83614mps_sp2deg,0,261.14,-2.836,True,False,5838,True,True,True,True,True,True,False,True,5838,5832.0,5.854552996650455,4.737362255164726,0.3776737418374978,
store\data_saved\phase2_B5AR_positive_velocity_runs\hz0m_vp30mps_sp2deg\phase2_B5A_hz0m_vp30mps_sp2deg_scaffold_mis2.csv,B5A,hz0m_vp30mps_sp2deg,2,,30.0,,False,5838,True,True,True,True,True,True,False,True,5838,5804.0,25.837328779478412,1.589051876780104,0.12570991303800838,
store\data_saved\phase2_B5B_mc_pilot\conservative_u3\case_runs\mc022_hp332p260_vm1p714\hp332p26m_vm1p71414mps_sp2deg\phase2_B5A_hp332p26m_vm1p71414mps_sp2deg_scaffold_mis1.csv,B5A,hp332p26m_vm1p71414mps_sp2deg,1,332.26,-1.714,True,False,5838,True,True,True,True,True,True,False,True,5838,5832.0,0.6641957801584795,2.511234349092092,0.23009878728043986,
store\data_saved\phase2_B5B_mc_pilot\conservative_u3\case_runs\mc001_hp358p598_vm8p158\hp358p598m_vm8p15792mps_sp2deg\phase2_B5A_hp358p598m_vm8p15792mps_sp2deg_scaffold_mis1.csv,B5A,hp358p598m_vm8p15792mps_sp2deg,1,358.598,-8.158,True,False,5838,True,True,True,True,True,True,False,True,5838,5832.0,5.395331230465672,4.682101439161897,0.5088734717282932,
store\data_saved\phase2_B5AR_positive_velocity_runs\hm500m_vp30mps_sp2deg\phase2_B5A_hm500m_vp30mps_sp2deg_single_runner_mis2.csv,B5A,hm500m_vp30mps_sp2deg,2,-500.0,30.0,False,False,5838,True,True,True,True,True,True,False,True,5838,5805.0,18.83903271714007,2.5601765127782983,0.2559057614998892,
store\data_saved\phase2_B5A_dispersion_grid_runs\hm500m_vz0mps_sp2deg\phase2_B5A_hm500m_vz0mps_sp2deg_single_runner_mis0.csv,B5A,hm500m_vz0mps_sp2deg,0,-500.0,,,False,5839,True,True,True,True,True,True,False,True,5839,5833.0,3.3681632890402398,2.3433963084150946,0.12879806781711522,
store\data_saved\phase2_B5B_mc_pilot\conservative_u3\case_runs\mc015_hp244p762_vp8p051\hp244p762m_vp8p05058mps_sp2deg\phase2_B5A_hp244p762m_vp8p05058mps_sp2deg_scaffold_mis1.csv,B5A,hp244p762m_vp8p05058mps_sp2deg,1,244.762,8.051,True,False,5839,True,True,True,True,True,True,False,True,5839,5832.0,31.29532170541279,0.16596596774365935,0.7267786300726584,
store\data_saved\phase2_B5AR_positive_velocity_runs\hm500m_vp20mps_sp2deg\phase2_B5A_hm500m_vp20mps_sp2deg_single_runner_mis0.csv,B5A,hm500m_vp20mps_sp2deg,0,-500.0,20.0,False,False,5839,True,True,True,True,True,True,False,True,5839,5832.0,22.55592017039453,0.6848288651840448,0.3174180461719516,
store\data_saved\phase2_B5B_mc_pilot\conservative_u3\case_runs\mc014_hm345p711_vm9p017\hm345p711m_vm9p01706mps_sp2deg\phase2_B5A_hm345p711m_vm9p01706mps_sp2deg_scaffold_mis0.csv,B5A,hm345p711m_vm9p01706mps_sp2deg,0,-345.711,-9.017,False,False,5839,True,True,True,True,True,True,False,True,5839,5833.0,10.122001519161131,1.7697506725201038,1.0030631338668172,
store\data_saved\phase2_B5B_mc_pilot\conservative_u3\case_runs\mc027_hp205p165_vm3p156\hp205p165m_vm3p15626mps_sp2deg\phase2_B5A_hp205p165m_vm3p15626mps_sp2deg_scaffold_mis1.csv,B5A,hp205p165m_vm3p15626mps_sp2deg,1,205.165,-3.156,True,False,5840,True,True,True,True,True,True,False,True,5840,5834.0,8.377332616870262,1.3111066439701062,0.13788705356273567,
store\data_saved\phase2_B5B_mc_pilot\conservative_u3\case_runs\mc026_hp286p924_vm10p109\hp286p924m_vm10p1089mps_sp2deg\phase2_B5A_hp286p924m_vm10p1089mps_sp2deg_scaffold_mis1.csv,B5A,hp286p924m_vm10p1089mps_sp2deg,1,286.924,-10.109,False,False,5840,True,True,True,True,True,True,False,True,5840,5834.0,15.697645186457521,2.132059186735205,0.08986231183371274,
store\data_saved\phase2_B5B_mc_pilot\conservative_u3\case_runs\mc026_hp286p924_vm10p109\hp286p924m_vm10p1089mps_sp2deg\phase2_B5A_hp286p924m_vm10p1089mps_sp2deg_scaffold_mis0.csv,B5A,hp286p924m_vm10p1089mps_sp2deg,0,286.924,-10.109,False,False,5841,True,True,True,True,True,True,False,True,5841,5835.0,1.2589878490471165,1.686787811612021,0.0550580595881911,
store\data_saved\phase2_B5A_dispersion_grid_runs\hp500m_vz0mps_sp2deg\phase2_B5A_hp500m_vz0mps_sp2deg_scaffold_mis1.csv,B5A,hp500m_vz0mps_sp2deg,1,500.0,,,False,5841,True,True,True,True,True,True,False,True,5841,5835.0,2.8395684072784206,0.7310303468359507,0.5241959678023704,
store\data_saved\phase2_B3A_heading_spread_runs\spread_1deg\phase2_B3A_spread_1deg_single_runner_mis0.csv,B3,spread_1deg,0,,,,False,5842,True,True,True,True,True,True,False,True,5842,5836.0,7.830760032182297,0.5965998720696462,0.30182914429315133,
store\data_saved\phase2_B5AR_positive_velocity_runs\hm500m_vp30mps_sp2deg\phase2_B5A_hm500m_vp30mps_sp2deg_single_runner_mis1.csv,B5A,hm500m_vp30mps_sp2deg,1,-500.0,30.0,False,False,5842,True,True,True,True,True,True,False,True,5842,5810.0,35.02026886598105,0.7442881214490171,0.9653215474609169,
store\data_saved\phase2_B5B_mc_pilot\conservative_u3\case_runs\mc002_hm405p823_vp8p537\hm405p823m_vp8p53734mps_sp2deg\phase2_B5A_hm405p823m_vp8p53734mps_sp2deg_scaffold_mis0.csv,B5A,hm405p823m_vp8p53734mps_sp2deg,0,-405.823,8.537,False,False,5842,True,True,True,True,True,True,False,True,5842,5835.0,1.2627867548799259,0.17030786152849942,0.5053196873341221,
store\data_saved\phase2_B5B_mc_pilot\conservative_u3\case_runs\mc011_hp470p698_vp3p587\hp470p698m_vp3p58727mps_sp2deg\phase2_B5A_hp470p698m_vp3p58727mps_sp2deg_scaffold_mis1.csv,B5A,hp470p698m_vp3p58727mps_sp2deg,1,470.698,3.587,True,False,5843,True,True,True,True,True,True,False,True,5843,5836.0,2.500102929490822,0.5885473634789378,0.3261970878447755,
store\data_saved\phase2_B5AR_positive_velocity_runs\hz0m_vp40mps_sp2deg\phase2_B5A_hz0m_vp40mps_sp2deg_single_runner_mis0.csv,B5A,hz0m_vp40mps_sp2deg,0,,40.0,,False,5843,True,False,True,True,True,True,False,False,5843,,18.09913630054507,90.97573606372816,0.17891589771170402,
store\data_saved\phase2_B5C_local_envelope_validation\case_runs\b5c012_hp420p482_vp4p545\hp420p482m_vp4p54463mps_sp2deg\phase2_B5A_hp420p482m_vp4p54463mps_sp2deg_scaffold_mis1.csv,B5A,hp420p482m_vp4p54463mps_sp2deg,1,420.482,4.545,True,False,5845,True,True,True,True,True,True,False,True,5845,5839.0,1.0962806278657808,0.8225659549800639,0.09653939243435161,
store\data_saved\phase2_B5AR_positive_velocity_runs\hp500m_vp10mps_sp2deg\phase2_B5A_hp500m_vp10mps_sp2deg_single_runner_mis1.csv,B5A,hp500m_vp10mps_sp2deg,1,500.0,10.0,True,False,5845,True,True,True,True,True,True,False,True,5845,5838.0,14.511116117719212,4.032935698149686,0.2622358522567083,
store\data_saved\phase2_B5C_local_envelope_validation\case_runs\b5c026_hp229p100_vp3p236\hp229p1m_vp3p23582mps_sp2deg\phase2_B5A_hp229p1m_vp3p23582mps_sp2deg_scaffold_mis0.csv,B5A,hp229p1m_vp3p23582mps_sp2deg,0,229.1,3.236,True,False,5846,True,True,True,True,True,True,False,True,5846,5840.0,0.2835630711597332,0.5838032580695653,0.2973026073013898,
store\data_saved\phase2_B5B_mc_pilot\conservative_u3\case_runs\mc005_hm129p202_vp5p606\hm129p202m_vp5p6059mps_sp2deg\phase2_B5A_hm129p202m_vp5p6059mps_sp2deg_scaffold_mis0.csv,B5A,hm129p202m_vp5p6059mps_sp2deg,0,-129.202,5.606,False,False,5847,True,True,True,True,True,True,False,True,5847,5841.0,5.150322606223199,2.7800177263964088,0.5005024757701904,
store\data_saved\phase2_B5C_local_envelope_validation\case_runs\b5c016_hp477p976_vp3p569\hp477p976m_vp3p56853mps_sp2deg\phase2_B5A_hp477p976m_vp3p56853mps_sp2deg_scaffold_mis1.csv,B5A,hp477p976m_vp3p56853mps_sp2deg,1,477.976,3.569,True,False,5847,True,True,True,True,True,True,False,True,5847,5840.0,1.701478360359033,0.14599642537450563,0.22953056584083242,
store\data_saved\phase2_B5AR_positive_velocity_runs\hp500m_vp30mps_sp2deg\phase2_B5A_hp500m_vp30mps_sp2deg_scaffold_mis2.csv,B5A,hp500m_vp30mps_sp2deg,2,500.0,30.0,False,False,5848,True,True,True,True,True,True,False,True,5848,5813.0,15.59749225853011,1.1436654974304474,0.781003794298158,
store\data_saved\phase2_B5C_local_envelope_validation\case_runs\b5c003_hp434p666_vm9p076\hp434p666m_vm9p07585mps_sp2deg\phase2_B5A_hp434p666m_vm9p07585mps_sp2deg_scaffold_mis0.csv,B5A,hp434p666m_vm9p07585mps_sp2deg,0,434.666,-9.076,True,False,5849,True,True,True,True,True,True,False,True,5849,5843.0,0.8836154710479605,2.7380593963519004,0.24961127796268556,
store\data_saved\phase2_B5C_local_envelope_validation\case_runs\b5c009_hp325p987_vm9p589\hp325p987m_vm9p58915mps_sp2deg\phase2_B5A_hp325p987m_vm9p58915mps_sp2deg_scaffold_mis2.csv,B5A,hp325p987m_vm9p58915mps_sp2deg,2,325.987,-9.589,True,False,5850,True,True,True,True,True,True,False,True,5850,4715.0,5.664695827861578,2.820882272400695,0.5296489267275319,
store\data_saved\phase2_B5AR_positive_velocity_runs\hp500m_vp10mps_sp2deg\phase2_B5A_hp500m_vp10mps_sp2deg_single_runner_mis0.csv,B5A,hp500m_vp10mps_sp2deg,0,500.0,10.0,True,False,5850,True,True,True,True,True,True,False,True,5850,5843.0,32.731611401151895,0.46338394279632666,0.20709415801684372,
store\data_saved\phase2_B5B_mc_pilot\conservative_u3\case_runs\mc015_hp244p762_vp8p051\hp244p762m_vp8p05058mps_sp2deg\phase2_B5A_hp244p762m_vp8p05058mps_sp2deg_scaffold_mis0.csv,B5A,hp244p762m_vp8p05058mps_sp2deg,0,244.762,8.051,True,False,5850,True,True,True,True,True,True,False,True,5850,5844.0,18.088636506789044,0.689729304247976,0.7542333773671999,
store\data_saved\phase2_B5C_local_envelope_validation\case_runs\b5c025_hp301p310_vp8p988\hp301p31m_vp8p98796mps_sp2deg\phase2_B5A_hp301p31m_vp8p98796mps_sp2deg_scaffold_mis0.csv,B5A,hp301p31m_vp8p98796mps_sp2deg,0,301.31,8.988,True,False,5851,True,True,True,True,True,True,False,True,5851,5844.0,0.5210732908126374,0.7068402859599701,0.1246930860215798,
store\data_saved\phase2_B5C_local_envelope_validation\case_runs\b5c017_hp184p675_vm5p902\hp184p675m_vm5p90229mps_sp2deg\phase2_B5A_hp184p675m_vm5p90229mps_sp2deg_scaffold_mis0.csv,B5A,hp184p675m_vm5p90229mps_sp2deg,0,184.675,-5.902,True,False,5852,True,True,True,True,True,True,False,True,5852,5846.0,10.361804697280604,0.6762960693990863,0.4006877263309434,
store\data_saved\phase2_B5C_local_envelope_validation\case_runs\b5c009_hp325p987_vm9p589\hp325p987m_vm9p58915mps_sp2deg\phase2_B5A_hp325p987m_vm9p58915mps_sp2deg_scaffold_mis0.csv,B5A,hp325p987m_vm9p58915mps_sp2deg,0,325.987,-9.589,True,False,5852,True,True,True,True,True,True,False,True,5852,5846.0,15.979282144144236,0.4789553402590627,0.7420394252621918,
store\data_saved\phase2_B5C_local_envelope_validation\case_runs\b5c010_hp253p790_vm8p872\hp253p79m_vm8p87193mps_sp2deg\phase2_B5A_hp253p79m_vm8p87193mps_sp2deg_scaffold_mis0.csv,B5A,hp253p79m_vm8p87193mps_sp2deg,0,253.79,-8.872,True,False,5852,True,True,True,True,True,True,False,True,5852,5846.0,14.729585661480087,0.9544014981408964,0.36604064982384443,
store\data_saved\phase2_B5C_local_envelope_validation\case_runs\b5c008_hp195p154_vm9p360\hp195p154m_vm9p35963mps_sp2deg\phase2_B5A_hp195p154m_vm9p35963mps_sp2deg_scaffold_mis0.csv,B5A,hp195p154m_vm9p35963mps_sp2deg,0,195.154,-9.36,True,False,5852,True,True,True,True,True,True,False,True,5852,5846.0,15.576158506421052,0.486899556715116,0.5329756713326788,
store\data_saved\phase2_B5AR_positive_velocity_runs\hz0m_vp10mps_sp2deg\phase2_B5A_hz0m_vp10mps_sp2deg_single_runner_mis0.csv,B5A,hz0m_vp10mps_sp2deg,0,,10.0,,False,5852,True,True,True,True,True,True,False,True,5852,5845.0,16.733304459019564,1.9486507409160367,0.19105618869070895,
store\data_saved\phase2_B5C_local_envelope_validation\case_runs\b5c013_hp333p663_vm5p882\hp333p663m_vm5p88237mps_sp2deg\phase2_B5A_hp333p663m_vm5p88237mps_sp2deg_scaffold_mis0.csv,B5A,hp333p663m_vm5p88237mps_sp2deg,0,333.663,-5.882,True,False,5853,True,True,True,True,True,True,False,True,5853,5847.0,6.18706799208303,1.3526073966668264,0.5374714157587732,
store\data_saved\phase2_B5C_local_envelope_validation\case_runs\b5c018_hp258p913_vp7p057\hp258p913m_vp7p0568mps_sp2deg\phase2_B5A_hp258p913m_vp7p0568mps_sp2deg_scaffold_mis0.csv,B5A,hp258p913m_vp7p0568mps_sp2deg,0,258.913,7.057,True,False,5853,True,True,True,True,True,True,False,True,5853,5846.0,14.416872558209434,1.2242239222337048,0.7356131890701363,
store\data_saved\phase2_B5B_mc_pilot\conservative_u3\case_runs\mc006_hp143p865_vm0p634\hp143p865m_vm0p634303mps_sp2deg\phase2_B5A_hp143p865m_vm0p634303mps_sp2deg_scaffold_mis0.csv,B5A,hp143p865m_vm0p634303mps_sp2deg,0,143.865,-0.634,True,False,5853,True,True,True,True,True,True,False,True,5853,5847.0,1.8674604489133344,0.8920359039159393,0.7747952410645667,
store\data_saved\phase2_B5B_mc_pilot\conservative_u3\case_runs\mc001_hp358p598_vm8p158\hp358p598m_vm8p15792mps_sp2deg\phase2_B5A_hp358p598m_vm8p15792mps_sp2deg_scaffold_mis0.csv,B5A,hp358p598m_vm8p15792mps_sp2deg,0,358.598,-8.158,True,False,5853,True,True,True,True,True,True,False,True,5853,5847.0,7.327857576579845,3.1675774308032487,1.0140047321110615,
store\data_saved\phase2_B5C_local_envelope_validation\case_runs\b5c001_hp392p403_vm2p262\hp392p403m_vm2p26165mps_sp2deg\phase2_B5A_hp392p403m_vm2p26165mps_sp2deg_scaffold_mis0.csv,B5A,hp392p403m_vm2p26165mps_sp2deg,0,392.403,-2.262,True,False,5854,True,True,True,True,True,True,False,True,5854,5848.0,5.9227844000197365,0.02371163795760367,0.6486035505440668,
store\data_saved\phase2_B5B_mc_pilot\conservative_u3\case_runs\mc027_hp205p165_vm3p156\hp205p165m_vm3p15626mps_sp2deg\phase2_B5A_hp205p165m_vm3p15626mps_sp2deg_scaffold_mis0.csv,B5A,hp205p165m_vm3p15626mps_sp2deg,0,205.165,-3.156,True,False,5854,True,True,True,True,True,True,False,True,5854,5848.0,3.9886312218040985,7.110821768054393,0.0545758435910102,
store\data_saved\phase2_B3A_heading_spread_runs\spread_2deg\phase2_B3A_spread_2deg_scaffold_mis0.csv,B3,spread_2deg,0,,,,False,5856,True,True,True,True,True,True,False,True,5856,5850.0,5.589893562890211,0.610704812885615,0.1074394760580617,
store\data_saved\phase2_B5AR_positive_velocity_runs\hz0m_vp30mps_sp2deg\phase2_B5A_hz0m_vp30mps_sp2deg_single_runner_mis1.csv,B5A,hz0m_vp30mps_sp2deg,1,,30.0,,False,5856,True,True,True,True,True,True,False,True,5856,5822.0,28.33673319677473,1.8252194635294927,0.044698361729388125,
store\data_saved\phase2_B5B_mc_pilot\conservative_u3\case_runs\mc017_hm30p444_vm38p632\hm30p4442m_vm38p6317mps_sp2deg\phase2_B5A_hm30p4442m_vm38p6317mps_sp2deg_scaffold_mis2.csv,B5A,hm30p4442m_vm38p6317mps_sp2deg,2,-30.444,-38.632,False,False,5856,True,False,False,True,False,True,True,False,5856,,805.1188982322492,118.11532645485704,0.4367554019627278,
store\data_saved\phase2_B5A_dispersion_grid_runs\hz0m_vz0mps_sp2deg\phase2_B5A_hz0m_vz0mps_sp2deg_scaffold_mis0.csv,B5A,hz0m_vz0mps_sp2deg,0,,,,False,5856,True,True,True,True,True,True,False,True,5856,5850.0,5.589893562890211,0.610704812885615,0.1074394760580617,
store\data_saved\phase2_B3B_run_dwell_runs\dwell_5\phase2_B3B_dwell_5_single_runner_mis0.csv,B3,dwell_5,0,,,,False,5856,True,True,True,True,True,True,False,True,5856,5850.0,5.589893562890211,0.610704812885615,0.1074394760580617,
store\data_saved\phase2_B3B_run_dwell_runs\dwell_3\phase2_B3B_dwell_3_single_runner_mis0.csv,B3,dwell_3,0,,,,False,5856,True,True,True,True,True,True,False,True,5856,5850.0,5.589893562890211,0.610704812885615,0.1074394760580617,
store\data_saved\phase2_B2R_role_distinct_runs\phase2_B2R_exact_single_scaffold_mis0.csv,B2,phase2_B2R_role_distinct_runs,0,,,,False,5856,True,True,True,True,True,True,False,True,5856,5850.0,5.589893562890211,0.610704812885615,0.1074394760580617,
store\data_saved\phase2_B3B_run_dwell_runs\dwell_4\phase2_B3B_dwell_4_scaffold_mis0.csv,B3,dwell_4,0,,,,False,5856,True,True,True,True,True,True,False,True,5856,5850.0,5.589893562890211,0.610704812885615,0.1074394760580617,
store\data_saved\phase2_B5C_local_envelope_validation\case_runs\b5c002_hp147p164_vp7p682\hp147p164m_vp7p68177mps_sp2deg\phase2_B5A_hp147p164m_vp7p68177mps_sp2deg_scaffold_mis0.csv,B5A,hp147p164m_vp7p68177mps_sp2deg,0,147.164,7.682,True,False,5857,True,True,True,True,True,True,False,True,5857,5850.0,3.3228445650165668,2.3946569292807,0.8355976073435158,
store\data_saved\phase2_B5C_local_envelope_validation\case_runs\b5c007_hp447p399_vm2p791\hp447p399m_vm2p79102mps_sp2deg\phase2_B5A_hp447p399m_vm2p79102mps_sp2deg_scaffold_mis0.csv,B5A,hp447p399m_vm2p79102mps_sp2deg,0,447.399,-2.791,True,False,5857,True,True,True,True,True,True,False,True,5857,5850.0,8.058894066914945,0.9119106897703659,0.3519555199163733,
store\data_saved\phase2_B5B_mc_pilot\conservative_u3\case_runs\mc012_hp278p383_vm38p322\hp278p383m_vm38p3217mps_sp2deg\phase2_B5A_hp278p383m_vm38p3217mps_sp2deg_scaffold_mis2.csv,B5A,hp278p383m_vm38p3217mps_sp2deg,2,278.383,-38.322,False,False,5857,True,False,False,True,False,True,True,False,5857,,22.07046025784075,84.68645840560885,1.07106695650873,
store\data_saved\phase2_B5B_mc_pilot\conservative_u3\case_runs\mc009_hp327p631_vm12p100\hp327p631m_vm12p1001mps_sp2deg\phase2_B5A_hp327p631m_vm12p1001mps_sp2deg_scaffold_mis0.csv,B5A,hp327p631m_vm12p1001mps_sp2deg,0,327.631,-12.1,False,False,5858,True,True,True,True,True,True,False,True,5858,5852.0,1.2456381163901824,1.8376138723976965,0.025110489426879212,
store\data_saved\phase2_B5C_local_envelope_validation\case_runs\b5c014_hp484p922_vp5p208\hp484p922m_vp5p20782mps_sp2deg\phase2_B5A_hp484p922m_vp5p20782mps_sp2deg_scaffold_mis0.csv,B5A,hp484p922m_vp5p20782mps_sp2deg,0,484.922,5.208,True,False,5858,True,True,True,True,True,True,False,True,5858,5851.0,1.814661062475352,6.698760408837643,0.9854229244374437,
store\data_saved\phase2_B5B_mc_pilot\conservative_u3\case_runs\mc022_hp332p260_vm1p714\hp332p26m_vm1p71414mps_sp2deg\phase2_B5A_hp332p26m_vm1p71414mps_sp2deg_scaffold_mis0.csv,B5A,hp332p26m_vm1p71414mps_sp2deg,0,332.26,-1.714,True,False,5859,True,True,True,True,True,True,False,True,5859,5853.0,3.257381200801319,2.32100035473195,0.17022301856195554,
store\data_saved\phase2_B5C_local_envelope_validation\case_runs\b5c019_hp357p148_vm8p056\hp357p148m_vm8p05586mps_sp2deg\phase2_B5A_hp357p148m_vm8p05586mps_sp2deg_scaffold_mis0.csv,B5A,hp357p148m_vm8p05586mps_sp2deg,0,357.148,-8.056,True,False,5860,True,True,True,True,True,True,False,True,5860,5854.0,3.1270457549871935,0.5171198716609524,0.3304962492766208,
store\data_saved\phase2_B5C_local_envelope_validation\case_runs\b5c000_hp471p766_vm9p217\hp471p766m_vm9p21737mps_sp2deg\phase2_B5A_hp471p766m_vm9p21737mps_sp2deg_scaffold_mis0.csv,B5A,hp471p766m_vm9p21737mps_sp2deg,0,471.766,-9.217,True,False,5860,True,True,True,True,True,True,False,True,5860,5854.0,14.866801327149005,0.9485256107222995,0.3790345051820623,
store\data_saved\phase2_B5C_local_envelope_validation\case_runs\b5c015_hp122p534_vm2p974\hp122p534m_vm2p97359mps_sp2deg\phase2_B5A_hp122p534m_vm2p97359mps_sp2deg_scaffold_mis0.csv,B5A,hp122p534m_vm2p97359mps_sp2deg,0,122.534,-2.974,True,False,5860,True,True,True,True,True,True,False,True,5860,5854.0,3.251768433943653,3.1143268198120495,0.13688248374819523,
store\data_saved\phase2_B5B_mc_pilot\conservative_u3\case_runs\mc024_hp182p496_vm41p615\hp182p496m_vm41p6149mps_sp2deg\phase2_B5A_hp182p496m_vm41p6149mps_sp2deg_scaffold_mis0.csv,B5A,hp182p496m_vm41p6149mps_sp2deg,0,182.496,-41.615,False,False,5860,True,False,False,True,False,True,True,False,5860,,90.10661680996782,347.5067669635682,0.23211052581609692,
store\data_saved\phase2_B5C_local_envelope_validation\case_runs\b5c024_hp89p592_vm2p948\hp89p5916m_vm2p94839mps_sp2deg\phase2_B5A_hp89p5916m_vm2p94839mps_sp2deg_scaffold_mis0.csv,B5A,hp89p5916m_vm2p94839mps_sp2deg,0,89.592,-2.948,True,False,5861,True,True,True,True,True,True,False,True,5861,5855.0,1.1405221402674215,3.092637728152795,0.23934348171314923,
store\data_saved\phase2_B5B_mc_pilot\conservative_u3\case_runs\mc011_hp470p698_vp3p587\hp470p698m_vp3p58727mps_sp2deg\phase2_B5A_hp470p698m_vp3p58727mps_sp2deg_scaffold_mis0.csv,B5A,hp470p698m_vp3p58727mps_sp2deg,0,470.698,3.587,True,False,5861,True,True,True,True,True,True,False,True,5861,5855.0,0.9082397285455954,0.7665062235071218,0.2563288014498539,
store\data_saved\phase2_B5C_local_envelope_validation\case_runs\b5c012_hp420p482_vp4p545\hp420p482m_vp4p54463mps_sp2deg\phase2_B5A_hp420p482m_vp4p54463mps_sp2deg_scaffold_mis0.csv,B5A,hp420p482m_vp4p54463mps_sp2deg,0,420.482,4.545,True,False,5861,True,True,True,True,True,True,False,True,5861,5855.0,6.173499625627301,2.716676730663494,0.4148449223357602,
store\data_saved\phase2_B5AR_positive_velocity_runs\hz0m_vp20mps_sp2deg\phase2_B5A_hz0m_vp20mps_sp2deg_single_runner_mis1.csv,B5A,hz0m_vp20mps_sp2deg,1,,20.0,,False,5862,True,True,True,True,True,True,False,True,5862,5827.0,5.338236069761479,2.232411888517163,0.17062985789380036,
store\data_saved\phase2_B5C_local_envelope_validation\case_runs\b5c016_hp477p976_vp3p569\hp477p976m_vp3p56853mps_sp2deg\phase2_B5A_hp477p976m_vp3p56853mps_sp2deg_scaffold_mis0.csv,B5A,hp477p976m_vp3p56853mps_sp2deg,0,477.976,3.569,True,False,5865,True,True,True,True,True,True,False,True,5865,5859.0,0.9837951669942413,0.7675380869627588,0.21331990601174766,
store\data_saved\phase2_B5A_dispersion_grid_runs\hp500m_vp50mps_sp2deg\phase2_B5A_hp500m_vp50mps_sp2deg_single_runner_mis0.csv,B5A,hp500m_vp50mps_sp2deg,0,500.0,50.0,False,False,5867,True,False,True,True,True,True,False,False,5867,,12.32767065538792,58.38512181377382,0.802227077925636,
store\data_saved\phase2_B5AR_positive_velocity_runs\hp500m_vp30mps_sp2deg\phase2_B5A_hp500m_vp30mps_sp2deg_scaffold_mis1.csv,B5A,hp500m_vp30mps_sp2deg,1,500.0,30.0,False,False,5868,True,True,True,True,True,True,False,True,5868,5836.0,0.637404474982759,0.36495423695441787,0.43336580567847705,
store\data_saved\phase2_B5B_mc_pilot\conservative_u3\case_runs\mc012_hp278p383_vm38p322\hp278p383m_vm38p3217mps_sp2deg\phase2_B5A_hp278p383m_vm38p3217mps_sp2deg_scaffold_mis1.csv,B5A,hp278p383m_vm38p3217mps_sp2deg,1,278.383,-38.322,False,False,5869,True,False,False,True,False,True,True,False,5869,,0.3466359890117019,51.550144641333645,0.37590505299158394,
store\data_saved\phase2_B5AR_positive_velocity_runs\hp500m_vp20mps_sp2deg\phase2_B5A_hp500m_vp20mps_sp2deg_scaffold_mis0.csv,B5A,hp500m_vp20mps_sp2deg,0,500.0,20.0,False,False,5871,True,True,True,True,True,True,False,True,5871,5864.0,3.340423854504479,0.6193075565479376,0.8507701354828896,
store\data_saved\phase2_B5A_dispersion_grid_runs\hp500m_vz0mps_sp2deg\phase2_B5A_hp500m_vz0mps_sp2deg_single_runner_mis0.csv,B5A,hp500m_vz0mps_sp2deg,0,500.0,,,False,5873,True,True,True,True,True,True,False,True,5873,5867.0,9.605038431542198,0.19067711311595303,0.378695125466038,
store\data_saved\phase2_B5B_mc_pilot\conservative_u3\case_runs\mc012_hp278p383_vm38p322\hp278p383m_vm38p3217mps_sp2deg\phase2_B5A_hp278p383m_vm38p3217mps_sp2deg_scaffold_mis0.csv,B5A,hp278p383m_vm38p3217mps_sp2deg,0,278.383,-38.322,False,False,5874,True,False,False,True,False,True,True,False,5874,,4.645448206068977,59.465447841714195,0.8098892792768311,
store\data_saved\phase2_B5B_mc_pilot\conservative_u3\case_runs\mc016_hm174p175_vm27p772\hm174p175m_vm27p7724mps_sp2deg\phase2_B5A_hm174p175m_vm27p7724mps_sp2deg_scaffold_mis1.csv,B5A,hm174p175m_vm27p7724mps_sp2deg,1,-174.175,-27.772,False,False,5876,True,False,False,True,False,True,True,False,5876,,452.2594799600811,10.701669109831982,1.0285559153198847,
store\data_saved\phase2_B5B_mc_pilot\conservative_u3\case_runs\mc017_hm30p444_vm38p632\hm30p4442m_vm38p6317mps_sp2deg\phase2_B5A_hm30p4442m_vm38p6317mps_sp2deg_scaffold_mis0.csv,B5A,hm30p4442m_vm38p6317mps_sp2deg,0,-30.444,-38.632,False,False,5877,True,False,False,True,False,True,True,False,5877,,0.0011050946814066265,19.997379168815087,0.4107025916528073,
store\data_saved\phase2_B5B_mc_pilot\conservative_u3\case_runs\mc024_hp182p496_vm41p615\hp182p496m_vm41p6149mps_sp2deg\phase2_B5A_hp182p496m_vm41p6149mps_sp2deg_scaffold_mis2.csv,B5A,hp182p496m_vm41p6149mps_sp2deg,2,182.496,-41.615,False,False,5878,True,False,False,True,False,True,True,False,5878,,0.04083376913695247,45.22539911773674,0.9825007358376752,
store\data_saved\phase2_B5C_local_envelope_validation\case_runs\b5c003_hp434p666_vm9p076\hp434p666m_vm9p07585mps_sp2deg\phase2_B5A_hp434p666m_vm9p07585mps_sp2deg_scaffold_mis1.csv,B5A,hp434p666m_vm9p07585mps_sp2deg,1,434.666,-9.076,True,False,5883,True,True,True,True,True,True,False,True,5883,4742.0,2.1446073321094445,1.414568456744064,0.974999413061596,
store\data_saved\phase2_B5B_mc_pilot\conservative_u3\case_runs\mc013_hm33p279_vm47p372\hm33p279m_vm47p3718mps_sp2deg\phase2_B5A_hm33p279m_vm47p3718mps_sp2deg_scaffold_mis0.csv,B5A,hm33p279m_vm47p3718mps_sp2deg,0,-33.279,-47.372,False,False,5885,True,False,False,True,False,True,True,False,5885,,11.322798685509042,54.535339203288004,0.010930263881164137,
store\data_saved\phase2_B5AR_positive_velocity_runs\hz0m_vp20mps_sp2deg\phase2_B5A_hz0m_vp20mps_sp2deg_single_runner_mis0.csv,B5A,hz0m_vp20mps_sp2deg,0,,20.0,,False,5886,True,True,True,True,True,True,False,True,5886,5853.0,3.1599907020172395,2.594101937605501,0.8073180856736144,
store\data_saved\phase2_B5B_mc_pilot\conservative_u3\case_runs\mc007_hm56p586_vm36p366\hm56p5858m_vm36p3657mps_sp2deg\phase2_B5A_hm56p5858m_vm36p3657mps_sp2deg_scaffold_mis1.csv,B5A,hm56p5858m_vm36p3657mps_sp2deg,1,-56.586,-36.366,False,False,5887,True,False,False,True,False,True,True,False,5887,,0.4036028029186127,43.016538078378744,0.2300240190816112,
store\data_saved\phase2_B5C_local_envelope_validation\case_runs\b5c006_hp235p530_vm19p076\hp235p53m_vm19p0758mps_sp2deg\phase2_B5A_hp235p53m_vm19p0758mps_sp2deg_scaffold_mis2.csv,B5A,hp235p53m_vm19p0758mps_sp2deg,2,235.53,-19.076,False,False,5888,True,False,False,True,False,True,True,False,5888,,664.9871259145002,0.3917624521027392,0.4078239688387839,
store\data_saved\phase2_B5B_mc_pilot\conservative_u3\case_runs\mc004_hm371p886_vm22p977\hm371p886m_vm22p9768mps_sp2deg\phase2_B5A_hm371p886m_vm22p9768mps_sp2deg_scaffold_mis2.csv,B5A,hm371p886m_vm22p9768mps_sp2deg,2,-371.886,-22.977,False,False,5890,True,False,False,True,False,True,True,False,5890,,4.012360404292849,1.805803559490414,0.7643901197807281,
store\data_saved\phase2_B5B_mc_pilot\conservative_u3\case_runs\mc029_hm360p203_vm43p128\hm360p203m_vm43p1282mps_sp2deg\phase2_B5A_hm360p203m_vm43p1282mps_sp2deg_scaffold_mis1.csv,B5A,hm360p203m_vm43p1282mps_sp2deg,1,-360.203,-43.128,False,False,5890,True,False,False,True,False,True,True,False,5890,,0.44645438099178136,43.50152664279949,0.6167956158024026,
store\data_saved\phase2_B5B_mc_pilot\conservative_u3\case_runs\mc018_hm370p078_vm21p458\hm370p078m_vm21p4577mps_sp2deg\phase2_B5A_hm370p078m_vm21p4577mps_sp2deg_scaffold_mis2.csv,B5A,hm370p078m_vm21p4577mps_sp2deg,2,-370.078,-21.458,False,False,5892,True,False,False,True,False,True,True,False,5892,,3.6831927915372944,2.6330767306949383,1.006842582297395,
store\data_saved\phase2_B5AR_positive_velocity_runs\hp500m_vp30mps_sp2deg\phase2_B5A_hp500m_vp30mps_sp2deg_scaffold_mis0.csv,B5A,hp500m_vp30mps_sp2deg,0,500.0,30.0,False,False,5894,True,True,True,True,True,True,False,True,5894,5860.0,20.885075342954224,2.1118227276160724,0.7899653542335727,
store\data_saved\phase2_B5AR_positive_velocity_runs\hm500m_vp20mps_sp2deg\phase2_B5A_hm500m_vp20mps_sp2deg_single_runner_mis1.csv,B5A,hm500m_vp20mps_sp2deg,1,-500.0,20.0,False,False,5897,True,False,False,True,False,True,True,False,5897,,5.184210842384346,120.89424428614575,1.0725920487820986,
store\data_saved\phase2_B5B_mc_pilot\conservative_u3\case_runs\mc000_hp273p956_vm23p667\hp273p956m_vm23p6673mps_sp2deg\phase2_B5A_hp273p956m_vm23p6673mps_sp2deg_scaffold_mis2.csv,B5A,hp273p956m_vm23p6673mps_sp2deg,2,273.956,-23.667,False,False,5900,True,False,False,True,False,True,True,False,5900,,481.45785805520063,0.11791700932803906,0.4119111283944221,
store\data_saved\phase2_B5B_mc_pilot\conservative_u3\case_runs\mc007_hm56p586_vm36p366\hm56p5858m_vm36p3657mps_sp2deg\phase2_B5A_hm56p5858m_vm36p3657mps_sp2deg_scaffold_mis0.csv,B5A,hm56p5858m_vm36p3657mps_sp2deg,0,-56.586,-36.366,False,False,5905,True,False,False,True,False,True,True,False,5905,,854.7242496913714,107.2407195548285,0.6367156354972394,
store\data_saved\phase2_B5B_mc_pilot\conservative_u3\case_runs\mc018_hm370p078_vm21p458\hm370p078m_vm21p4577mps_sp2deg\phase2_B5A_hm370p078m_vm21p4577mps_sp2deg_scaffold_mis1.csv,B5A,hm370p078m_vm21p4577mps_sp2deg,1,-370.078,-21.458,False,False,5906,True,False,False,True,False,True,True,False,5906,,12.217076644421468,1.8591718087222944,0.22512590557016665,
store\data_saved\phase2_B5C_local_envelope_validation\case_runs\b5c006_hp235p530_vm19p076\hp235p53m_vm19p0758mps_sp2deg\phase2_B5A_hp235p53m_vm19p0758mps_sp2deg_scaffold_mis0.csv,B5A,hp235p53m_vm19p0758mps_sp2deg,0,235.53,-19.076,False,False,5910,True,False,False,True,False,True,True,False,5910,,335.4695300189196,5.987523759784381,1.0855236245479318,
store\data_saved\phase2_B5C_local_envelope_validation\case_runs\b5c022_hp46p566_vm17p262\hp46p566m_vm17p2617mps_sp2deg\phase2_B5A_hp46p566m_vm17p2617mps_sp2deg_scaffold_mis0.csv,B5A,hp46p566m_vm17p2617mps_sp2deg,0,46.566,-17.262,False,False,5911,True,False,False,True,False,True,True,False,5911,,445.7432552598257,6.181591346434288,0.2375744220407796,
store\data_saved\phase2_B5B_mc_pilot\conservative_u3\case_runs\mc029_hm360p203_vm43p128\hm360p203m_vm43p1282mps_sp2deg\phase2_B5A_hm360p203m_vm43p1282mps_sp2deg_scaffold_mis0.csv,B5A,hm360p203m_vm43p1282mps_sp2deg,0,-360.203,-43.128,False,False,5912,True,False,False,True,False,True,True,False,5912,,12.26096963346572,74.85097700233837,0.0695671588400728,
store\data_saved\phase2_B5A_dispersion_grid_runs\hm500m_vp50mps_sp2deg\phase2_B5A_hm500m_vp50mps_sp2deg_scaffold_mis2.csv,B5A,hm500m_vp50mps_sp2deg,2,-500.0,50.0,False,False,5913,True,False,False,True,False,True,True,False,5913,,35.90027068129348,145.97868222333318,0.7966755066809128,
store\data_saved\phase2_B3A_heading_spread_runs\spread_4deg\phase2_B3A_spread_4deg_single_runner_mis0.csv,B3,spread_4deg,0,,,,False,5915,True,True,True,True,True,True,False,True,5915,5909.0,5.797629009561206,2.8271476039778918,0.2306923215292045,
store\data_saved\phase2_B5C_local_envelope_validation\case_runs\b5c006_hp235p530_vm19p076\hp235p53m_vm19p0758mps_sp2deg\phase2_B5A_hp235p53m_vm19p0758mps_sp2deg_scaffold_mis1.csv,B5A,hp235p53m_vm19p0758mps_sp2deg,1,235.53,-19.076,False,False,5917,True,False,False,True,False,True,True,False,5917,,608.5211015538225,0.33795751065713375,0.2662869428168051,
store\data_saved\phase2_B5B_mc_pilot\conservative_u3\case_runs\mc016_hm174p175_vm27p772\hm174p175m_vm27p7724mps_sp2deg\phase2_B5A_hm174p175m_vm27p7724mps_sp2deg_scaffold_mis0.csv,B5A,hm174p175m_vm27p7724mps_sp2deg,0,-174.175,-27.772,False,False,5918,True,False,False,True,False,True,True,False,5918,,107.01467505456822,7.26328764024629,1.0839595087381895,
store\data_saved\phase2_B5C_local_envelope_validation\case_runs\b5c022_hp46p566_vm17p262\hp46p566m_vm17p2617mps_sp2deg\phase2_B5A_hp46p566m_vm17p2617mps_sp2deg_scaffold_mis1.csv,B5A,hp46p566m_vm17p2617mps_sp2deg,1,46.566,-17.262,False,False,5920,True,False,False,True,False,True,True,False,5920,,391.7370133052609,0.13150661090958238,0.5445793300095829,
store\data_saved\phase2_B5A_dispersion_grid_runs\hm500m_vp50mps_sp2deg\phase2_B5A_hm500m_vp50mps_sp2deg_single_runner_mis0.csv,B5A,hm500m_vp50mps_sp2deg,0,-500.0,50.0,False,False,5920,True,False,False,True,False,True,True,False,5920,,4.23499277791052,99.25387250648009,0.8417972234819899,
store\data_saved\phase2_B5B_mc_pilot\conservative_u3\case_runs\mc021_hp200p265_vm31p258\hp200p265m_vm31p258mps_sp2deg\phase2_B5A_hp200p265m_vm31p258mps_sp2deg_scaffold_mis0.csv,B5A,hp200p265m_vm31p258mps_sp2deg,0,200.265,-31.258,False,False,5924,True,False,False,True,False,True,True,False,5924,,4.447112087837013,7.228905396376376,0.040561672605690546,
store\data_saved\phase2_B5A_dispersion_grid_runs\hz0m_vp50mps_sp2deg\phase2_B5A_hz0m_vp50mps_sp2deg_single_runner_mis2.csv,B5A,hz0m_vp50mps_sp2deg,2,,50.0,,False,5926,True,False,False,True,False,True,True,False,5926,,11.622335124975507,83.36186597710775,0.5232715736347018,
store\data_saved\phase2_B5C_local_envelope_validation\case_runs\b5c011_hp27p601_vm12p488\hp27p6014m_vm12p4877mps_sp2deg\phase2_B5A_hp27p6014m_vm12p4877mps_sp2deg_scaffold_mis0.csv,B5A,hp27p6014m_vm12p4877mps_sp2deg,0,27.601,-12.488,False,False,5928,True,False,False,True,False,True,True,False,5928,,695.8772385091142,0.4126285745635414,0.3396117695228895,
store\data_saved\phase2_B5B_mc_pilot\conservative_u3\case_runs\mc028_hm41p084_vm15p876\hm41p0842m_vm15p8755mps_sp2deg\phase2_B5A_hm41p0842m_vm15p8755mps_sp2deg_scaffold_mis0.csv,B5A,hm41p0842m_vm15p8755mps_sp2deg,0,-41.084,-15.876,False,False,5939,True,False,False,True,False,True,True,False,5939,,447.8305669067595,0.5364723644509013,0.7638203390597482,
store\data_saved\phase2_B3A_heading_spread_runs\spread_3deg\phase2_B3A_spread_3deg_scaffold_mis0.csv,B3,spread_3deg,0,,,,False,5940,True,True,True,True,True,True,False,True,5940,5934.0,0.5347529434984608,1.9615167758311145,0.5592693625440006,
store\data_saved\phase2_B5B_mc_pilot\conservative_u3\case_runs\mc019_hm273p091_vm9p811\hm273p091m_vm9p81116mps_sp2deg\phase2_B5A_hm273p091m_vm9p81116mps_sp2deg_scaffold_mis0.csv,B5A,hm273p091m_vm9p81116mps_sp2deg,0,-273.091,-9.811,False,False,5943,True,False,False,True,False,True,True,False,5943,,6.440658061441354,0.13614308727869684,0.7713387041731039,
store\data_saved\phase2_B5A_dispersion_grid_runs\hm500m_vp50mps_sp2deg\phase2_B5A_hm500m_vp50mps_sp2deg_scaffold_mis1.csv,B5A,hm500m_vp50mps_sp2deg,1,-500.0,50.0,False,False,5952,True,False,False,True,False,True,True,False,5952,,4.306583765603136,8.713579849377084,0.9994254034681944,
store\data_saved\phase2_B5B_mc_pilot\conservative_u3\case_runs\mc008_hp54p585_vm46p171\hp54p5848m_vm46p171mps_sp2deg\phase2_B5A_hp54p5848m_vm46p171mps_sp2deg_scaffold_mis0.csv,B5A,hp54p5848m_vm46p171mps_sp2deg,0,54.585,-46.171,False,False,5961,True,False,False,True,False,True,True,False,5961,,0.2432341524909134,23.97559824480004,0.29914186103997054,
store\data_saved\phase2_B5B_mc_pilot\conservative_u3\case_runs\mc018_hm370p078_vm21p458\hm370p078m_vm21p4577mps_sp2deg\phase2_B5A_hm370p078m_vm21p4577mps_sp2deg_scaffold_mis0.csv,B5A,hm370p078m_vm21p4577mps_sp2deg,0,-370.078,-21.458,False,False,5966,True,False,True,True,True,True,False,False,5966,,3.5473713151695847,1.6490486469679126,0.5514149719529087,
store\data_saved\phase2_B5B_mc_pilot\conservative_u3\case_runs\mc017_hm30p444_vm38p632\hm30p4442m_vm38p6317mps_sp2deg\phase2_B5A_hm30p4442m_vm38p6317mps_sp2deg_scaffold_mis1.csv,B5A,hm30p4442m_vm38p6317mps_sp2deg,1,-30.444,-38.632,False,False,5966,True,False,False,True,False,True,True,False,5966,,33.50228461236475,20.95665979115688,0.4197168426326243,
store\data_saved\phase2_B5B_mc_pilot\conservative_u3\case_runs\mc023_hm112p522_vm32p700\hm112p522m_vm32p7003mps_sp2deg\phase2_B5A_hm112p522m_vm32p7003mps_sp2deg_scaffold_mis1.csv,B5A,hm112p522m_vm32p7003mps_sp2deg,1,-112.522,-32.7,False,False,6048,True,False,False,True,False,True,True,False,6048,,54.610134705759265,0.6425346956507383,0.7391535683927941,
store\data_saved\phase2_B5AR_positive_velocity_runs\hz0m_vp30mps_sp2deg\phase2_B5A_hz0m_vp30mps_sp2deg_scaffold_mis0.csv,B5A,hz0m_vp30mps_sp2deg,0,,30.0,,False,6086,True,False,False,True,False,True,True,False,6086,,13.844448088151694,2.079425073441598,0.9537167095913901,
store\data_saved\phase2_B5B_mc_pilot\conservative_u3\case_runs\mc021_hp200p265_vm31p258\hp200p265m_vm31p258mps_sp2deg\phase2_B5A_hp200p265m_vm31p258mps_sp2deg_scaffold_mis2.csv,B5A,hp200p265m_vm31p258mps_sp2deg,2,200.265,-31.258,False,False,6238,True,False,False,True,False,True,True,False,6238,,3.4967468796785397,1.9998884925200855,0.6915041705433396,
store\data_saved\mis1_state_first_v8_2_tol_sgo30km.csv,UNKNOWN,data_saved,1,,,,False,6537,True,False,False,True,False,True,True,False,6537,,126.01981040311148,0.30999092218962687,0.18930863284185762,
store\data_saved\phase2_B5E_mis0_corner_robustness_refinement_bounded_diagnostic\runs\B5E_C03_soft_left_8deg_hp00500_vm0010.csv,B5E,runs,0,500.0,-10.0,True,False,30002,True,False,False,True,False,True,False,False,30002,,24118.64825704421,4868.992763887689,8995628.835671317,
store\data_saved\phase2_B5B_mc_pilot\conservative_u3\case_reports\mc025_hm300p092_vm49p558\phase2_B5A_hm300p092m_vm49p5583mps_sp2deg_combined.csv,B5A,phase2_B5A_hm300p092m_vm49p5583mps_sp2deg_combined,1,-300.092,-49.558,False,True,14126,True,True,True,True,True,True,False,True,4715,4709.0,4.098086377798609,1.380932684252457,7739.397676703193,
store\data_saved\phase2_B5B_mc_pilot\conservative_u3\case_reports\mc025_hm300p092_vm49p558\phase2_B5A_hm300p092m_vm49p5583mps_sp2deg_combined.csv,B5A,phase2_B5A_hm300p092m_vm49p5583mps_sp2deg_combined,2,-300.092,-49.558,False,True,14126,True,True,True,True,True,True,False,True,4692,4685.0,0.22969223758991575,0.1324232655229025,6097.538695236937,
store\data_saved\phase2_B5B_mc_pilot\conservative_u3\combined\mc025_hm300p092_vm49p558_combined.csv,B5B,mc025_hm300p092_vm49p558_combined,2,-300.092,-49.558,False,True,14126,True,True,True,True,True,True,False,True,4692,4685.0,0.22969223758991575,0.1324232655229025,6097.538695236937,
store\data_saved\phase2_B5B_mc_pilot\conservative_u3\combined\mc025_hm300p092_vm49p558_combined.csv,B5B,mc025_hm300p092_vm49p558_combined,1,-300.092,-49.558,False,True,14126,True,True,True,True,True,True,False,True,4715,4709.0,4.098086377798609,1.380932684252457,7739.397676703193,
store\data_saved\phase2_B5B_mc_pilot\conservative_u3\combined\mc025_hm300p092_vm49p558_combined.csv,B5B,mc025_hm300p092_vm49p558_combined,0,-300.092,-49.558,False,True,14126,True,False,True,True,True,True,False,False,4719,,32.83945496963133,56.64927792433491,19381.13927350953,
store\data_saved\phase2_B5B_mc_pilot\conservative_u3\case_reports\mc025_hm300p092_vm49p558\phase2_B5A_hm300p092m_vm49p5583mps_sp2deg_combined.csv,B5A,phase2_B5A_hm300p092m_vm49p5583mps_sp2deg_combined,0,-300.092,-49.558,False,True,14126,True,False,True,True,True,True,False,False,4719,,32.83945496963133,56.64927792433491,19381.13927350953,
store\data_saved\phase2_B5B_mc_pilot\conservative_u3\case_reports\mc010_hp258p088_vm28p728\phase2_B5A_hp258p088m_vm28p7284mps_sp2deg_combined.csv,B5A,phase2_B5A_hp258p088m_vm28p7284mps_sp2deg_combined,0,258.088,-28.728,False,True,14552,True,False,False,True,False,True,False,False,4949,,29.534318365036597,0.7517302117880718,30566.964495778782,
store\data_saved\phase2_B5B_mc_pilot\conservative_u3\combined\mc010_hp258p088_vm28p728_combined.csv,B5B,mc010_hp258p088_vm28p728_combined,2,258.088,-28.728,False,True,14552,True,False,True,True,True,True,False,False,4714,,8.480768200817693,84.93531004616034,20496.531531695466,
store\data_saved\phase2_B5B_mc_pilot\conservative_u3\case_reports\mc010_hp258p088_vm28p728\phase2_B5A_hp258p088m_vm28p7284mps_sp2deg_combined.csv,B5A,phase2_B5A_hp258p088m_vm28p7284mps_sp2deg_combined,2,258.088,-28.728,False,True,14552,True,False,True,True,True,True,False,False,4714,,8.480768200817693,84.93531004616034,20496.531531695466,
store\data_saved\phase2_B5B_mc_pilot\conservative_u3\combined\mc010_hp258p088_vm28p728_combined.csv,B5B,mc010_hp258p088_vm28p728_combined,1,258.088,-28.728,False,True,14552,True,False,False,True,False,True,False,False,4889,,24.729366538769682,1.4764332534932691,100073.81590891161,
store\data_saved\phase2_B5B_mc_pilot\conservative_u3\combined\mc010_hp258p088_vm28p728_combined.csv,B5B,mc010_hp258p088_vm28p728_combined,0,258.088,-28.728,False,True,14552,True,False,False,True,False,True,False,False,4949,,29.534318365036597,0.7517302117880718,30566.964495778782,
store\data_saved\phase2_B5B_mc_pilot\conservative_u3\case_reports\mc010_hp258p088_vm28p728\phase2_B5A_hp258p088m_vm28p7284mps_sp2deg_combined.csv,B5A,phase2_B5A_hp258p088m_vm28p7284mps_sp2deg_combined,1,258.088,-28.728,False,True,14552,True,False,False,True,False,True,False,False,4889,,24.729366538769682,1.4764332534932691,100073.81590891161,
store\data_saved\phase2_B5A_dispersion_grid_report\phase2_B5A_hz0m_vm50mps_sp2deg_combined.csv,B5A,phase2_B5A_hz0m_vm50mps_sp2deg_combined,0,,-50.0,,True,15220,True,False,True,True,True,True,False,False,4726,,21.638771210749837,69.88106351141823,19827.025186138664,
store\data_saved\phase2_B5A_dispersion_grid_report\phase2_B5A_hz0m_vm50mps_sp2deg_combined.csv,B5A,phase2_B5A_hz0m_vm50mps_sp2deg_combined,1,,-50.0,,True,15220,True,True,True,True,True,True,False,True,4710,4705.0,13.581306058251357,2.940766133951911,7566.811554633008,
store\data_saved\phase2_B5A_dispersion_grid_report\phase2_B5A_hz0m_vm50mps_sp2deg_combined.csv,B5A,phase2_B5A_hz0m_vm50mps_sp2deg_combined,2,,-50.0,,True,15220,True,True,True,True,True,True,False,True,5784,5779.0,9.126017078742734,3.5871379689240257,0.8624929554353002,
store\data_saved\phase2_B5A_dispersion_grid_report\phase2_B5A_hp500m_vm50mps_sp2deg_combined.csv,B5A,phase2_B5A_hp500m_vm50mps_sp2deg_combined,2,500.0,-50.0,False,True,15279,True,True,True,True,True,True,False,True,4724,4708.0,1.689503863286518,1.1277411114469942,4876.370825012396,
store\data_saved\phase2_B5A_dispersion_grid_report\phase2_B5A_hp500m_vm50mps_sp2deg_combined.csv,B5A,phase2_B5A_hp500m_vm50mps_sp2deg_combined,0,500.0,-50.0,False,True,15279,True,False,True,True,True,True,False,False,4742,,6.771329695657187,53.4840419104994,20279.043448303797,
store\data_saved\phase2_B5A_dispersion_grid_report\phase2_B5A_hp500m_vm50mps_sp2deg_combined.csv,B5A,phase2_B5A_hp500m_vm50mps_sp2deg_combined,1,500.0,-50.0,False,True,15279,True,True,True,True,True,True,False,True,5813,5808.0,0.6552259875679738,0.21132164196478698,0.019912065923563205,
store\data_saved\phase2_B5A_dispersion_grid_report\phase2_B5A_hz0m_vp50mps_sp2deg_combined.csv,B5A,phase2_B5A_hz0m_vp50mps_sp2deg_combined,0,,50.0,,True,15304,True,False,False,True,False,True,True,False,4579,,16.968321935062704,647.4809993627305,664057.077308465,
store\data_saved\phase2_B5A_dispersion_grid_report\phase2_B5A_hz0m_vp50mps_sp2deg_combined.csv,B5A,phase2_B5A_hz0m_vp50mps_sp2deg_combined,1,,50.0,,True,15304,True,False,True,True,True,True,False,False,4799,,20.187576084303146,1.748340037404887,21553.25943456318,
store\data_saved\phase2_B5A_dispersion_grid_report\phase2_B5A_hz0m_vp50mps_sp2deg_combined.csv,B5A,phase2_B5A_hz0m_vp50mps_sp2deg_combined,2,,50.0,,True,15304,True,False,False,True,False,True,True,False,5926,,11.622335124975507,83.36186597710821,0.5232715736347018,
store\data_saved\phase2_B5B_mc_pilot\conservative_u3\case_reports\mc013_hm33p279_vm47p372\phase2_B5A_hm33p279m_vm47p3718mps_sp2deg_combined.csv,B5A,phase2_B5A_hm33p279m_vm47p3718mps_sp2deg_combined,2,-33.279,-47.372,False,True,15305,True,True,True,True,True,True,False,True,4705,4697.0,0.29708300833954127,3.497137727113113,7023.916328333296,
store\data_saved\phase2_B5B_mc_pilot\conservative_u3\case_reports\mc013_hm33p279_vm47p372\phase2_B5A_hm33p279m_vm47p3718mps_sp2deg_combined.csv,B5A,phase2_B5A_hm33p279m_vm47p3718mps_sp2deg_combined,1,-33.279,-47.372,False,True,15305,True,True,True,True,True,True,False,True,4715,4708.0,26.572955657338753,0.23373721479310916,7409.104001912245,
store\data_saved\phase2_B5B_mc_pilot\conservative_u3\case_reports\mc013_hm33p279_vm47p372\phase2_B5A_hm33p279m_vm47p3718mps_sp2deg_combined.csv,B5A,phase2_B5A_hm33p279m_vm47p3718mps_sp2deg_combined,0,-33.279,-47.372,False,True,15305,True,False,False,True,False,True,True,False,5885,,11.322798685509042,54.535339203288004,0.010930263881164137,
store\data_saved\phase2_B5B_mc_pilot\conservative_u3\combined\mc013_hm33p279_vm47p372_combined.csv,B5B,mc013_hm33p279_vm47p372_combined,0,-33.279,-47.372,False,True,15305,True,False,False,True,False,True,True,False,5885,,11.322798685509042,54.535339203288004,0.010930263881164137,
store\data_saved\phase2_B5B_mc_pilot\conservative_u3\combined\mc013_hm33p279_vm47p372_combined.csv,B5B,mc013_hm33p279_vm47p372_combined,2,-33.279,-47.372,False,True,15305,True,True,True,True,True,True,False,True,4705,4697.0,0.29708300833954127,3.497137727113113,7023.916328333296,
store\data_saved\phase2_B5B_mc_pilot\conservative_u3\combined\mc013_hm33p279_vm47p372_combined.csv,B5B,mc013_hm33p279_vm47p372_combined,1,-33.279,-47.372,False,True,15305,True,True,True,True,True,True,False,True,4715,4708.0,26.572955657338753,0.23373721479310916,7409.104001912245,
store\data_saved\phase2_B5B_mc_pilot\conservative_u3\case_reports\mc000_hp273p956_vm23p667\phase2_B5A_hp273p956m_vm23p6673mps_sp2deg_combined.csv,B5A,phase2_B5A_hp273p956m_vm23p6673mps_sp2deg_combined,2,273.956,-23.667,False,True,15390,True,False,False,True,False,True,True,False,5900,,481.45785805520063,0.11791700932803906,0.4119111283944221,
store\data_saved\phase2_B5B_mc_pilot\conservative_u3\case_reports\mc000_hp273p956_vm23p667\phase2_B5A_hp273p956m_vm23p6673mps_sp2deg_combined.csv,B5A,phase2_B5A_hp273p956m_vm23p6673mps_sp2deg_combined,0,273.956,-23.667,False,True,15390,True,False,True,True,True,True,False,False,4759,,1.0483945708183455,1.0984796860327606,20002.790558858484,
store\data_saved\phase2_B5B_mc_pilot\conservative_u3\combined\mc000_hp273p956_vm23p667_combined.csv,B5B,mc000_hp273p956_vm23p667_combined,0,273.956,-23.667,False,True,15390,True,False,True,True,True,True,False,False,4759,,1.0483945708183455,1.0984796860327606,20002.790558858484,
store\data_saved\phase2_B5B_mc_pilot\conservative_u3\combined\mc000_hp273p956_vm23p667_combined.csv,B5B,mc000_hp273p956_vm23p667_combined,1,273.956,-23.667,False,True,15390,True,False,True,True,True,True,False,False,4731,,2.7980260996373545,62.73052197856805,20593.97576627246,
store\data_saved\phase2_B5B_mc_pilot\conservative_u3\combined\mc000_hp273p956_vm23p667_combined.csv,B5B,mc000_hp273p956_vm23p667_combined,2,273.956,-23.667,False,True,15390,True,False,False,True,False,True,True,False,5900,,481.45785805520063,0.11791700932803906,0.4119111283944221,
store\data_saved\phase2_B5B_mc_pilot\conservative_u3\case_reports\mc000_hp273p956_vm23p667\phase2_B5A_hp273p956m_vm23p6673mps_sp2deg_combined.csv,B5A,phase2_B5A_hp273p956m_vm23p6673mps_sp2deg_combined,1,273.956,-23.667,False,True,15390,True,False,True,True,True,True,False,False,4731,,2.7980260996373545,62.73052197856805,20593.97576627246,
store\data_saved\phase2_B5A_dispersion_grid_report\phase2_B5A_hp500m_vp50mps_sp2deg_combined.csv,B5A,phase2_B5A_hp500m_vp50mps_sp2deg_combined,2,500.0,50.0,False,True,15490,True,False,True,True,True,True,False,False,4780,,12.912022689921287,0.5035800499726975,22496.899827656933,
store\data_saved\phase2_B5A_dispersion_grid_report\phase2_B5A_hp500m_vp50mps_sp2deg_combined.csv,B5A,phase2_B5A_hp500m_vp50mps_sp2deg_combined,0,500.0,50.0,False,True,15490,True,False,True,True,True,True,False,False,5867,,12.32767065538792,58.38512181377382,0.802227077925636,
store\data_saved\phase2_B5AR_positive_velocity_report\phase2_B5A_hp500m_vp50mps_sp2deg_combined.csv,B5A,phase2_B5A_hp500m_vp50mps_sp2deg_combined,1,500.0,50.0,False,True,15490,True,False,False,True,False,True,True,False,4843,,12.116201833650848,0.9926280114507335,81811.62455113581,
store\data_saved\phase2_B5A_dispersion_grid_report\phase2_B5A_hm500m_vm50mps_sp2deg_combined.csv,B5A,phase2_B5A_hm500m_vm50mps_sp2deg_combined,2,-500.0,-50.0,False,True,16253,True,True,True,True,True,True,False,True,4699,4690.0,0.9043317540163116,0.2987126041864485,6397.877475040368,
store\data_saved\phase2_B5A_dispersion_grid_report\phase2_B5A_hm500m_vm50mps_sp2deg_combined.csv,B5A,phase2_B5A_hm500m_vm50mps_sp2deg_combined,0,-500.0,-50.0,False,True,16253,True,False,False,True,False,True,True,False,5751,,22.946638128389168,2.465250578493624,4656.4151272194285,
store\data_saved\phase2_B5A_dispersion_grid_report\phase2_B5A_hm500m_vm50mps_sp2deg_combined.csv,B5A,phase2_B5A_hm500m_vm50mps_sp2deg_combined,1,-500.0,-50.0,False,True,16253,True,True,True,True,True,True,False,True,5803,5797.0,11.811102096318791,2.5317864655719404,0.003994578939455096,
store\data_saved\phase2_B5AR_positive_velocity_report\phase2_B5A_hp500m_vp40mps_sp2deg_combined.csv,B5A,phase2_B5A_hp500m_vp40mps_sp2deg_combined,1,500.0,40.0,False,True,16386,True,False,True,True,True,True,False,False,5814,,2.598205167108972,102.02476197181704,1.040277128260641,
store\data_saved\phase2_B5AR_positive_velocity_report\phase2_B5A_hp500m_vp40mps_sp2deg_combined.csv,B5A,phase2_B5A_hp500m_vp40mps_sp2deg_combined,0,500.0,40.0,False,True,16386,True,False,True,True,True,True,False,False,4784,,34.03638385914019,117.1513082565798,8446.037194217213,
store\data_saved\phase2_B5AR_positive_velocity_report\phase2_B5A_hp500m_vp40mps_sp2deg_combined.csv,B5A,phase2_B5A_hp500m_vp40mps_sp2deg_combined,2,500.0,40.0,False,True,16386,True,False,True,True,True,True,False,False,5788,,2.2314134328407818,113.61684399437672,0.48744041524332715,
store\data_saved\phase2_B5B_mc_pilot\conservative_u3\combined\mc008_hp54p585_vm46p171_combined.csv,B5B,mc008_hp54p585_vm46p171_combined,0,54.585,-46.171,False,True,16433,True,False,False,True,False,True,True,False,5961,,0.2432341524909134,23.97559824480004,0.29914186103997054,
store\data_saved\phase2_B5B_mc_pilot\conservative_u3\case_reports\mc008_hp54p585_vm46p171\phase2_B5A_hp54p5848m_vm46p171mps_sp2deg_combined.csv,B5A,phase2_B5A_hp54p5848m_vm46p171mps_sp2deg_combined,2,54.585,-46.171,False,True,16433,True,True,True,True,True,True,False,True,4706,4699.0,4.418846674027009,9.34065563758304,7470.874945839547,
store\data_saved\phase2_B5B_mc_pilot\conservative_u3\case_reports\mc008_hp54p585_vm46p171\phase2_B5A_hp54p5848m_vm46p171mps_sp2deg_combined.csv,B5A,phase2_B5A_hp54p5848m_vm46p171mps_sp2deg_combined,0,54.585,-46.171,False,True,16433,True,False,False,True,False,True,True,False,5961,,0.2432341524909134,23.97559824480004,0.29914186103997054,
store\data_saved\phase2_B5B_mc_pilot\conservative_u3\case_reports\mc008_hp54p585_vm46p171\phase2_B5A_hp54p5848m_vm46p171mps_sp2deg_combined.csv,B5A,phase2_B5A_hp54p5848m_vm46p171mps_sp2deg_combined,1,54.585,-46.171,False,True,16433,True,False,True,True,True,True,False,False,5766,,4.109134875296149,118.2199590252585,0.2653416478788131,
store\data_saved\phase2_B5B_mc_pilot\conservative_u3\combined\mc008_hp54p585_vm46p171_combined.csv,B5B,mc008_hp54p585_vm46p171_combined,1,54.585,-46.171,False,True,16433,True,False,True,True,True,True,False,False,5766,,4.109134875296149,118.2199590252585,0.2653416478788131,
store\data_saved\phase2_B5B_mc_pilot\conservative_u3\combined\mc008_hp54p585_vm46p171_combined.csv,B5B,mc008_hp54p585_vm46p171_combined,2,54.585,-46.171,False,True,16433,True,True,True,True,True,True,False,True,4706,4699.0,4.418846674027009,9.34065563758304,7470.874945839547,
store\data_saved\phase2_B5B_mc_pilot\conservative_u3\combined\mc004_hm371p886_vm22p977_combined.csv,B5B,mc004_hm371p886_vm22p977_combined,1,-371.886,-22.977,False,True,16455,True,True,True,True,True,True,False,True,5816,5810.0,19.672255034409318,0.3216796208848791,1.0085680846095784,
store\data_saved\phase2_B5B_mc_pilot\conservative_u3\case_reports\mc004_hm371p886_vm22p977\phase2_B5A_hm371p886m_vm22p9768mps_sp2deg_combined.csv,B5A,phase2_B5A_hm371p886m_vm22p9768mps_sp2deg_combined,1,-371.886,-22.977,False,True,16455,True,True,True,True,True,True,False,True,5816,5810.0,19.672255034409318,0.3216796208848791,1.0085680846095784,
store\data_saved\phase2_B5B_mc_pilot\conservative_u3\case_reports\mc004_hm371p886_vm22p977\phase2_B5A_hm371p886m_vm22p9768mps_sp2deg_combined.csv,B5A,phase2_B5A_hm371p886m_vm22p9768mps_sp2deg_combined,2,-371.886,-22.977,False,True,16455,True,False,False,True,False,True,True,False,5890,,4.012360404292849,1.805803559490414,0.7643901197807281,
store\data_saved\phase2_B5B_mc_pilot\conservative_u3\combined\mc004_hm371p886_vm22p977_combined.csv,B5B,mc004_hm371p886_vm22p977_combined,0,-371.886,-22.977,False,True,16455,True,True,True,True,True,True,False,True,4749,4742.0,4.875041394454456,2.0821648803880635,7046.0856406057865,
store\data_saved\phase2_B5B_mc_pilot\conservative_u3\case_reports\mc004_hm371p886_vm22p977\phase2_B5A_hm371p886m_vm22p9768mps_sp2deg_combined.csv,B5A,phase2_B5A_hm371p886m_vm22p9768mps_sp2deg_combined,0,-371.886,-22.977,False,True,16455,True,True,True,True,True,True,False,True,4749,4742.0,4.875041394454456,2.0821648803880635,7046.0856406057865,
store\data_saved\phase2_B5B_mc_pilot\conservative_u3\combined\mc004_hm371p886_vm22p977_combined.csv,B5B,mc004_hm371p886_vm22p977_combined,2,-371.886,-22.977,False,True,16455,True,False,False,True,False,True,True,False,5890,,4.012360404292849,1.805803559490414,0.7643901197807281,
store\data_saved\phase2_B5B_mc_pilot\conservative_u3\combined\mc024_hp182p496_vm41p615_combined.csv,B5B,mc024_hp182p496_vm41p615_combined,2,182.496,-41.615,False,True,16467,True,False,False,True,False,True,True,False,5878,,0.04083376913695247,45.22539911773674,0.9825007358376752,
store\data_saved\phase2_B5B_mc_pilot\conservative_u3\case_reports\mc024_hp182p496_vm41p615\phase2_B5A_hp182p496m_vm41p6149mps_sp2deg_combined.csv,B5A,phase2_B5A_hp182p496m_vm41p6149mps_sp2deg_combined,0,182.496,-41.615,False,True,16467,True,False,False,True,False,True,True,False,5860,,90.10661680996782,347.5067669635682,0.23211052581609692,
store\data_saved\phase2_B5B_mc_pilot\conservative_u3\combined\mc024_hp182p496_vm41p615_combined.csv,B5B,mc024_hp182p496_vm41p615_combined,0,182.496,-41.615,False,True,16467,True,False,False,True,False,True,True,False,5860,,90.10661680996782,347.5067669635682,0.23211052581609692,
store\data_saved\phase2_B5B_mc_pilot\conservative_u3\combined\mc024_hp182p496_vm41p615_combined.csv,B5B,mc024_hp182p496_vm41p615_combined,1,182.496,-41.615,False,True,16467,True,True,True,True,True,True,False,True,4729,4723.0,0.8021192927699303,0.669784353696059,6836.612667249647,
store\data_saved\phase2_B5B_mc_pilot\conservative_u3\case_reports\mc024_hp182p496_vm41p615\phase2_B5A_hp182p496m_vm41p6149mps_sp2deg_combined.csv,B5A,phase2_B5A_hp182p496m_vm41p6149mps_sp2deg_combined,1,182.496,-41.615,False,True,16467,True,True,True,True,True,True,False,True,4729,4723.0,0.8021192927699303,0.669784353696059,6836.612667249647,
store\data_saved\phase2_B5B_mc_pilot\conservative_u3\case_reports\mc024_hp182p496_vm41p615\phase2_B5A_hp182p496m_vm41p6149mps_sp2deg_combined.csv,B5A,phase2_B5A_hp182p496m_vm41p6149mps_sp2deg_combined,2,182.496,-41.615,False,True,16467,True,False,False,True,False,True,True,False,5878,,0.04083376913695247,45.22539911773674,0.9825007358376752,
store\data_saved\phase2_B5B_mc_pilot\conservative_u3\case_reports\mc016_hm174p175_vm27p772\phase2_B5A_hm174p175m_vm27p7724mps_sp2deg_combined.csv,B5A,phase2_B5A_hm174p175m_vm27p7724mps_sp2deg_combined,2,-174.175,-27.772,False,True,16496,True,False,True,True,True,True,False,False,4702,,9.88420087589111,85.10971412532399,20435.751214468066,
store\data_saved\phase2_B5B_mc_pilot\conservative_u3\case_reports\mc016_hm174p175_vm27p772\phase2_B5A_hm174p175m_vm27p7724mps_sp2deg_combined.csv,B5A,phase2_B5A_hm174p175m_vm27p7724mps_sp2deg_combined,1,-174.175,-27.772,False,True,16496,True,False,False,True,False,True,True,False,5876,,452.2594799600811,10.701669109831982,1.0285559153198847,
store\data_saved\phase2_B5B_mc_pilot\conservative_u3\case_reports\mc016_hm174p175_vm27p772\phase2_B5A_hm174p175m_vm27p7724mps_sp2deg_combined.csv,B5A,phase2_B5A_hm174p175m_vm27p7724mps_sp2deg_combined,0,-174.175,-27.772,False,True,16496,True,False,False,True,False,True,True,False,5918,,107.01467505456822,7.26328764024629,1.0839595087381895,
store\data_saved\phase2_B5B_mc_pilot\conservative_u3\combined\mc016_hm174p175_vm27p772_combined.csv,B5B,mc016_hm174p175_vm27p772_combined,2,-174.175,-27.772,False,True,16496,True,False,True,True,True,True,False,False,4702,,9.88420087589111,85.10971412532399,20435.751214468066,
store\data_saved\phase2_B5B_mc_pilot\conservative_u3\combined\mc016_hm174p175_vm27p772_combined.csv,B5B,mc016_hm174p175_vm27p772_combined,1,-174.175,-27.772,False,True,16496,True,False,False,True,False,True,True,False,5876,,452.2594799600811,10.701669109831982,1.0285559153198847,
store\data_saved\phase2_B5B_mc_pilot\conservative_u3\combined\mc016_hm174p175_vm27p772_combined.csv,B5B,mc016_hm174p175_vm27p772_combined,0,-174.175,-27.772,False,True,16496,True,False,False,True,False,True,True,False,5918,,107.01467505456822,7.26328764024629,1.0839595087381895,
store\data_saved\phase2_B5B_mc_pilot\conservative_u3\combined\mc021_hp200p265_vm31p258_combined.csv,B5B,mc021_hp200p265_vm31p258_combined,1,200.265,-31.258,False,True,16902,True,False,True,True,True,True,False,False,4740,,12.557127709194901,1.873005434724064,21200.264943780974,
store\data_saved\phase2_B5B_mc_pilot\conservative_u3\case_reports\mc021_hp200p265_vm31p258\phase2_B5A_hp200p265m_vm31p258mps_sp2deg_combined.csv,B5A,phase2_B5A_hp200p265m_vm31p258mps_sp2deg_combined,0,200.265,-31.258,False,True,16902,True,False,False,True,False,True,True,False,5924,,4.447112087837013,7.228905396376376,0.040561672605690546,
store\data_saved\phase2_B5B_mc_pilot\conservative_u3\case_reports\mc021_hp200p265_vm31p258\phase2_B5A_hp200p265m_vm31p258mps_sp2deg_combined.csv,B5A,phase2_B5A_hp200p265m_vm31p258mps_sp2deg_combined,1,200.265,-31.258,False,True,16902,True,False,True,True,True,True,False,False,4740,,12.557127709194901,1.873005434724064,21200.264943780974,
store\data_saved\phase2_B5B_mc_pilot\conservative_u3\combined\mc021_hp200p265_vm31p258_combined.csv,B5B,mc021_hp200p265_vm31p258_combined,2,200.265,-31.258,False,True,16902,True,False,False,True,False,True,True,False,6238,,3.4967468796785397,1.9998884925200855,0.6915041705433396,
store\data_saved\phase2_B5B_mc_pilot\conservative_u3\case_reports\mc021_hp200p265_vm31p258\phase2_B5A_hp200p265m_vm31p258mps_sp2deg_combined.csv,B5A,phase2_B5A_hp200p265m_vm31p258mps_sp2deg_combined,2,200.265,-31.258,False,True,16902,True,False,False,True,False,True,True,False,6238,,3.4967468796785397,1.9998884925200855,0.6915041705433396,
store\data_saved\phase2_B5B_mc_pilot\conservative_u3\combined\mc021_hp200p265_vm31p258_combined.csv,B5B,mc021_hp200p265_vm31p258_combined,0,200.265,-31.258,False,True,16902,True,False,False,True,False,True,True,False,5924,,4.447112087837013,7.228905396376376,0.040561672605690546,
store\data_saved\phase2_B5C_local_envelope_validation\combined\b5c004_hp486p588_vm13p264_combined.csv,B5C,b5c004_hp486p588_vm13p264_combined,0,486.588,-13.264,False,True,17001,True,True,True,True,True,True,False,True,5858,5852.0,5.316161365124572,2.1342450803178963,0.7800103903355193,
store\data_saved\phase2_B5C_local_envelope_validation\combined\b5c004_hp486p588_vm13p264_combined.csv,B5C,b5c004_hp486p588_vm13p264_combined,1,486.588,-13.264,False,True,17001,True,True,True,True,True,True,False,True,5844,5838.0,4.624465051314473,0.3393709639090048,0.9542801106799743,
store\data_saved\phase2_B5C_local_envelope_validation\combined\b5c004_hp486p588_vm13p264_combined.csv,B5C,b5c004_hp486p588_vm13p264_combined,2,486.588,-13.264,False,True,17001,True,True,True,True,True,True,False,True,5299,4731.0,2.6888553517601395,19.31401754393687,1133.6727695324444,
store\data_saved\phase2_B5C_local_envelope_validation\case_reports\b5c004_hp486p588_vm13p264\phase2_B5A_hp486p588m_vm13p2643mps_sp2deg_combined.csv,B5A,phase2_B5A_hp486p588m_vm13p2643mps_sp2deg_combined,0,486.588,-13.264,False,True,17001,True,True,True,True,True,True,False,True,5858,5852.0,5.316161365124572,2.1342450803178963,0.7800103903355193,
store\data_saved\phase2_B5C_local_envelope_validation\case_reports\b5c004_hp486p588_vm13p264\phase2_B5A_hp486p588m_vm13p2643mps_sp2deg_combined.csv,B5A,phase2_B5A_hp486p588m_vm13p2643mps_sp2deg_combined,2,486.588,-13.264,False,True,17001,True,True,True,True,True,True,False,True,5299,4731.0,2.6888553517601395,19.31401754393687,1133.6727695324444,
store\data_saved\phase2_B5C_local_envelope_validation\case_reports\b5c004_hp486p588_vm13p264\phase2_B5A_hp486p588m_vm13p2643mps_sp2deg_combined.csv,B5A,phase2_B5A_hp486p588m_vm13p2643mps_sp2deg_combined,1,486.588,-13.264,False,True,17001,True,True,True,True,True,True,False,True,5844,5838.0,4.624465051314473,0.3393709639090048,0.9542801106799743,
store\data_saved\phase2_B5AR_positive_velocity_report\phase2_B5A_hm500m_vp40mps_sp2deg_combined.csv,B5A,phase2_B5A_hm500m_vp40mps_sp2deg_combined,0,-500.0,40.0,False,True,17385,True,False,True,True,True,True,False,False,5814,,20.34590190765448,34.55955471300308,0.40428335043543484,
store\data_saved\phase2_B5AR_positive_velocity_report\phase2_B5A_hm500m_vp40mps_sp2deg_combined.csv,B5A,phase2_B5A_hm500m_vp40mps_sp2deg_combined,2,-500.0,40.0,False,True,17385,True,False,True,True,True,True,False,False,5772,,3.7305919531645486,117.4763860969806,0.50770522026869,
store\data_saved\phase2_B5AR_positive_velocity_report\phase2_B5A_hm500m_vp40mps_sp2deg_combined.csv,B5A,phase2_B5A_hm500m_vp40mps_sp2deg_combined,1,-500.0,40.0,False,True,17385,True,False,True,True,True,True,False,False,5799,,3.2342123451999214,102.0474386681185,0.6078061356747639,
store\data_saved\phase2_B5AR_positive_velocity_report\phase2_B5A_hz0m_vp40mps_sp2deg_combined.csv,B5A,phase2_B5A_hz0m_vp40mps_sp2deg_combined,0,,40.0,,True,17442,True,False,True,True,True,True,False,False,5843,,18.09913630054507,90.97573606372816,0.17891589771170402,
store\data_saved\phase2_B5AR_positive_velocity_report\phase2_B5A_hz0m_vp40mps_sp2deg_combined.csv,B5A,phase2_B5A_hz0m_vp40mps_sp2deg_combined,2,,40.0,,True,17442,True,False,True,True,True,True,False,False,5791,,6.589410840519122,33.71595835257244,0.10315189624088816,
store\data_saved\phase2_B5AR_positive_velocity_report\phase2_B5A_hz0m_vp40mps_sp2deg_combined.csv,B5A,phase2_B5A_hz0m_vp40mps_sp2deg_combined,1,,40.0,,True,17442,True,False,True,True,True,True,False,False,5808,,2.2583754933293676,112.79751655075415,0.13278330644970993,
store\data_saved\phase2_B5AR_positive_velocity_report\phase2_B5A_hp500m_vp20mps_sp2deg_combined.csv,B5A,phase2_B5A_hp500m_vp20mps_sp2deg_combined,1,500.0,20.0,False,True,17457,True,False,True,True,True,True,False,False,5802,,0.7052371767786099,61.78481350500215,0.511730469414033,
store\data_saved\phase2_B5AR_positive_velocity_report\phase2_B5A_hp500m_vp20mps_sp2deg_combined.csv,B5A,phase2_B5A_hp500m_vp20mps_sp2deg_combined,2,500.0,20.0,False,True,17457,True,False,True,True,True,True,False,False,5784,,1.2024514374606952,96.25957360934308,0.9473869876237586,
store\data_saved\phase2_B5AR_positive_velocity_report\phase2_B5A_hp500m_vp20mps_sp2deg_combined.csv,B5A,phase2_B5A_hp500m_vp20mps_sp2deg_combined,0,500.0,20.0,False,True,17457,True,True,True,True,True,True,False,True,5871,5864.0,3.340423854504479,0.6193075565479376,0.8507701354828896,
store\data_saved\phase2_B5A_dispersion_grid_report\phase2_B5A_hm500m_vz0mps_sp2deg_combined.csv,B5A,phase2_B5A_hm500m_vz0mps_sp2deg_combined,0,-500.0,,,True,17461,True,True,True,True,True,True,False,True,5839,5833.0,3.3681632890402398,2.3433963084150946,0.12879806781711522,
store\data_saved\phase2_B5A_dispersion_grid_report\phase2_B5A_hm500m_vz0mps_sp2deg_combined.csv,B5A,phase2_B5A_hm500m_vz0mps_sp2deg_combined,2,-500.0,,,True,17461,True,True,True,True,True,True,False,True,5801,5795.0,5.005151993216714,6.788108524840709,0.9408662714995444,
store\data_saved\phase2_B5A_dispersion_grid_report\phase2_B5A_hm500m_vz0mps_sp2deg_combined.csv,B5A,phase2_B5A_hm500m_vz0mps_sp2deg_combined,1,-500.0,,,True,17461,True,True,True,True,True,True,False,True,5821,5815.0,0.38713703968096524,4.133580302545624,0.069234045156918,
store\data_saved\phase2_B5AR_positive_velocity_report\phase2_B5A_hm500m_vp10mps_sp2deg_combined.csv,B5A,phase2_B5A_hm500m_vp10mps_sp2deg_combined,1,-500.0,10.0,False,True,17463,True,True,True,True,True,True,False,True,5828,5822.0,17.77177726867012,0.13703471513554177,0.3161804903065786,
store\data_saved\phase2_B5AR_positive_velocity_report\phase2_B5A_hm500m_vp10mps_sp2deg_combined.csv,B5A,phase2_B5A_hm500m_vp10mps_sp2deg_combined,0,-500.0,10.0,False,True,17463,True,True,True,True,True,True,False,True,5828,5821.0,16.97548124142122,0.40690451908881187,0.8542238368172548,
store\data_saved\phase2_B5AR_positive_velocity_report\phase2_B5A_hm500m_vp10mps_sp2deg_combined.csv,B5A,phase2_B5A_hm500m_vp10mps_sp2deg_combined,2,-500.0,10.0,False,True,17463,True,True,True,True,True,True,False,True,5807,5800.0,7.090451687796303,2.324419349412892,0.10753246645617764,
store\data_saved\phase2_B5B_mc_pilot\conservative_u3\combined\mc002_hm405p823_vp8p537_combined.csv,B5B,mc002_hm405p823_vp8p537_combined,2,-405.823,8.537,False,True,17467,True,True,True,True,True,True,False,True,5808,5801.0,30.773592699591973,1.9580425887606907,0.9883792316613835,
store\data_saved\phase2_B5B_mc_pilot\conservative_u3\case_reports\mc002_hm405p823_vp8p537\phase2_B5A_hm405p823m_vp8p53734mps_sp2deg_combined.csv,B5A,phase2_B5A_hm405p823m_vp8p53734mps_sp2deg_combined,1,-405.823,8.537,False,True,17467,True,True,True,True,True,True,False,True,5817,5810.0,11.750869276078447,0.34964327968646103,0.5777015074418159,
store\data_saved\phase2_B5B_mc_pilot\conservative_u3\case_reports\mc002_hm405p823_vp8p537\phase2_B5A_hm405p823m_vp8p53734mps_sp2deg_combined.csv,B5A,phase2_B5A_hm405p823m_vp8p53734mps_sp2deg_combined,0,-405.823,8.537,False,True,17467,True,True,True,True,True,True,False,True,5842,5835.0,1.2627867548799259,0.17030786152849942,0.5053196873341221,
store\data_saved\phase2_B5B_mc_pilot\conservative_u3\combined\mc002_hm405p823_vp8p537_combined.csv,B5B,mc002_hm405p823_vp8p537_combined,0,-405.823,8.537,False,True,17467,True,True,True,True,True,True,False,True,5842,5835.0,1.2627867548799259,0.17030786152849942,0.5053196873341221,
store\data_saved\phase2_B5B_mc_pilot\conservative_u3\case_reports\mc002_hm405p823_vp8p537\phase2_B5A_hm405p823m_vp8p53734mps_sp2deg_combined.csv,B5A,phase2_B5A_hm405p823m_vp8p53734mps_sp2deg_combined,2,-405.823,8.537,False,True,17467,True,True,True,True,True,True,False,True,5808,5801.0,30.773592699591973,1.9580425887606907,0.9883792316613835,
store\data_saved\phase2_B5B_mc_pilot\conservative_u3\combined\mc002_hm405p823_vp8p537_combined.csv,B5B,mc002_hm405p823_vp8p537_combined,1,-405.823,8.537,False,True,17467,True,True,True,True,True,True,False,True,5817,5810.0,11.750869276078447,0.34964327968646103,0.5777015074418159,
store\data_saved\phase2_B5B_mc_pilot\conservative_u3\combined\mc014_hm345p711_vm9p017_combined.csv,B5B,mc014_hm345p711_vm9p017_combined,0,-345.711,-9.017,False,True,17472,True,True,True,True,True,True,False,True,5839,5833.0,10.122001519161131,1.7697506725201038,1.0030631338668172,
store\data_saved\phase2_B5B_mc_pilot\conservative_u3\combined\mc014_hm345p711_vm9p017_combined.csv,B5B,mc014_hm345p711_vm9p017_combined,1,-345.711,-9.017,False,True,17472,True,True,True,True,True,True,False,True,5816,5810.0,9.835090628203034,2.57405343277469,0.4786349475980387,
store\data_saved\phase2_B5B_mc_pilot\conservative_u3\case_reports\mc014_hm345p711_vm9p017\phase2_B5A_hm345p711m_vm9p01706mps_sp2deg_combined.csv,B5A,phase2_B5A_hm345p711m_vm9p01706mps_sp2deg_combined,2,-345.711,-9.017,False,True,17472,True,True,True,True,True,True,False,True,5817,5811.0,4.273124285518861,0.6555219173960722,0.7665768627775833,
store\data_saved\phase2_B5B_mc_pilot\conservative_u3\case_reports\mc014_hm345p711_vm9p017\phase2_B5A_hm345p711m_vm9p01706mps_sp2deg_combined.csv,B5A,phase2_B5A_hm345p711m_vm9p01706mps_sp2deg_combined,0,-345.711,-9.017,False,True,17472,True,True,True,True,True,True,False,True,5839,5833.0,10.122001519161131,1.7697506725201038,1.0030631338668172,
store\data_saved\phase2_B5B_mc_pilot\conservative_u3\case_reports\mc014_hm345p711_vm9p017\phase2_B5A_hm345p711m_vm9p01706mps_sp2deg_combined.csv,B5A,phase2_B5A_hm345p711m_vm9p01706mps_sp2deg_combined,1,-345.711,-9.017,False,True,17472,True,True,True,True,True,True,False,True,5816,5810.0,9.835090628203034,2.57405343277469,0.4786349475980387,
store\data_saved\phase2_B5B_mc_pilot\conservative_u3\combined\mc014_hm345p711_vm9p017_combined.csv,B5B,mc014_hm345p711_vm9p017_combined,2,-345.711,-9.017,False,True,17472,True,True,True,True,True,True,False,True,5817,5811.0,4.273124285518861,0.6555219173960722,0.7665768627775833,
store\data_saved\phase2_B5B_mc_pilot\conservative_u3\case_reports\mc020_hm62p848_vm0p039\phase2_B5A_hm62p8481m_vm0p0393082mps_sp2deg_combined.csv,B5A,phase2_B5A_hm62p8481m_vm0p0393082mps_sp2deg_combined,2,-62.848,-0.039,False,True,17476,True,True,True,True,True,True,False,True,5799,5793.0,2.224528463961178,4.508232657638928,0.842169002375158,
store\data_saved\phase2_B5B_mc_pilot\conservative_u3\case_reports\mc020_hm62p848_vm0p039\phase2_B5A_hm62p8481m_vm0p0393082mps_sp2deg_combined.csv,B5A,phase2_B5A_hm62p8481m_vm0p0393082mps_sp2deg_combined,1,-62.848,-0.039,False,True,17476,True,True,True,True,True,True,False,True,5824,5818.0,5.37871389756765,0.525926853954843,0.9022631635525613,
store\data_saved\phase2_B5B_mc_pilot\conservative_u3\combined\mc020_hm62p848_vm0p039_combined.csv,B5B,mc020_hm62p848_vm0p039_combined,1,-62.848,-0.039,False,True,17476,True,True,True,True,True,True,False,True,5824,5818.0,5.37871389756765,0.525926853954843,0.9022631635525613,
store\data_saved\phase2_B5B_mc_pilot\conservative_u3\combined\mc020_hm62p848_vm0p039_combined.csv,B5B,mc020_hm62p848_vm0p039_combined,2,-62.848,-0.039,False,True,17476,True,True,True,True,True,True,False,True,5799,5793.0,2.224528463961178,4.508232657638928,0.842169002375158,
store\data_saved\phase2_B5B_mc_pilot\conservative_u3\case_reports\mc020_hm62p848_vm0p039\phase2_B5A_hm62p8481m_vm0p0393082mps_sp2deg_combined.csv,B5A,phase2_B5A_hm62p8481m_vm0p0393082mps_sp2deg_combined,0,-62.848,-0.039,False,True,17476,True,True,True,True,True,True,False,True,5853,5847.0,5.646325926954887,0.8543653799540607,1.0307499980190187,
store\data_saved\phase2_B5B_mc_pilot\conservative_u3\combined\mc020_hm62p848_vm0p039_combined.csv,B5B,mc020_hm62p848_vm0p039_combined,0,-62.848,-0.039,False,True,17476,True,True,True,True,True,True,False,True,5853,5847.0,5.646325926954887,0.8543653799540607,1.0307499980190187,
store\data_saved\phase2_B5D_tight_local_envelope_validation\case_reports\b5c031_hp110p319_vp5p597\phase2_B5A_hp110p319m_vp5p59707mps_sp2deg_combined.csv,B5D,phase2_B5A_hp110p319m_vp5p59707mps_sp2deg_combined,0,110.319,5.597,True,True,17479,True,True,True,True,True,True,False,True,5839,5833.0,4.96846939495299,3.4903461645847074,0.38638938691292424,
store\data_saved\phase2_B5D_tight_local_envelope_validation\combined\b5c031_hp110p319_vp5p597_combined.csv,B5D,b5c031_hp110p319_vp5p597_combined,0,110.319,5.597,True,True,17479,True,True,True,True,True,True,False,True,5839,5833.0,4.96846939495299,3.4903461645847074,0.38638938691292424,
store\data_saved\phase2_B5D_tight_local_envelope_validation\case_reports\b5c031_hp110p319_vp5p597\phase2_B5A_hp110p319m_vp5p59707mps_sp2deg_combined.csv,B5D,phase2_B5A_hp110p319m_vp5p59707mps_sp2deg_combined,2,110.319,5.597,True,True,17479,True,True,True,True,True,True,False,True,5808,5802.0,1.9293274532719806,0.3223304619089049,0.5243894706509309,
store\data_saved\phase2_B5D_tight_local_envelope_validation\combined\b5c031_hp110p319_vp5p597_combined.csv,B5D,b5c031_hp110p319_vp5p597_combined,1,110.319,5.597,True,True,17479,True,True,True,True,True,True,False,True,5832,5825.0,29.4186676743484,0.38547916436596097,0.01228128340881085,
store\data_saved\phase2_B5D_tight_local_envelope_validation\combined\b5c031_hp110p319_vp5p597_combined.csv,B5D,b5c031_hp110p319_vp5p597_combined,2,110.319,5.597,True,True,17479,True,True,True,True,True,True,False,True,5808,5802.0,1.9293274532719806,0.3223304619089049,0.5243894706509309,
store\data_saved\phase2_B5D_tight_local_envelope_validation\case_reports\b5c031_hp110p319_vp5p597\phase2_B5A_hp110p319m_vp5p59707mps_sp2deg_combined.csv,B5D,phase2_B5A_hp110p319m_vp5p59707mps_sp2deg_combined,1,110.319,5.597,True,True,17479,True,True,True,True,True,True,False,True,5832,5825.0,29.4186676743484,0.38547916436596097,0.01228128340881085,
store\data_saved\phase2_B5D_tight_local_envelope_validation\combined\b5c023_hp48p334_vp0p483_combined.csv,B5D,b5c023_hp48p334_vp0p483_combined,0,48.334,0.483,True,True,17480,True,True,True,True,True,True,False,True,5843,5837.0,0.20511972146414337,0.544187880293066,0.9692326268559555,
store\data_saved\phase2_B5D_tight_local_envelope_validation\combined\b5c023_hp48p334_vp0p483_combined.csv,B5D,b5c023_hp48p334_vp0p483_combined,1,48.334,0.483,True,True,17480,True,True,True,True,True,True,False,True,5834,5828.0,5.349978244663362,1.7604306559298948,0.5314293871197151,
store\data_saved\phase2_B5D_tight_local_envelope_validation\combined\b5c023_hp48p334_vp0p483_combined.csv,B5D,b5c023_hp48p334_vp0p483_combined,2,48.334,0.483,True,True,17480,True,True,True,True,True,True,False,True,5803,5797.0,0.8409669167485845,6.657984910036021,0.35997972697077785,
store\data_saved\phase2_B5D_tight_local_envelope_validation\case_reports\b5c023_hp48p334_vp0p483\phase2_B5A_hp48p3338m_vp0p483198mps_sp2deg_combined.csv,B5D,phase2_B5A_hp48p3338m_vp0p483198mps_sp2deg_combined,0,48.334,0.483,True,True,17480,True,True,True,True,True,True,False,True,5843,5837.0,0.20511972146414337,0.544187880293066,0.9692326268559555,
store\data_saved\phase2_B5D_tight_local_envelope_validation\case_reports\b5c023_hp48p334_vp0p483\phase2_B5A_hp48p3338m_vp0p483198mps_sp2deg_combined.csv,B5D,phase2_B5A_hp48p3338m_vp0p483198mps_sp2deg_combined,1,48.334,0.483,True,True,17480,True,True,True,True,True,True,False,True,5834,5828.0,5.349978244663362,1.7604306559298948,0.5314293871197151,
store\data_saved\phase2_B5D_tight_local_envelope_validation\case_reports\b5c023_hp48p334_vp0p483\phase2_B5A_hp48p3338m_vp0p483198mps_sp2deg_combined.csv,B5D,phase2_B5A_hp48p3338m_vp0p483198mps_sp2deg_combined,2,48.334,0.483,True,True,17480,True,True,True,True,True,True,False,True,5803,5797.0,0.8409669167485845,6.657984910036021,0.35997972697077785,
store\data_saved\phase2_B5B_mc_pilot\conservative_u3\case_reports\mc003_hp261p140_vm2p836\phase2_B5A_hp261p14m_vm2p83614mps_sp2deg_combined.csv,B5A,phase2_B5A_hp261p14m_vm2p83614mps_sp2deg_combined,0,261.14,-2.836,True,True,17482,True,True,True,True,True,True,False,True,5838,5832.0,5.854552996650455,4.737362255164726,0.3776737418374978,
store\data_saved\phase2_B5B_mc_pilot\conservative_u3\case_reports\mc003_hp261p140_vm2p836\phase2_B5A_hp261p14m_vm2p83614mps_sp2deg_combined.csv,B5A,phase2_B5A_hp261p14m_vm2p83614mps_sp2deg_combined,1,261.14,-2.836,True,True,17482,True,True,True,True,True,True,False,True,5828,5822.0,12.542505269448156,0.7982604547551091,0.4190793408197351,
store\data_saved\phase2_B5B_mc_pilot\conservative_u3\combined\mc003_hp261p140_vm2p836_combined.csv,B5B,mc003_hp261p140_vm2p836_combined,2,261.14,-2.836,True,True,17482,True,True,True,True,True,True,False,True,5816,5809.0,4.127701520090341,1.1759817732151987,0.5173669543582946,
store\data_saved\phase2_B5B_mc_pilot\conservative_u3\case_reports\mc003_hp261p140_vm2p836\phase2_B5A_hp261p14m_vm2p83614mps_sp2deg_combined.csv,B5A,phase2_B5A_hp261p14m_vm2p83614mps_sp2deg_combined,2,261.14,-2.836,True,True,17482,True,True,True,True,True,True,False,True,5816,5809.0,4.127701520090341,1.1759817732151987,0.5173669543582946,
store\data_saved\phase2_B5B_mc_pilot\conservative_u3\combined\mc003_hp261p140_vm2p836_combined.csv,B5B,mc003_hp261p140_vm2p836_combined,0,261.14,-2.836,True,True,17482,True,True,True,True,True,True,False,True,5838,5832.0,5.854552996650455,4.737362255164726,0.3776737418374978,
store\data_saved\phase2_B5B_mc_pilot\conservative_u3\combined\mc003_hp261p140_vm2p836_combined.csv,B5B,mc003_hp261p140_vm2p836_combined,1,261.14,-2.836,True,True,17482,True,True,True,True,True,True,False,True,5828,5822.0,12.542505269448156,0.7982604547551091,0.4190793408197351,
store\data_saved\phase2_B5D_tight_local_envelope_validation\case_reports\b5c016_hp86p233_vm5p063\phase2_B5A_hp86p2328m_vm5p06255mps_sp2deg_combined.csv,B5D,phase2_B5A_hp86p2328m_vm5p06255mps_sp2deg_combined,2,86.233,-5.063,True,True,17483,True,True,True,True,True,True,False,True,5803,5797.0,7.466047989335493,0.37119141426273927,0.08761469495220808,
store\data_saved\phase2_B5D_tight_local_envelope_validation\case_reports\b5c016_hp86p233_vm5p063\phase2_B5A_hp86p2328m_vm5p06255mps_sp2deg_combined.csv,B5D,phase2_B5A_hp86p2328m_vm5p06255mps_sp2deg_combined,1,86.233,-5.063,True,True,17483,True,True,True,True,True,True,False,True,5825,5819.0,11.36223159369547,4.2343375632272,0.8012913073980599,
store\data_saved\phase2_B5D_tight_local_envelope_validation\combined\b5c016_hp86p233_vm5p063_combined.csv,B5D,b5c016_hp86p233_vm5p063_combined,0,86.233,-5.063,True,True,17483,True,True,True,True,True,True,False,True,5855,5849.0,8.287421927227115,1.6643822847543106,0.657816290637129,
store\data_saved\phase2_B5D_tight_local_envelope_validation\combined\b5c016_hp86p233_vm5p063_combined.csv,B5D,b5c016_hp86p233_vm5p063_combined,1,86.233,-5.063,True,True,17483,True,True,True,True,True,True,False,True,5825,5819.0,11.36223159369547,4.2343375632272,0.8012913073980599,
store\data_saved\phase2_B5D_tight_local_envelope_validation\combined\b5c016_hp86p233_vm5p063_combined.csv,B5D,b5c016_hp86p233_vm5p063_combined,2,86.233,-5.063,True,True,17483,True,True,True,True,True,True,False,True,5803,5797.0,7.466047989335493,0.37119141426273927,0.08761469495220808,
store\data_saved\phase2_B5D_tight_local_envelope_validation\case_reports\b5c016_hp86p233_vm5p063\phase2_B5A_hp86p2328m_vm5p06255mps_sp2deg_combined.csv,B5D,phase2_B5A_hp86p2328m_vm5p06255mps_sp2deg_combined,0,86.233,-5.063,True,True,17483,True,True,True,True,True,True,False,True,5855,5849.0,8.287421927227115,1.6643822847543106,0.657816290637129,
store\data_saved\phase2_B5C_local_envelope_validation\case_reports\b5c026_hp229p100_vp3p236\phase2_B5A_hp229p1m_vp3p23582mps_sp2deg_combined.csv,B5A,phase2_B5A_hp229p1m_vp3p23582mps_sp2deg_combined,0,229.1,3.236,True,True,17484,True,True,True,True,True,True,False,True,5846,5840.0,0.2835630711597332,0.5838032580695653,0.2973026073013898,
store\data_saved\phase2_B5C_local_envelope_validation\case_reports\b5c026_hp229p100_vp3p236\phase2_B5A_hp229p1m_vp3p23582mps_sp2deg_combined.csv,B5A,phase2_B5A_hp229p1m_vp3p23582mps_sp2deg_combined,1,229.1,3.236,True,True,17484,True,True,True,True,True,True,False,True,5824,5817.0,0.16395803355044336,1.4891183941319923,0.47949306482769316,
store\data_saved\phase2_B5C_local_envelope_validation\combined\b5c026_hp229p100_vp3p236_combined.csv,B5C,b5c026_hp229p100_vp3p236_combined,0,229.1,3.236,True,True,17484,True,True,True,True,True,True,False,True,5846,5840.0,0.2835630711597332,0.5838032580695653,0.2973026073013898,
store\data_saved\phase2_B5C_local_envelope_validation\case_reports\b5c026_hp229p100_vp3p236\phase2_B5A_hp229p1m_vp3p23582mps_sp2deg_combined.csv,B5A,phase2_B5A_hp229p1m_vp3p23582mps_sp2deg_combined,2,229.1,3.236,True,True,17484,True,True,True,True,True,True,False,True,5814,5807.0,20.97343980415826,0.3824998246695941,0.5072638588244445,
store\data_saved\phase2_B5C_local_envelope_validation\combined\b5c026_hp229p100_vp3p236_combined.csv,B5C,b5c026_hp229p100_vp3p236_combined,2,229.1,3.236,True,True,17484,True,True,True,True,True,True,False,True,5814,5807.0,20.97343980415826,0.3824998246695941,0.5072638588244445,
store\data_saved\phase2_B5C_local_envelope_validation\combined\b5c026_hp229p100_vp3p236_combined.csv,B5C,b5c026_hp229p100_vp3p236_combined,1,229.1,3.236,True,True,17484,True,True,True,True,True,True,False,True,5824,5817.0,0.16395803355044336,1.4891183941319923,0.47949306482769316,
store\data_saved\phase2_B5D_tight_local_envelope_validation\case_reports\b5c028_hp98p422_vm4p869\phase2_B5A_hp98p4217m_vm4p86937mps_sp2deg_combined.csv,B5D,phase2_B5A_hp98p4217m_vm4p86937mps_sp2deg_combined,1,98.422,-4.869,True,True,17485,True,True,True,True,True,True,False,True,5826,5819.0,0.275952149368095,1.5844104179789156,0.14764749678579392,
store\data_saved\phase2_B5D_tight_local_envelope_validation\case_reports\b5c028_hp98p422_vm4p869\phase2_B5A_hp98p4217m_vm4p86937mps_sp2deg_combined.csv,B5D,phase2_B5A_hp98p4217m_vm4p86937mps_sp2deg_combined,0,98.422,-4.869,True,True,17485,True,True,True,True,True,True,False,True,5849,5843.0,1.0431754516066576,1.771791493056753,0.9229695209942292,
store\data_saved\phase2_B5D_tight_local_envelope_validation\case_reports\b5c026_hp216p564_vp2p798\phase2_B5A_hp216p564m_vp2p7985mps_sp2deg_combined.csv,B5D,phase2_B5A_hp216p564m_vp2p7985mps_sp2deg_combined,0,216.564,2.798,True,True,17485,True,True,True,True,True,True,False,True,5851,5845.0,9.18953432860144,0.5982773666698904,0.7216168225932051,
store\data_saved\phase2_B5D_tight_local_envelope_validation\combined\b5c026_hp216p564_vp2p798_combined.csv,B5D,b5c026_hp216p564_vp2p798_combined,1,216.564,2.798,True,True,17485,True,True,True,True,True,True,False,True,5829,5822.0,5.777042278459703,0.5433492687839134,0.28361415248946287,
store\data_saved\phase2_B5D_tight_local_envelope_validation\case_reports\b5c026_hp216p564_vp2p798\phase2_B5A_hp216p564m_vp2p7985mps_sp2deg_combined.csv,B5D,phase2_B5A_hp216p564m_vp2p7985mps_sp2deg_combined,2,216.564,2.798,True,True,17485,True,True,True,True,True,True,False,True,5805,5798.0,13.304781321414339,0.37384970217794944,0.5693749096753891,
store\data_saved\phase2_B5D_tight_local_envelope_validation\combined\b5c028_hp98p422_vm4p869_combined.csv,B5D,b5c028_hp98p422_vm4p869_combined,2,98.422,-4.869,True,True,17485,True,True,True,True,True,True,False,True,5810,5804.0,3.5252485518903995,0.35451294658355437,0.9277607287003775,
store\data_saved\phase2_B5D_tight_local_envelope_validation\combined\b5c028_hp98p422_vm4p869_combined.csv,B5D,b5c028_hp98p422_vm4p869_combined,1,98.422,-4.869,True,True,17485,True,True,True,True,True,True,False,True,5826,5819.0,0.275952149368095,1.5844104179789156,0.14764749678579392,
store\data_saved\phase2_B5D_tight_local_envelope_validation\combined\b5c028_hp98p422_vm4p869_combined.csv,B5D,b5c028_hp98p422_vm4p869_combined,0,98.422,-4.869,True,True,17485,True,True,True,True,True,True,False,True,5849,5843.0,1.0431754516066576,1.771791493056753,0.9229695209942292,
store\data_saved\phase2_B5D_tight_local_envelope_validation\combined\b5c026_hp216p564_vp2p798_combined.csv,B5D,b5c026_hp216p564_vp2p798_combined,2,216.564,2.798,True,True,17485,True,True,True,True,True,True,False,True,5805,5798.0,13.304781321414339,0.37384970217794944,0.5693749096753891,
store\data_saved\phase2_B5D_tight_local_envelope_validation\case_reports\b5c026_hp216p564_vp2p798\phase2_B5A_hp216p564m_vp2p7985mps_sp2deg_combined.csv,B5D,phase2_B5A_hp216p564m_vp2p7985mps_sp2deg_combined,1,216.564,2.798,True,True,17485,True,True,True,True,True,True,False,True,5829,5822.0,5.777042278459703,0.5433492687839134,0.28361415248946287,
store\data_saved\phase2_B5D_tight_local_envelope_validation\combined\b5c026_hp216p564_vp2p798_combined.csv,B5D,b5c026_hp216p564_vp2p798_combined,0,216.564,2.798,True,True,17485,True,True,True,True,True,True,False,True,5851,5845.0,9.18953432860144,0.5982773666698904,0.7216168225932051,
store\data_saved\phase2_B5D_tight_local_envelope_validation\case_reports\b5c028_hp98p422_vm4p869\phase2_B5A_hp98p4217m_vm4p86937mps_sp2deg_combined.csv,B5D,phase2_B5A_hp98p4217m_vm4p86937mps_sp2deg_combined,2,98.422,-4.869,True,True,17485,True,True,True,True,True,True,False,True,5810,5804.0,3.5252485518903995,0.35451294658355437,0.9277607287003775,
store\data_saved\phase2_B5D_tight_local_envelope_validation\case_reports\b5c005_hp157p702_vp5p565\phase2_B5A_hp157p702m_vp5p56514mps_sp2deg_combined.csv,B5D,phase2_B5A_hp157p702m_vp5p56514mps_sp2deg_combined,2,157.702,5.565,True,True,17486,True,True,True,True,True,True,False,True,5813,5807.0,1.2565880914808076,0.3011079565487762,0.5554494311436429,
store\data_saved\phase2_B5B_mc_pilot\conservative_u3\combined\mc005_hm129p202_vp5p606_combined.csv,B5B,mc005_hm129p202_vp5p606_combined,1,-129.202,5.606,False,True,17486,True,True,True,True,True,True,False,True,5825,5818.0,21.765608519148373,0.3468504596519324,0.8688896329476847,
store\data_saved\phase2_B5B_mc_pilot\conservative_u3\case_reports\mc005_hm129p202_vp5p606\phase2_B5A_hm129p202m_vp5p6059mps_sp2deg_combined.csv,B5A,phase2_B5A_hm129p202m_vp5p6059mps_sp2deg_combined,0,-129.202,5.606,False,True,17486,True,True,True,True,True,True,False,True,5847,5841.0,5.150322606223199,2.7800177263964088,0.5005024757701904,
store\data_saved\phase2_B5D_tight_local_envelope_validation\case_reports\b5c005_hp157p702_vp5p565\phase2_B5A_hp157p702m_vp5p56514mps_sp2deg_combined.csv,B5D,phase2_B5A_hp157p702m_vp5p56514mps_sp2deg_combined,1,157.702,5.565,True,True,17486,True,True,True,True,True,True,False,True,5829,5822.0,32.174374355872715,0.4244448915467274,0.19428223914292175,
store\data_saved\phase2_B5B_mc_pilot\conservative_u3\combined\mc005_hm129p202_vp5p606_combined.csv,B5B,mc005_hm129p202_vp5p606_combined,2,-129.202,5.606,False,True,17486,True,True,True,True,True,True,False,True,5814,5807.0,5.895356807639473,0.3550006419663987,0.5188836065426585,
store\data_saved\phase2_B5B_mc_pilot\conservative_u3\case_reports\mc005_hm129p202_vp5p606\phase2_B5A_hm129p202m_vp5p6059mps_sp2deg_combined.csv,B5A,phase2_B5A_hm129p202m_vp5p6059mps_sp2deg_combined,1,-129.202,5.606,False,True,17486,True,True,True,True,True,True,False,True,5825,5818.0,21.765608519148373,0.3468504596519324,0.8688896329476847,
store\data_saved\phase2_B5B_mc_pilot\conservative_u3\combined\mc005_hm129p202_vp5p606_combined.csv,B5B,mc005_hm129p202_vp5p606_combined,0,-129.202,5.606,False,True,17486,True,True,True,True,True,True,False,True,5847,5841.0,5.150322606223199,2.7800177263964088,0.5005024757701904,
store\data_saved\phase2_B5D_tight_local_envelope_validation\combined\b5c005_hp157p702_vp5p565_combined.csv,B5D,b5c005_hp157p702_vp5p565_combined,0,157.702,5.565,True,True,17486,True,True,True,True,True,True,False,True,5844,5838.0,8.357279472376831,3.498641306355921,0.6521479696020833,
store\data_saved\phase2_B5D_tight_local_envelope_validation\combined\b5c005_hp157p702_vp5p565_combined.csv,B5D,b5c005_hp157p702_vp5p565_combined,2,157.702,5.565,True,True,17486,True,True,True,True,True,True,False,True,5813,5807.0,1.2565880914808076,0.3011079565487762,0.5554494311436429,
store\data_saved\phase2_B5D_tight_local_envelope_validation\combined\b5c005_hp157p702_vp5p565_combined.csv,B5D,b5c005_hp157p702_vp5p565_combined,1,157.702,5.565,True,True,17486,True,True,True,True,True,True,False,True,5829,5822.0,32.174374355872715,0.4244448915467274,0.19428223914292175,
store\data_saved\phase2_B5B_mc_pilot\conservative_u3\case_reports\mc005_hm129p202_vp5p606\phase2_B5A_hm129p202m_vp5p6059mps_sp2deg_combined.csv,B5A,phase2_B5A_hm129p202m_vp5p6059mps_sp2deg_combined,2,-129.202,5.606,False,True,17486,True,True,True,True,True,True,False,True,5814,5807.0,5.895356807639473,0.3550006419663987,0.5188836065426585,
store\data_saved\phase2_B5D_tight_local_envelope_validation\case_reports\b5c005_hp157p702_vp5p565\phase2_B5A_hp157p702m_vp5p56514mps_sp2deg_combined.csv,B5D,phase2_B5A_hp157p702m_vp5p56514mps_sp2deg_combined,0,157.702,5.565,True,True,17486,True,True,True,True,True,True,False,True,5844,5838.0,8.357279472376831,3.498641306355921,0.6521479696020833,
store\data_saved\phase2_B5C_local_envelope_validation\case_reports\b5c015_hp122p534_vm2p974\phase2_B5A_hp122p534m_vm2p97359mps_sp2deg_combined.csv,B5A,phase2_B5A_hp122p534m_vm2p97359mps_sp2deg_combined,2,122.534,-2.974,True,True,17487,True,True,True,True,True,True,False,True,5798,5792.0,6.273287981719477,1.1483729544650032,0.510429954432766,
store\data_saved\phase2_B5D_tight_local_envelope_validation\combined\b5c029_hp283p266_vp6p772_combined.csv,B5D,b5c029_hp283p266_vp6p772_combined,1,283.266,6.772,True,True,17487,True,True,True,True,True,True,False,True,5823,5816.0,6.288125875300466,0.34132761279920487,0.21505531384900678,
store\data_saved\phase2_B5D_tight_local_envelope_validation\combined\b5c029_hp283p266_vp6p772_combined.csv,B5D,b5c029_hp283p266_vp6p772_combined,2,283.266,6.772,True,True,17487,True,True,True,True,True,True,False,True,5809,5802.0,32.656032763621624,1.8161638110063905,0.8916656488872832,
store\data_saved\phase2_B5D_tight_local_envelope_validation\case_reports\b5c029_hp283p266_vp6p772\phase2_B5A_hp283p266m_vp6p7722mps_sp2deg_combined.csv,B5D,phase2_B5A_hp283p266m_vp6p7722mps_sp2deg_combined,2,283.266,6.772,True,True,17487,True,True,True,True,True,True,False,True,5809,5802.0,32.656032763621624,1.8161638110063905,0.8916656488872832,
store\data_saved\phase2_B5D_tight_local_envelope_validation\case_reports\b5c032_hp197p674_vm6p911\phase2_B5A_hp197p674m_vm6p91099mps_sp2deg_combined.csv,B5D,phase2_B5A_hp197p674m_vm6p91099mps_sp2deg_combined,2,197.674,-6.911,True,True,17487,True,True,True,True,True,True,False,True,5808,5802.0,0.018290498068381567,0.43271789176083075,0.7182679628676851,
store\data_saved\phase2_B5D_tight_local_envelope_validation\case_reports\b5c029_hp283p266_vp6p772\phase2_B5A_hp283p266m_vp6p7722mps_sp2deg_combined.csv,B5D,phase2_B5A_hp283p266m_vp6p7722mps_sp2deg_combined,0,283.266,6.772,True,True,17487,True,True,True,True,True,True,False,True,5855,5848.0,1.0745709753718984,0.1710084866131183,0.570352179078327,
store\data_saved\phase2_B5C_local_envelope_validation\case_reports\b5c015_hp122p534_vm2p974\phase2_B5A_hp122p534m_vm2p97359mps_sp2deg_combined.csv,B5A,phase2_B5A_hp122p534m_vm2p97359mps_sp2deg_combined,1,122.534,-2.974,True,True,17487,True,True,True,True,True,True,False,True,5829,5823.0,0.3185484161695058,0.47346014073718834,0.4027420882266597,
store\data_saved\phase2_B5D_tight_local_envelope_validation\case_reports\b5c032_hp197p674_vm6p911\phase2_B5A_hp197p674m_vm6p91099mps_sp2deg_combined.csv,B5D,phase2_B5A_hp197p674m_vm6p91099mps_sp2deg_combined,1,197.674,-6.911,True,True,17487,True,True,True,True,True,True,False,True,5828,5822.0,1.934090208302223,3.7124762479450055,0.7395759968931088,
store\data_saved\phase2_B5D_tight_local_envelope_validation\combined\b5c029_hp283p266_vp6p772_combined.csv,B5D,b5c029_hp283p266_vp6p772_combined,0,283.266,6.772,True,True,17487,True,True,True,True,True,True,False,True,5855,5848.0,1.0745709753718984,0.1710084866131183,0.570352179078327,
store\data_saved\phase2_B5D_tight_local_envelope_validation\case_reports\b5c032_hp197p674_vm6p911\phase2_B5A_hp197p674m_vm6p91099mps_sp2deg_combined.csv,B5D,phase2_B5A_hp197p674m_vm6p91099mps_sp2deg_combined,0,197.674,-6.911,True,True,17487,True,True,True,True,True,True,False,True,5851,5845.0,7.103002912248485,2.560382300756828,0.9988282031918061,
store\data_saved\phase2_B5D_tight_local_envelope_validation\combined\b5c032_hp197p674_vm6p911_combined.csv,B5D,b5c032_hp197p674_vm6p911_combined,0,197.674,-6.911,True,True,17487,True,True,True,True,True,True,False,True,5851,5845.0,7.103002912248485,2.560382300756828,0.9988282031918061,
store\data_saved\phase2_B5D_tight_local_envelope_validation\combined\b5c032_hp197p674_vm6p911_combined.csv,B5D,b5c032_hp197p674_vm6p911_combined,1,197.674,-6.911,True,True,17487,True,True,True,True,True,True,False,True,5828,5822.0,1.934090208302223,3.7124762479450055,0.7395759968931088,
store\data_saved\phase2_B5D_tight_local_envelope_validation\combined\b5c032_hp197p674_vm6p911_combined.csv,B5D,b5c032_hp197p674_vm6p911_combined,2,197.674,-6.911,True,True,17487,True,True,True,True,True,True,False,True,5808,5802.0,0.018290498068381567,0.43271789176083075,0.7182679628676851,
store\data_saved\phase2_B5C_local_envelope_validation\case_reports\b5c015_hp122p534_vm2p974\phase2_B5A_hp122p534m_vm2p97359mps_sp2deg_combined.csv,B5A,phase2_B5A_hp122p534m_vm2p97359mps_sp2deg_combined,0,122.534,-2.974,True,True,17487,True,True,True,True,True,True,False,True,5860,5854.0,3.251768433943653,3.1143268198120495,0.13688248374819523,
store\data_saved\phase2_B5C_local_envelope_validation\combined\b5c015_hp122p534_vm2p974_combined.csv,B5C,b5c015_hp122p534_vm2p974_combined,2,122.534,-2.974,True,True,17487,True,True,True,True,True,True,False,True,5798,5792.0,6.273287981719477,1.1483729544650032,0.510429954432766,
store\data_saved\phase2_B5C_local_envelope_validation\combined\b5c015_hp122p534_vm2p974_combined.csv,B5C,b5c015_hp122p534_vm2p974_combined,0,122.534,-2.974,True,True,17487,True,True,True,True,True,True,False,True,5860,5854.0,3.251768433943653,3.1143268198120495,0.13688248374819523,
store\data_saved\phase2_B5D_tight_local_envelope_validation\case_reports\b5c029_hp283p266_vp6p772\phase2_B5A_hp283p266m_vp6p7722mps_sp2deg_combined.csv,B5D,phase2_B5A_hp283p266m_vp6p7722mps_sp2deg_combined,1,283.266,6.772,True,True,17487,True,True,True,True,True,True,False,True,5823,5816.0,6.288125875300466,0.34132761279920487,0.21505531384900678,
store\data_saved\phase2_B5C_local_envelope_validation\combined\b5c015_hp122p534_vm2p974_combined.csv,B5C,b5c015_hp122p534_vm2p974_combined,1,122.534,-2.974,True,True,17487,True,True,True,True,True,True,False,True,5829,5823.0,0.3185484161695058,0.47346014073718834,0.4027420882266597,
store\data_saved\phase2_B5D_tight_local_envelope_validation\case_reports\b5c044_hp440p893_vm6p434\phase2_B5A_hp440p893m_vm6p43439mps_sp2deg_combined.csv,B5D,phase2_B5A_hp440p893m_vm6p43439mps_sp2deg_combined,1,440.893,-6.434,True,True,17488,True,True,True,True,True,True,False,True,5823,5817.0,5.006637601709372,0.6946294148567631,0.7395672543498222,
store\data_saved\phase2_B5D_tight_local_envelope_validation\combined\b5c044_hp440p893_vm6p434_combined.csv,B5D,b5c044_hp440p893_vm6p434_combined,2,440.893,-6.434,True,True,17488,True,True,True,True,True,True,False,True,5812,5805.0,9.64514963981128,0.010269891927919161,0.6098971117535257,
store\data_saved\phase2_B5D_tight_local_envelope_validation\combined\b5c044_hp440p893_vm6p434_combined.csv,B5D,b5c044_hp440p893_vm6p434_combined,1,440.893,-6.434,True,True,17488,True,True,True,True,True,True,False,True,5823,5817.0,5.006637601709372,0.6946294148567631,0.7395672543498222,
store\data_saved\phase2_B5D_tight_local_envelope_validation\case_reports\b5c044_hp440p893_vm6p434\phase2_B5A_hp440p893m_vm6p43439mps_sp2deg_combined.csv,B5D,phase2_B5A_hp440p893m_vm6p43439mps_sp2deg_combined,0,440.893,-6.434,True,True,17488,True,True,True,True,True,True,False,True,5853,5847.0,14.456226585731201,4.369489490826027,0.33269518609449733,
store\data_saved\phase2_B5D_tight_local_envelope_validation\combined\b5c044_hp440p893_vm6p434_combined.csv,B5D,b5c044_hp440p893_vm6p434_combined,0,440.893,-6.434,True,True,17488,True,True,True,True,True,True,False,True,5853,5847.0,14.456226585731201,4.369489490826027,0.33269518609449733,
store\data_saved\phase2_B5D_tight_local_envelope_validation\case_reports\b5c044_hp440p893_vm6p434\phase2_B5A_hp440p893m_vm6p43439mps_sp2deg_combined.csv,B5D,phase2_B5A_hp440p893m_vm6p43439mps_sp2deg_combined,2,440.893,-6.434,True,True,17488,True,True,True,True,True,True,False,True,5812,5805.0,9.64514963981128,0.010269891927919161,0.6098971117535257,
store\data_saved\phase2_B5D_tight_local_envelope_validation\case_reports\b5c046_hp1p809_vm0p086\phase2_B5A_hp1p80927m_vm0p0859789mps_sp2deg_combined.csv,B5D,phase2_B5A_hp1p80927m_vm0p0859789mps_sp2deg_combined,1,1.809,-0.086,True,True,17489,True,True,True,True,True,True,False,True,5821,5815.0,2.2104123651552072,0.7845831059128159,0.10566737489716616,
store\data_saved\phase2_B5B_mc_pilot\conservative_u3\combined\mc006_hp143p865_vm0p634_combined.csv,B5B,mc006_hp143p865_vm0p634_combined,2,143.865,-0.634,True,True,17489,True,True,True,True,True,True,False,True,5814,5808.0,2.1334272748172225,4.107556451283926,0.5252224252035376,
store\data_saved\phase2_B5B_mc_pilot\conservative_u3\combined\mc006_hp143p865_vm0p634_combined.csv,B5B,mc006_hp143p865_vm0p634_combined,1,143.865,-0.634,True,True,17489,True,True,True,True,True,True,False,True,5822,5816.0,8.446248294396355,0.5351379018688931,0.10590854301699437,
store\data_saved\phase2_B5B_mc_pilot\conservative_u3\combined\mc006_hp143p865_vm0p634_combined.csv,B5B,mc006_hp143p865_vm0p634_combined,0,143.865,-0.634,True,True,17489,True,True,True,True,True,True,False,True,5853,5847.0,1.8674604489133344,0.8920359039159393,0.7747952410645667,
store\data_saved\phase2_B5D_tight_local_envelope_validation\combined\b5c046_hp1p809_vm0p086_combined.csv,B5D,b5c046_hp1p809_vm0p086_combined,1,1.809,-0.086,True,True,17489,True,True,True,True,True,True,False,True,5821,5815.0,2.2104123651552072,0.7845831059128159,0.10566737489716616,
store\data_saved\phase2_B5B_mc_pilot\conservative_u3\case_reports\mc006_hp143p865_vm0p634\phase2_B5A_hp143p865m_vm0p634303mps_sp2deg_combined.csv,B5A,phase2_B5A_hp143p865m_vm0p634303mps_sp2deg_combined,2,143.865,-0.634,True,True,17489,True,True,True,True,True,True,False,True,5814,5808.0,2.1334272748172225,4.107556451283926,0.5252224252035376,
store\data_saved\phase2_B5D_tight_local_envelope_validation\combined\b5c046_hp1p809_vm0p086_combined.csv,B5D,b5c046_hp1p809_vm0p086_combined,2,1.809,-0.086,True,True,17489,True,True,True,True,True,True,False,True,5814,5808.0,3.7908022466217517,4.4374830782930985,0.7311388073721901,
store\data_saved\phase2_B5B_mc_pilot\conservative_u3\case_reports\mc006_hp143p865_vm0p634\phase2_B5A_hp143p865m_vm0p634303mps_sp2deg_combined.csv,B5A,phase2_B5A_hp143p865m_vm0p634303mps_sp2deg_combined,0,143.865,-0.634,True,True,17489,True,True,True,True,True,True,False,True,5853,5847.0,1.8674604489133344,0.8920359039159393,0.7747952410645667,
store\data_saved\phase2_B5B_mc_pilot\conservative_u3\case_reports\mc006_hp143p865_vm0p634\phase2_B5A_hp143p865m_vm0p634303mps_sp2deg_combined.csv,B5A,phase2_B5A_hp143p865m_vm0p634303mps_sp2deg_combined,1,143.865,-0.634,True,True,17489,True,True,True,True,True,True,False,True,5822,5816.0,8.446248294396355,0.5351379018688931,0.10590854301699437,
store\data_saved\phase2_B5D_tight_local_envelope_validation\combined\b5c046_hp1p809_vm0p086_combined.csv,B5D,b5c046_hp1p809_vm0p086_combined,0,1.809,-0.086,True,True,17489,True,True,True,True,True,True,False,True,5854,5848.0,9.630906495771342,0.026847203328316027,0.718702400517941,
store\data_saved\phase2_B5D_tight_local_envelope_validation\case_reports\b5c046_hp1p809_vm0p086\phase2_B5A_hp1p80927m_vm0p0859789mps_sp2deg_combined.csv,B5D,phase2_B5A_hp1p80927m_vm0p0859789mps_sp2deg_combined,0,1.809,-0.086,True,True,17489,True,True,True,True,True,True,False,True,5854,5848.0,9.630906495771342,0.026847203328316027,0.718702400517941,
store\data_saved\phase2_B5D_tight_local_envelope_validation\case_reports\b5c046_hp1p809_vm0p086\phase2_B5A_hp1p80927m_vm0p0859789mps_sp2deg_combined.csv,B5D,phase2_B5A_hp1p80927m_vm0p0859789mps_sp2deg_combined,2,1.809,-0.086,True,True,17489,True,True,True,True,True,True,False,True,5814,5808.0,3.7908022466217517,4.4374830782930985,0.7311388073721901,
store\data_saved\phase2_B5D_tight_local_envelope_validation\case_reports\b5c006_hp262p371_vm3p022\phase2_B5A_hp262p371m_vm3p02167mps_sp2deg_combined.csv,B5D,phase2_B5A_hp262p371m_vm3p02167mps_sp2deg_combined,1,262.371,-3.022,True,True,17490,True,True,True,True,True,True,False,True,5827,5820.0,9.351182302743837,0.38059027509802945,0.7598796409874922,
store\data_saved\phase2_B5D_tight_local_envelope_validation\combined\b5c006_hp262p371_vm3p022_combined.csv,B5D,b5c006_hp262p371_vm3p022_combined,0,262.371,-3.022,True,True,17490,True,True,True,True,True,True,False,True,5846,5839.0,1.6588396162369463,1.8966143760596879,0.26044625499343965,
store\data_saved\phase2_B5D_tight_local_envelope_validation\case_reports\b5c006_hp262p371_vm3p022\phase2_B5A_hp262p371m_vm3p02167mps_sp2deg_combined.csv,B5D,phase2_B5A_hp262p371m_vm3p02167mps_sp2deg_combined,2,262.371,-3.022,True,True,17490,True,True,True,True,True,True,False,True,5817,5810.0,8.298046614938357,0.9244323064519904,1.0053972281166352,
store\data_saved\phase2_B5D_tight_local_envelope_validation\combined\b5c006_hp262p371_vm3p022_combined.csv,B5D,b5c006_hp262p371_vm3p022_combined,2,262.371,-3.022,True,True,17490,True,True,True,True,True,True,False,True,5817,5810.0,8.298046614938357,0.9244323064519904,1.0053972281166352,
store\data_saved\phase2_B5D_tight_local_envelope_validation\combined\b5c006_hp262p371_vm3p022_combined.csv,B5D,b5c006_hp262p371_vm3p022_combined,1,262.371,-3.022,True,True,17490,True,True,True,True,True,True,False,True,5827,5820.0,9.351182302743837,0.38059027509802945,0.7598796409874922,
store\data_saved\phase2_B5D_tight_local_envelope_validation\case_reports\b5c006_hp262p371_vm3p022\phase2_B5A_hp262p371m_vm3p02167mps_sp2deg_combined.csv,B5D,phase2_B5A_hp262p371m_vm3p02167mps_sp2deg_combined,0,262.371,-3.022,True,True,17490,True,True,True,True,True,True,False,True,5846,5839.0,1.6588396162369463,1.8966143760596879,0.26044625499343965,
store\data_saved\phase2_B5C_local_envelope_validation\case_reports\b5c017_hp184p675_vm5p902\phase2_B5A_hp184p675m_vm5p90229mps_sp2deg_combined.csv,B5A,phase2_B5A_hp184p675m_vm5p90229mps_sp2deg_combined,2,184.675,-5.902,True,True,17491,True,True,True,True,True,True,False,True,5816,5810.0,4.586102441720868,2.469768646387138,0.0680889669311,
store\data_saved\phase2_B5C_local_envelope_validation\combined\b5c017_hp184p675_vm5p902_combined.csv,B5C,b5c017_hp184p675_vm5p902_combined,2,184.675,-5.902,True,True,17491,True,True,True,True,True,True,False,True,5816,5810.0,4.586102441720868,2.469768646387138,0.0680889669311,
store\data_saved\phase2_B5C_local_envelope_validation\combined\b5c017_hp184p675_vm5p902_combined.csv,B5C,b5c017_hp184p675_vm5p902_combined,1,184.675,-5.902,True,True,17491,True,True,True,True,True,True,False,True,5823,5816.0,5.381683222251013,0.0714233394276107,0.05746777854801621,
store\data_saved\phase2_B5C_local_envelope_validation\case_reports\b5c017_hp184p675_vm5p902\phase2_B5A_hp184p675m_vm5p90229mps_sp2deg_combined.csv,B5A,phase2_B5A_hp184p675m_vm5p90229mps_sp2deg_combined,0,184.675,-5.902,True,True,17491,True,True,True,True,True,True,False,True,5852,5846.0,10.361804697280604,0.6762960693990863,0.4006877263309434,
store\data_saved\phase2_B5C_local_envelope_validation\case_reports\b5c017_hp184p675_vm5p902\phase2_B5A_hp184p675m_vm5p90229mps_sp2deg_combined.csv,B5A,phase2_B5A_hp184p675m_vm5p90229mps_sp2deg_combined,1,184.675,-5.902,True,True,17491,True,True,True,True,True,True,False,True,5823,5816.0,5.381683222251013,0.0714233394276107,0.05746777854801621,
store\data_saved\phase2_B5C_local_envelope_validation\combined\b5c017_hp184p675_vm5p902_combined.csv,B5C,b5c017_hp184p675_vm5p902_combined,0,184.675,-5.902,True,True,17491,True,True,True,True,True,True,False,True,5852,5846.0,10.361804697280604,0.6762960693990863,0.4006877263309434,
store\data_saved\phase2_B3A_heading_spread_report\phase2_B3A_spread_1deg_combined.csv,B3,phase2_B3A_spread_1deg_combined,1,,,,True,17492,True,True,True,True,True,True,False,True,5834,5828.0,0.4972516618290683,0.5890364176959793,0.5568661253710161,
store\data_saved\phase2_B3A_heading_spread_report\phase2_B3A_spread_1deg_combined.csv,B3,phase2_B3A_spread_1deg_combined,0,,,,True,17492,True,True,True,True,True,True,False,True,5842,5836.0,7.830760032182297,0.5965998720696462,0.30182914429315133,
store\data_saved\phase2_B3A_heading_spread_report\phase2_B3A_spread_1deg_combined.csv,B3,phase2_B3A_spread_1deg_combined,2,,,,True,17492,True,True,True,True,True,True,False,True,5816,5809.0,0.74834126159476,0.8536454978006986,0.44102047818887513,
store\data_saved\phase2_B5C_local_envelope_validation\case_reports\b5c008_hp195p154_vm9p360\phase2_B5A_hp195p154m_vm9p35963mps_sp2deg_combined.csv,B5A,phase2_B5A_hp195p154m_vm9p35963mps_sp2deg_combined,2,195.154,-9.36,True,True,17494,True,True,True,True,True,True,False,True,5819,5812.0,1.975527487218642,1.495836022618505,0.6110524489049567,
store\data_saved\phase2_B5C_local_envelope_validation\combined\b5c025_hp301p310_vp8p988_combined.csv,B5C,b5c025_hp301p310_vp8p988_combined,2,301.31,8.988,True,True,17494,True,True,True,True,True,True,False,True,5808,5800.0,8.202048138988175,1.5882367245415026,0.832417171652196,
store\data_saved\phase2_B5C_local_envelope_validation\case_reports\b5c027_hp17p447_vm0p662\phase2_B5A_hp17p4472m_vm0p661801mps_sp2deg_combined.csv,B5A,phase2_B5A_hp17p4472m_vm0p661801mps_sp2deg_combined,2,17.447,-0.662,True,True,17494,True,True,True,True,True,True,False,True,5806,5800.0,4.434079778111482,6.713542069040841,0.9316633160124184,
store\data_saved\phase2_B5C_local_envelope_validation\case_reports\b5c027_hp17p447_vm0p662\phase2_B5A_hp17p4472m_vm0p661801mps_sp2deg_combined.csv,B5A,phase2_B5A_hp17p4472m_vm0p661801mps_sp2deg_combined,1,17.447,-0.662,True,True,17494,True,True,True,True,True,True,False,True,5834,5828.0,1.463269587871764,0.8619400136763034,0.5851829484672635,
store\data_saved\phase2_B5C_local_envelope_validation\case_reports\b5c027_hp17p447_vm0p662\phase2_B5A_hp17p4472m_vm0p661801mps_sp2deg_combined.csv,B5A,phase2_B5A_hp17p4472m_vm0p661801mps_sp2deg_combined,0,17.447,-0.662,True,True,17494,True,True,True,True,True,True,False,True,5854,5848.0,1.8512760328885633,2.455306970638958,0.7339647936969413,
store\data_saved\phase2_B5C_local_envelope_validation\combined\b5c025_hp301p310_vp8p988_combined.csv,B5C,b5c025_hp301p310_vp8p988_combined,0,301.31,8.988,True,True,17494,True,True,True,True,True,True,False,True,5851,5844.0,0.5210732908126374,0.7068402859599701,0.1246930860215798,
store\data_saved\phase2_B5C_local_envelope_validation\combined\b5c027_hp17p447_vm0p662_combined.csv,B5C,b5c027_hp17p447_vm0p662_combined,2,17.447,-0.662,True,True,17494,True,True,True,True,True,True,False,True,5806,5800.0,4.434079778111482,6.713542069040841,0.9316633160124184,
store\data_saved\phase2_B5C_local_envelope_validation\combined\b5c027_hp17p447_vm0p662_combined.csv,B5C,b5c027_hp17p447_vm0p662_combined,1,17.447,-0.662,True,True,17494,True,True,True,True,True,True,False,True,5834,5828.0,1.463269587871764,0.8619400136763034,0.5851829484672635,
store\data_saved\phase2_B5C_local_envelope_validation\case_reports\b5c008_hp195p154_vm9p360\phase2_B5A_hp195p154m_vm9p35963mps_sp2deg_combined.csv,B5A,phase2_B5A_hp195p154m_vm9p35963mps_sp2deg_combined,0,195.154,-9.36,True,True,17494,True,True,True,True,True,True,False,True,5852,5846.0,15.576158506421052,0.486899556715116,0.5329756713326788,
store\data_saved\phase2_B5C_local_envelope_validation\case_reports\b5c008_hp195p154_vm9p360\phase2_B5A_hp195p154m_vm9p35963mps_sp2deg_combined.csv,B5A,phase2_B5A_hp195p154m_vm9p35963mps_sp2deg_combined,1,195.154,-9.36,True,True,17494,True,True,True,True,True,True,False,True,5823,5817.0,1.1032310967457306,1.6543767369807938,0.13031014975422295,
store\data_saved\phase2_B5B_mc_pilot\conservative_u3\case_reports\mc026_hp286p924_vm10p109\phase2_B5A_hp286p924m_vm10p1089mps_sp2deg_combined.csv,B5A,phase2_B5A_hp286p924m_vm10p1089mps_sp2deg_combined,0,286.924,-10.109,False,True,17494,True,True,True,True,True,True,False,True,5841,5835.0,1.2589878490471165,1.686787811612021,0.0550580595881911,
store\data_saved\phase2_B5C_local_envelope_validation\combined\b5c025_hp301p310_vp8p988_combined.csv,B5C,b5c025_hp301p310_vp8p988_combined,1,301.31,8.988,True,True,17494,True,True,True,True,True,True,False,True,5835,5828.0,8.956536713350943,2.0020535663691135,0.5840360256770509,
store\data_saved\phase2_B5C_local_envelope_validation\combined\b5c008_hp195p154_vm9p360_combined.csv,B5C,b5c008_hp195p154_vm9p360_combined,2,195.154,-9.36,True,True,17494,True,True,True,True,True,True,False,True,5819,5812.0,1.975527487218642,1.495836022618505,0.6110524489049567,
store\data_saved\phase2_B5C_local_envelope_validation\combined\b5c008_hp195p154_vm9p360_combined.csv,B5C,b5c008_hp195p154_vm9p360_combined,1,195.154,-9.36,True,True,17494,True,True,True,True,True,True,False,True,5823,5817.0,1.1032310967457306,1.6543767369807938,0.13031014975422295,
store\data_saved\phase2_B5C_local_envelope_validation\combined\b5c008_hp195p154_vm9p360_combined.csv,B5C,b5c008_hp195p154_vm9p360_combined,0,195.154,-9.36,True,True,17494,True,True,True,True,True,True,False,True,5852,5846.0,15.576158506421052,0.486899556715116,0.5329756713326788,
store\data_saved\phase2_B5B_mc_pilot\conservative_u3\combined\mc026_hp286p924_vm10p109_combined.csv,B5B,mc026_hp286p924_vm10p109_combined,2,286.924,-10.109,False,True,17494,True,True,True,True,True,True,False,True,5813,5807.0,1.1278232412805664,0.6586597188359065,0.5280455254833214,
store\data_saved\phase2_B5C_local_envelope_validation\case_reports\b5c025_hp301p310_vp8p988\phase2_B5A_hp301p31m_vp8p98796mps_sp2deg_combined.csv,B5A,phase2_B5A_hp301p31m_vp8p98796mps_sp2deg_combined,2,301.31,8.988,True,True,17494,True,True,True,True,True,True,False,True,5808,5800.0,8.202048138988175,1.5882367245415026,0.832417171652196,
store\data_saved\phase2_B5C_local_envelope_validation\case_reports\b5c025_hp301p310_vp8p988\phase2_B5A_hp301p31m_vp8p98796mps_sp2deg_combined.csv,B5A,phase2_B5A_hp301p31m_vp8p98796mps_sp2deg_combined,1,301.31,8.988,True,True,17494,True,True,True,True,True,True,False,True,5835,5828.0,8.956536713350943,2.0020535663691135,0.5840360256770509,
store\data_saved\phase2_B5C_local_envelope_validation\case_reports\b5c025_hp301p310_vp8p988\phase2_B5A_hp301p31m_vp8p98796mps_sp2deg_combined.csv,B5A,phase2_B5A_hp301p31m_vp8p98796mps_sp2deg_combined,0,301.31,8.988,True,True,17494,True,True,True,True,True,True,False,True,5851,5844.0,0.5210732908126374,0.7068402859599701,0.1246930860215798,
store\data_saved\phase2_B5B_mc_pilot\conservative_u3\combined\mc026_hp286p924_vm10p109_combined.csv,B5B,mc026_hp286p924_vm10p109_combined,1,286.924,-10.109,False,True,17494,True,True,True,True,True,True,False,True,5840,5834.0,15.697645186457521,2.132059186735205,0.08986231183371274,
store\data_saved\phase2_B5B_mc_pilot\conservative_u3\case_reports\mc026_hp286p924_vm10p109\phase2_B5A_hp286p924m_vm10p1089mps_sp2deg_combined.csv,B5A,phase2_B5A_hp286p924m_vm10p1089mps_sp2deg_combined,1,286.924,-10.109,False,True,17494,True,True,True,True,True,True,False,True,5840,5834.0,15.697645186457521,2.132059186735205,0.08986231183371274,
store\data_saved\phase2_B5B_mc_pilot\conservative_u3\case_reports\mc026_hp286p924_vm10p109\phase2_B5A_hp286p924m_vm10p1089mps_sp2deg_combined.csv,B5A,phase2_B5A_hp286p924m_vm10p1089mps_sp2deg_combined,2,286.924,-10.109,False,True,17494,True,True,True,True,True,True,False,True,5813,5807.0,1.1278232412805664,0.6586597188359065,0.5280455254833214,
store\data_saved\phase2_B5B_mc_pilot\conservative_u3\combined\mc026_hp286p924_vm10p109_combined.csv,B5B,mc026_hp286p924_vm10p109_combined,0,286.924,-10.109,False,True,17494,True,True,True,True,True,True,False,True,5841,5835.0,1.2589878490471165,1.686787811612021,0.0550580595881911,
store\data_saved\phase2_B5C_local_envelope_validation\combined\b5c027_hp17p447_vm0p662_combined.csv,B5C,b5c027_hp17p447_vm0p662_combined,0,17.447,-0.662,True,True,17494,True,True,True,True,True,True,False,True,5854,5848.0,1.8512760328885633,2.455306970638958,0.7339647936969413,
store\data_saved\phase2_B5D_tight_local_envelope_validation\case_reports\b5c007_hp278p652_vm0p283\phase2_B5A_hp278p652m_vm0p282673mps_sp2deg_combined.csv,B5D,phase2_B5A_hp278p652m_vm0p282673mps_sp2deg_combined,0,278.652,-0.283,True,True,17495,True,True,True,True,True,True,False,True,5849,5842.0,4.309693995841371,1.349802285125179,0.3154769678512821,
store\data_saved\phase2_B5D_tight_local_envelope_validation\case_reports\b5c007_hp278p652_vm0p283\phase2_B5A_hp278p652m_vm0p282673mps_sp2deg_combined.csv,B5D,phase2_B5A_hp278p652m_vm0p282673mps_sp2deg_combined,1,278.652,-0.283,True,True,17495,True,True,True,True,True,True,False,True,5827,5821.0,3.496130085801269,0.5952320925543972,0.4408946583425859,
store\data_saved\phase2_B5D_tight_local_envelope_validation\combined\b5c014_hp190p148_vm1p949_combined.csv,B5D,b5c014_hp190p148_vm1p949_combined,1,190.148,-1.949,True,True,17495,True,True,True,True,True,True,False,True,5837,5831.0,1.0903580218400748,0.5915402437560715,0.7612558996333973,
store\data_saved\phase2_B5D_tight_local_envelope_validation\combined\b5c014_hp190p148_vm1p949_combined.csv,B5D,b5c014_hp190p148_vm1p949_combined,0,190.148,-1.949,True,True,17495,True,True,True,True,True,True,False,True,5839,5833.0,1.373486220552877,0.0038274702249054826,0.11295861273538321,
store\data_saved\phase2_B5D_tight_local_envelope_validation\combined\b5c007_hp278p652_vm0p283_combined.csv,B5D,b5c007_hp278p652_vm0p283_combined,2,278.652,-0.283,True,True,17495,True,True,True,True,True,True,False,True,5819,5812.0,1.460093679430429,1.0836257805256082,0.4071987455681665,
store\data_saved\phase2_B5C_local_envelope_validation\case_reports\b5c001_hp392p403_vm2p262\phase2_B5A_hp392p403m_vm2p26165mps_sp2deg_combined.csv,B5A,phase2_B5A_hp392p403m_vm2p26165mps_sp2deg_combined,1,392.403,-2.262,True,True,17495,True,True,True,True,True,True,False,True,5823,5817.0,0.6777319877110131,0.5288968810712049,0.31847622952773236,
store\data_saved\phase2_B5C_local_envelope_validation\combined\b5c001_hp392p403_vm2p262_combined.csv,B5C,b5c001_hp392p403_vm2p262_combined,0,392.403,-2.262,True,True,17495,True,True,True,True,True,True,False,True,5854,5848.0,5.9227844000197365,0.02371163795760367,0.6486035505440668,
store\data_saved\phase2_B5C_local_envelope_validation\combined\b5c001_hp392p403_vm2p262_combined.csv,B5C,b5c001_hp392p403_vm2p262_combined,1,392.403,-2.262,True,True,17495,True,True,True,True,True,True,False,True,5823,5817.0,0.6777319877110131,0.5288968810712049,0.31847622952773236,
store\data_saved\phase2_B5C_local_envelope_validation\combined\b5c002_hp147p164_vp7p682_combined.csv,B5C,b5c002_hp147p164_vp7p682_combined,2,147.164,7.682,True,True,17495,True,True,True,True,True,True,False,True,5814,5807.0,31.78014017897658,2.241929336553085,1.0267378509233822,
store\data_saved\phase2_B5C_local_envelope_validation\case_reports\b5c001_hp392p403_vm2p262\phase2_B5A_hp392p403m_vm2p26165mps_sp2deg_combined.csv,B5A,phase2_B5A_hp392p403m_vm2p26165mps_sp2deg_combined,2,392.403,-2.262,True,True,17495,True,True,True,True,True,True,False,True,5818,5812.0,4.157819030697283,0.8265804598208888,0.9210212592297466,
store\data_saved\phase2_B5D_tight_local_envelope_validation\case_reports\b5c014_hp190p148_vm1p949\phase2_B5A_hp190p148m_vm1p94853mps_sp2deg_combined.csv,B5D,phase2_B5A_hp190p148m_vm1p94853mps_sp2deg_combined,1,190.148,-1.949,True,True,17495,True,True,True,True,True,True,False,True,5837,5831.0,1.0903580218400748,0.5915402437560715,0.7612558996333973,
store\data_saved\phase2_B5C_local_envelope_validation\combined\b5c002_hp147p164_vp7p682_combined.csv,B5C,b5c002_hp147p164_vp7p682_combined,0,147.164,7.682,True,True,17495,True,True,True,True,True,True,False,True,5857,5850.0,3.3228445650165668,2.3946569292807,0.8355976073435158,
store\data_saved\phase2_B5C_local_envelope_validation\combined\b5c002_hp147p164_vp7p682_combined.csv,B5C,b5c002_hp147p164_vp7p682_combined,1,147.164,7.682,True,True,17495,True,True,True,True,True,True,False,True,5824,5817.0,15.928768993879203,0.3757984236892753,0.08344660673901672,
store\data_saved\phase2_B5D_tight_local_envelope_validation\case_reports\b5c014_hp190p148_vm1p949\phase2_B5A_hp190p148m_vm1p94853mps_sp2deg_combined.csv,B5D,phase2_B5A_hp190p148m_vm1p94853mps_sp2deg_combined,0,190.148,-1.949,True,True,17495,True,True,True,True,True,True,False,True,5839,5833.0,1.373486220552877,0.0038274702249054826,0.11295861273538321,
store\data_saved\phase2_B5D_tight_local_envelope_validation\combined\b5c007_hp278p652_vm0p283_combined.csv,B5D,b5c007_hp278p652_vm0p283_combined,1,278.652,-0.283,True,True,17495,True,True,True,True,True,True,False,True,5827,5821.0,3.496130085801269,0.5952320925543972,0.4408946583425859,
store\data_saved\phase2_B5D_tight_local_envelope_validation\combined\b5c014_hp190p148_vm1p949_combined.csv,B5D,b5c014_hp190p148_vm1p949_combined,2,190.148,-1.949,True,True,17495,True,True,True,True,True,True,False,True,5819,5813.0,3.5592954522107902,0.3818591280548844,0.4588778500256012,
store\data_saved\phase2_B5D_tight_local_envelope_validation\combined\b5c007_hp278p652_vm0p283_combined.csv,B5D,b5c007_hp278p652_vm0p283_combined,0,278.652,-0.283,True,True,17495,True,True,True,True,True,True,False,True,5849,5842.0,4.309693995841371,1.349802285125179,0.3154769678512821,
store\data_saved\phase2_B5D_tight_local_envelope_validation\case_reports\b5c014_hp190p148_vm1p949\phase2_B5A_hp190p148m_vm1p94853mps_sp2deg_combined.csv,B5D,phase2_B5A_hp190p148m_vm1p94853mps_sp2deg_combined,2,190.148,-1.949,True,True,17495,True,True,True,True,True,True,False,True,5819,5813.0,3.5592954522107902,0.3818591280548844,0.4588778500256012,
store\data_saved\phase2_B5D_tight_local_envelope_validation\case_reports\b5c007_hp278p652_vm0p283\phase2_B5A_hp278p652m_vm0p282673mps_sp2deg_combined.csv,B5D,phase2_B5A_hp278p652m_vm0p282673mps_sp2deg_combined,2,278.652,-0.283,True,True,17495,True,True,True,True,True,True,False,True,5819,5812.0,1.460093679430429,1.0836257805256082,0.4071987455681665,
store\data_saved\phase2_B5C_local_envelope_validation\combined\b5c001_hp392p403_vm2p262_combined.csv,B5C,b5c001_hp392p403_vm2p262_combined,2,392.403,-2.262,True,True,17495,True,True,True,True,True,True,False,True,5818,5812.0,4.157819030697283,0.8265804598208888,0.9210212592297466,
store\data_saved\phase2_B5C_local_envelope_validation\case_reports\b5c001_hp392p403_vm2p262\phase2_B5A_hp392p403m_vm2p26165mps_sp2deg_combined.csv,B5A,phase2_B5A_hp392p403m_vm2p26165mps_sp2deg_combined,0,392.403,-2.262,True,True,17495,True,True,True,True,True,True,False,True,5854,5848.0,5.9227844000197365,0.02371163795760367,0.6486035505440668,
store\data_saved\phase2_B5C_local_envelope_validation\case_reports\b5c002_hp147p164_vp7p682\phase2_B5A_hp147p164m_vp7p68177mps_sp2deg_combined.csv,B5A,phase2_B5A_hp147p164m_vp7p68177mps_sp2deg_combined,2,147.164,7.682,True,True,17495,True,True,True,True,True,True,False,True,5814,5807.0,31.78014017897658,2.241929336553085,1.0267378509233822,
store\data_saved\phase2_B5C_local_envelope_validation\case_reports\b5c002_hp147p164_vp7p682\phase2_B5A_hp147p164m_vp7p68177mps_sp2deg_combined.csv,B5A,phase2_B5A_hp147p164m_vp7p68177mps_sp2deg_combined,0,147.164,7.682,True,True,17495,True,True,True,True,True,True,False,True,5857,5850.0,3.3228445650165668,2.3946569292807,0.8355976073435158,
store\data_saved\phase2_B5C_local_envelope_validation\case_reports\b5c002_hp147p164_vp7p682\phase2_B5A_hp147p164m_vp7p68177mps_sp2deg_combined.csv,B5A,phase2_B5A_hp147p164m_vp7p68177mps_sp2deg_combined,1,147.164,7.682,True,True,17495,True,True,True,True,True,True,False,True,5824,5817.0,15.928768993879203,0.3757984236892753,0.08344660673901672,
store\data_saved\phase2_B5D_tight_local_envelope_validation\combined\b5c034_hp332p074_vm5p639_combined.csv,B5D,b5c034_hp332p074_vm5p639_combined,2,332.074,-5.639,True,True,17496,True,True,True,True,True,True,False,True,5809,5803.0,4.605736424899078,0.3563244369820495,0.1556776585202897,
store\data_saved\phase2_B5C_local_envelope_validation\case_reports\b5c018_hp258p913_vp7p057\phase2_B5A_hp258p913m_vp7p0568mps_sp2deg_combined.csv,B5A,phase2_B5A_hp258p913m_vp7p0568mps_sp2deg_combined,2,258.913,7.057,True,True,17496,True,True,True,True,True,True,False,True,5821,5815.0,22.881897825624037,1.901027863385707,1.00998194875865,
store\data_saved\phase2_B5D_tight_local_envelope_validation\combined\b5c034_hp332p074_vm5p639_combined.csv,B5D,b5c034_hp332p074_vm5p639_combined,1,332.074,-5.639,True,True,17496,True,True,True,True,True,True,False,True,5829,5823.0,6.610003356181551,4.240473298629922,0.6872116736485623,
store\data_saved\phase2_B5C_local_envelope_validation\case_reports\b5c018_hp258p913_vp7p057\phase2_B5A_hp258p913m_vp7p0568mps_sp2deg_combined.csv,B5A,phase2_B5A_hp258p913m_vp7p0568mps_sp2deg_combined,1,258.913,7.057,True,True,17496,True,True,True,True,True,True,False,True,5822,5815.0,15.989621481348877,0.55188928696316,0.34850119212205755,
store\data_saved\phase2_B5C_local_envelope_validation\combined\b5c018_hp258p913_vp7p057_combined.csv,B5C,b5c018_hp258p913_vp7p057_combined,2,258.913,7.057,True,True,17496,True,True,True,True,True,True,False,True,5821,5815.0,22.881897825624037,1.901027863385707,1.00998194875865,
store\data_saved\phase2_B5D_tight_local_envelope_validation\case_reports\b5c034_hp332p074_vm5p639\phase2_B5A_hp332p074m_vm5p63856mps_sp2deg_combined.csv,B5D,phase2_B5A_hp332p074m_vm5p63856mps_sp2deg_combined,1,332.074,-5.639,True,True,17496,True,True,True,True,True,True,False,True,5829,5823.0,6.610003356181551,4.240473298629922,0.6872116736485623,
store\data_saved\phase2_B5C_local_envelope_validation\combined\b5c018_hp258p913_vp7p057_combined.csv,B5C,b5c018_hp258p913_vp7p057_combined,0,258.913,7.057,True,True,17496,True,True,True,True,True,True,False,True,5853,5846.0,14.416872558209434,1.2242239222337048,0.7356131890701363,
store\data_saved\phase2_B5C_local_envelope_validation\case_reports\b5c018_hp258p913_vp7p057\phase2_B5A_hp258p913m_vp7p0568mps_sp2deg_combined.csv,B5A,phase2_B5A_hp258p913m_vp7p0568mps_sp2deg_combined,0,258.913,7.057,True,True,17496,True,True,True,True,True,True,False,True,5853,5846.0,14.416872558209434,1.2242239222337048,0.7356131890701363,
store\data_saved\phase2_B5C_local_envelope_validation\combined\b5c018_hp258p913_vp7p057_combined.csv,B5C,b5c018_hp258p913_vp7p057_combined,1,258.913,7.057,True,True,17496,True,True,True,True,True,True,False,True,5822,5815.0,15.989621481348877,0.55188928696316,0.34850119212205755,
store\data_saved\phase2_B5D_tight_local_envelope_validation\case_reports\b5c034_hp332p074_vm5p639\phase2_B5A_hp332p074m_vm5p63856mps_sp2deg_combined.csv,B5D,phase2_B5A_hp332p074m_vm5p63856mps_sp2deg_combined,0,332.074,-5.639,True,True,17496,True,True,True,True,True,True,False,True,5858,5852.0,5.934184937959799,1.5796838028484217,0.47326242042618105,
store\data_saved\phase2_B5D_tight_local_envelope_validation\case_reports\b5c034_hp332p074_vm5p639\phase2_B5A_hp332p074m_vm5p63856mps_sp2deg_combined.csv,B5D,phase2_B5A_hp332p074m_vm5p63856mps_sp2deg_combined,2,332.074,-5.639,True,True,17496,True,True,True,True,True,True,False,True,5809,5803.0,4.605736424899078,0.3563244369820495,0.1556776585202897,
store\data_saved\phase2_B5D_tight_local_envelope_validation\combined\b5c034_hp332p074_vm5p639_combined.csv,B5D,b5c034_hp332p074_vm5p639_combined,0,332.074,-5.639,True,True,17496,True,True,True,True,True,True,False,True,5858,5852.0,5.934184937959799,1.5796838028484217,0.47326242042618105,
store\data_saved\phase2_B5C_local_envelope_validation\combined\b5c019_hp357p148_vm8p056_combined.csv,B5C,b5c019_hp357p148_vm8p056_combined,0,357.148,-8.056,True,True,17497,True,True,True,True,True,True,False,True,5860,5854.0,3.1270457549871935,0.5171198716609524,0.3304962492766208,
store\data_saved\phase2_B5D_tight_local_envelope_validation\case_reports\b5c004_hp106p199_vp8p290\phase2_B5A_hp106p199m_vp8p29006mps_sp2deg_combined.csv,B5D,phase2_B5A_hp106p199m_vp8p29006mps_sp2deg_combined,0,106.199,8.29,True,True,17497,True,True,True,True,True,True,False,True,5858,5852.0,18.15695914387834,0.833287125896959,0.6401124816766242,
store\data_saved\phase2_B5C_local_envelope_validation\case_reports\b5c019_hp357p148_vm8p056\phase2_B5A_hp357p148m_vm8p05586mps_sp2deg_combined.csv,B5A,phase2_B5A_hp357p148m_vm8p05586mps_sp2deg_combined,2,357.148,-8.056,True,True,17497,True,True,True,True,True,True,False,True,5803,5796.0,10.696009589100868,1.5504746283704662,0.7921565054275561,
store\data_saved\phase2_B5D_tight_local_envelope_validation\case_reports\b5c004_hp106p199_vp8p290\phase2_B5A_hp106p199m_vp8p29006mps_sp2deg_combined.csv,B5D,phase2_B5A_hp106p199m_vp8p29006mps_sp2deg_combined,1,106.199,8.29,True,True,17497,True,True,True,True,True,True,False,True,5831,5824.0,23.695124004600075,3.070590876062397,0.17153265487286262,
store\data_saved\phase2_B5D_tight_local_envelope_validation\case_reports\b5c004_hp106p199_vp8p290\phase2_B5A_hp106p199m_vp8p29006mps_sp2deg_combined.csv,B5D,phase2_B5A_hp106p199m_vp8p29006mps_sp2deg_combined,2,106.199,8.29,True,True,17497,True,True,True,True,True,True,False,True,5808,5801.0,31.737186003974784,2.424345193016052,0.06494061028206488,
store\data_saved\phase2_B5D_tight_local_envelope_validation\combined\b5c003_hp281p755_vp6p735_combined.csv,B5D,b5c003_hp281p755_vp6p735_combined,1,281.755,6.735,True,True,17497,True,True,True,True,True,True,False,True,5829,5822.0,8.019028361519304,0.32850640443757584,0.5027466174433357,
store\data_saved\phase2_B5D_tight_local_envelope_validation\combined\b5c003_hp281p755_vp6p735_combined.csv,B5D,b5c003_hp281p755_vp6p735_combined,0,281.755,6.735,True,True,17497,True,True,True,True,True,True,False,True,5863,5856.0,0.4605208535504062,1.1286496176439869,0.3607880794806988,
store\data_saved\phase2_B5C_local_envelope_validation\case_reports\b5c019_hp357p148_vm8p056\phase2_B5A_hp357p148m_vm8p05586mps_sp2deg_combined.csv,B5A,phase2_B5A_hp357p148m_vm8p05586mps_sp2deg_combined,1,357.148,-8.056,True,True,17497,True,True,True,True,True,True,False,True,5834,5828.0,0.9152241026931733,1.660699786590385,0.028029464498104062,
store\data_saved\phase2_B5C_local_envelope_validation\combined\b5c019_hp357p148_vm8p056_combined.csv,B5C,b5c019_hp357p148_vm8p056_combined,2,357.148,-8.056,True,True,17497,True,True,True,True,True,True,False,True,5803,5796.0,10.696009589100868,1.5504746283704662,0.7921565054275561,
store\data_saved\phase2_B5D_tight_local_envelope_validation\combined\b5c004_hp106p199_vp8p290_combined.csv,B5D,b5c004_hp106p199_vp8p290_combined,0,106.199,8.29,True,True,17497,True,True,True,True,True,True,False,True,5858,5852.0,18.15695914387834,0.833287125896959,0.6401124816766242,
store\data_saved\phase2_B5C_local_envelope_validation\case_reports\b5c019_hp357p148_vm8p056\phase2_B5A_hp357p148m_vm8p05586mps_sp2deg_combined.csv,B5A,phase2_B5A_hp357p148m_vm8p05586mps_sp2deg_combined,0,357.148,-8.056,True,True,17497,True,True,True,True,True,True,False,True,5860,5854.0,3.1270457549871935,0.5171198716609524,0.3304962492766208,
store\data_saved\phase2_B5D_tight_local_envelope_validation\combined\b5c004_hp106p199_vp8p290_combined.csv,B5D,b5c004_hp106p199_vp8p290_combined,1,106.199,8.29,True,True,17497,True,True,True,True,True,True,False,True,5831,5824.0,23.695124004600075,3.070590876062397,0.17153265487286262,
store\data_saved\phase2_B5D_tight_local_envelope_validation\combined\b5c004_hp106p199_vp8p290_combined.csv,B5D,b5c004_hp106p199_vp8p290_combined,2,106.199,8.29,True,True,17497,True,True,True,True,True,True,False,True,5808,5801.0,31.737186003974784,2.424345193016052,0.06494061028206488,
store\data_saved\phase2_B5C_local_envelope_validation\combined\b5c019_hp357p148_vm8p056_combined.csv,B5C,b5c019_hp357p148_vm8p056_combined,1,357.148,-8.056,True,True,17497,True,True,True,True,True,True,False,True,5834,5828.0,0.9152241026931733,1.660699786590385,0.028029464498104062,
store\data_saved\phase2_B5D_tight_local_envelope_validation\case_reports\b5c003_hp281p755_vp6p735\phase2_B5A_hp281p755m_vp6p73478mps_sp2deg_combined.csv,B5D,phase2_B5A_hp281p755m_vp6p73478mps_sp2deg_combined,0,281.755,6.735,True,True,17497,True,True,True,True,True,True,False,True,5863,5856.0,0.4605208535504062,1.1286496176439869,0.3607880794806988,
store\data_saved\phase2_B5D_tight_local_envelope_validation\case_reports\b5c003_hp281p755_vp6p735\phase2_B5A_hp281p755m_vp6p73478mps_sp2deg_combined.csv,B5D,phase2_B5A_hp281p755m_vp6p73478mps_sp2deg_combined,1,281.755,6.735,True,True,17497,True,True,True,True,True,True,False,True,5829,5822.0,8.019028361519304,0.32850640443757584,0.5027466174433357,
store\data_saved\phase2_B5D_tight_local_envelope_validation\combined\b5c003_hp281p755_vp6p735_combined.csv,B5D,b5c003_hp281p755_vp6p735_combined,2,281.755,6.735,True,True,17497,True,True,True,True,True,True,False,True,5805,5798.0,34.34214700128723,1.807535990262295,0.08774958206049632,
store\data_saved\phase2_B5D_tight_local_envelope_validation\case_reports\b5c003_hp281p755_vp6p735\phase2_B5A_hp281p755m_vp6p73478mps_sp2deg_combined.csv,B5D,phase2_B5A_hp281p755m_vp6p73478mps_sp2deg_combined,2,281.755,6.735,True,True,17497,True,True,True,True,True,True,False,True,5805,5798.0,34.34214700128723,1.807535990262295,0.08774958206049632,
store\data_saved\phase2_B5C_local_envelope_validation\combined\b5c010_hp253p790_vm8p872_combined.csv,B5C,b5c010_hp253p790_vm8p872_combined,1,253.79,-8.872,True,True,17498,True,True,True,True,True,True,False,True,5832,5826.0,3.634172382102406,1.7390832003804917,0.8634205597627442,
store\data_saved\phase2_B5D_tight_local_envelope_validation\case_reports\b5c030_hp86p638_vm0p242\phase2_B5A_hp86p6383m_vm0p242434mps_sp2deg_combined.csv,B5D,phase2_B5A_hp86p6383m_vm0p242434mps_sp2deg_combined,2,86.638,-0.242,True,True,17498,True,True,True,True,True,True,False,True,5812,5806.0,0.12477236990889651,3.390100555493291,0.9438673883123556,
store\data_saved\phase2_B5C_local_envelope_validation\combined\b5c010_hp253p790_vm8p872_combined.csv,B5C,b5c010_hp253p790_vm8p872_combined,0,253.79,-8.872,True,True,17498,True,True,True,True,True,True,False,True,5852,5846.0,14.729585661480087,0.9544014981408964,0.36604064982384443,
store\data_saved\phase2_B5C_local_envelope_validation\combined\b5c010_hp253p790_vm8p872_combined.csv,B5C,b5c010_hp253p790_vm8p872_combined,2,253.79,-8.872,True,True,17498,True,True,True,True,True,True,False,True,5814,5808.0,3.5258088508089713,1.9303363741776138,0.8133997535333037,
store\data_saved\phase2_B5D_tight_local_envelope_validation\combined\b5c024_hp316p252_vm5p690_combined.csv,B5D,b5c024_hp316p252_vm5p690_combined,0,316.252,-5.69,True,True,17498,True,True,True,True,True,True,False,True,5849,5843.0,4.350361641252675,1.7011366770755103,0.3095283689399366,
store\data_saved\phase2_B5D_tight_local_envelope_validation\combined\b5c024_hp316p252_vm5p690_combined.csv,B5D,b5c024_hp316p252_vm5p690_combined,1,316.252,-5.69,True,True,17498,True,True,True,True,True,True,False,True,5837,5831.0,6.4178919564838,7.200617556203952,0.20320560000254773,
store\data_saved\phase2_B5D_tight_local_envelope_validation\case_reports\b5c030_hp86p638_vm0p242\phase2_B5A_hp86p6383m_vm0p242434mps_sp2deg_combined.csv,B5D,phase2_B5A_hp86p6383m_vm0p242434mps_sp2deg_combined,0,86.638,-0.242,True,True,17498,True,True,True,True,True,True,False,True,5852,5846.0,8.02648117100398,0.014629487786351092,0.33530509623960825,
store\data_saved\phase2_B5D_tight_local_envelope_validation\case_reports\b5c030_hp86p638_vm0p242\phase2_B5A_hp86p6383m_vm0p242434mps_sp2deg_combined.csv,B5D,phase2_B5A_hp86p6383m_vm0p242434mps_sp2deg_combined,1,86.638,-0.242,True,True,17498,True,True,True,True,True,True,False,True,5834,5827.0,2.9556249456873047,2.2926467570252953,0.8609575833324925,
store\data_saved\phase2_B5D_tight_local_envelope_validation\combined\b5c024_hp316p252_vm5p690_combined.csv,B5D,b5c024_hp316p252_vm5p690_combined,2,316.252,-5.69,True,True,17498,True,True,True,True,True,True,False,True,5812,5806.0,1.6036724732512084,0.36243549830010124,0.555763440708688,
store\data_saved\phase2_B5AR_positive_velocity_report\phase2_B5A_hz0m_vp10mps_sp2deg_combined.csv,B5A,phase2_B5A_hz0m_vp10mps_sp2deg_combined,0,,10.0,,True,17498,True,True,True,True,True,True,False,True,5852,5845.0,16.733304459019564,1.9486507409160367,0.19105618869070895,
store\data_saved\phase2_B5C_local_envelope_validation\case_reports\b5c010_hp253p790_vm8p872\phase2_B5A_hp253p79m_vm8p87193mps_sp2deg_combined.csv,B5A,phase2_B5A_hp253p79m_vm8p87193mps_sp2deg_combined,0,253.79,-8.872,True,True,17498,True,True,True,True,True,True,False,True,5852,5846.0,14.729585661480087,0.9544014981408964,0.36604064982384443,
store\data_saved\phase2_B5AR_positive_velocity_report\phase2_B5A_hz0m_vp10mps_sp2deg_combined.csv,B5A,phase2_B5A_hz0m_vp10mps_sp2deg_combined,1,,10.0,,True,17498,True,True,True,True,True,True,False,True,5827,5820.0,9.775028105665115,2.0293666217648934,0.5241188190047978,
store\data_saved\phase2_B5D_tight_local_envelope_validation\combined\b5c030_hp86p638_vm0p242_combined.csv,B5D,b5c030_hp86p638_vm0p242_combined,0,86.638,-0.242,True,True,17498,True,True,True,True,True,True,False,True,5852,5846.0,8.02648117100398,0.014629487786351092,0.33530509623960825,
store\data_saved\phase2_B5D_tight_local_envelope_validation\combined\b5c030_hp86p638_vm0p242_combined.csv,B5D,b5c030_hp86p638_vm0p242_combined,2,86.638,-0.242,True,True,17498,True,True,True,True,True,True,False,True,5812,5806.0,0.12477236990889651,3.390100555493291,0.9438673883123556,
store\data_saved\phase2_B5D_tight_local_envelope_validation\case_reports\b5c024_hp316p252_vm5p690\phase2_B5A_hp316p252m_vm5p69001mps_sp2deg_combined.csv,B5D,phase2_B5A_hp316p252m_vm5p69001mps_sp2deg_combined,0,316.252,-5.69,True,True,17498,True,True,True,True,True,True,False,True,5849,5843.0,4.350361641252675,1.7011366770755103,0.3095283689399366,
store\data_saved\phase2_B5C_local_envelope_validation\case_reports\b5c010_hp253p790_vm8p872\phase2_B5A_hp253p79m_vm8p87193mps_sp2deg_combined.csv,B5A,phase2_B5A_hp253p79m_vm8p87193mps_sp2deg_combined,1,253.79,-8.872,True,True,17498,True,True,True,True,True,True,False,True,5832,5826.0,3.634172382102406,1.7390832003804917,0.8634205597627442,
store\data_saved\phase2_B5D_tight_local_envelope_validation\case_reports\b5c024_hp316p252_vm5p690\phase2_B5A_hp316p252m_vm5p69001mps_sp2deg_combined.csv,B5D,phase2_B5A_hp316p252m_vm5p69001mps_sp2deg_combined,2,316.252,-5.69,True,True,17498,True,True,True,True,True,True,False,True,5812,5806.0,1.6036724732512084,0.36243549830010124,0.555763440708688,
store\data_saved\phase2_B5D_tight_local_envelope_validation\case_reports\b5c024_hp316p252_vm5p690\phase2_B5A_hp316p252m_vm5p69001mps_sp2deg_combined.csv,B5D,phase2_B5A_hp316p252m_vm5p69001mps_sp2deg_combined,1,316.252,-5.69,True,True,17498,True,True,True,True,True,True,False,True,5837,5831.0,6.4178919564838,7.200617556203952,0.20320560000254773,
store\data_saved\phase2_B5D_tight_local_envelope_validation\combined\b5c030_hp86p638_vm0p242_combined.csv,B5D,b5c030_hp86p638_vm0p242_combined,1,86.638,-0.242,True,True,17498,True,True,True,True,True,True,False,True,5834,5827.0,2.9556249456873047,2.2926467570252953,0.8609575833324925,
store\data_saved\phase2_B5C_local_envelope_validation\case_reports\b5c010_hp253p790_vm8p872\phase2_B5A_hp253p79m_vm8p87193mps_sp2deg_combined.csv,B5A,phase2_B5A_hp253p79m_vm8p87193mps_sp2deg_combined,2,253.79,-8.872,True,True,17498,True,True,True,True,True,True,False,True,5814,5808.0,3.5258088508089713,1.9303363741776138,0.8133997535333037,
store\data_saved\phase2_B5AR_positive_velocity_report\phase2_B5A_hz0m_vp10mps_sp2deg_combined.csv,B5A,phase2_B5A_hz0m_vp10mps_sp2deg_combined,2,,10.0,,True,17498,True,True,True,True,True,True,False,True,5819,5811.0,9.147994791976089,1.8865603424760593,0.551134954461304,
store\data_saved\phase2_B5D_tight_local_envelope_validation\case_reports\b5c039_hp377p603_vm0p371\phase2_B5A_hp377p603m_vm0p370705mps_sp2deg_combined.csv,B5D,phase2_B5A_hp377p603m_vm0p370705mps_sp2deg_combined,2,377.603,-0.371,True,True,17499,True,True,True,True,True,True,False,True,5809,5802.0,1.2032762024573458,1.0936254662331066,0.568301621809951,
store\data_saved\phase2_B5D_tight_local_envelope_validation\case_reports\b5c041_hp343p214_vm7p616\phase2_B5A_hp343p214m_vm7p61627mps_sp2deg_combined.csv,B5D,phase2_B5A_hp343p214m_vm7p61627mps_sp2deg_combined,1,343.214,-7.616,True,True,17499,True,True,True,True,True,True,False,True,5834,5828.0,4.262345415972959,0.6470588901249812,0.3064472766200197,
store\data_saved\phase2_B5D_tight_local_envelope_validation\case_reports\b5c041_hp343p214_vm7p616\phase2_B5A_hp343p214m_vm7p61627mps_sp2deg_combined.csv,B5D,phase2_B5A_hp343p214m_vm7p61627mps_sp2deg_combined,2,343.214,-7.616,True,True,17499,True,True,True,True,True,True,False,True,5816,5810.0,6.415044799890893,0.4429679736547314,1.011788258285378,
store\data_saved\phase2_B5D_tight_local_envelope_validation\case_reports\b5c011_hp349p694_vm0p101\phase2_B5A_hp349p694m_vm0p101203mps_sp2deg_combined.csv,B5D,phase2_B5A_hp349p694m_vm0p101203mps_sp2deg_combined,1,349.694,-0.101,True,True,17499,True,True,True,True,True,True,False,True,5842,5836.0,3.703244221600471,1.763105399202459,0.12077304771810304,
store\data_saved\phase2_B5D_tight_local_envelope_validation\case_reports\b5c011_hp349p694_vm0p101\phase2_B5A_hp349p694m_vm0p101203mps_sp2deg_combined.csv,B5D,phase2_B5A_hp349p694m_vm0p101203mps_sp2deg_combined,2,349.694,-0.101,True,True,17499,True,True,True,True,True,True,False,True,5810,5804.0,0.5971513758449873,6.650384721310729,0.8999363153125159,
store\data_saved\phase2_B5D_tight_local_envelope_validation\combined\b5c008_hp76p236_vm1p050_combined.csv,B5D,b5c008_hp76p236_vm1p050_combined,0,76.236,-1.05,True,True,17499,True,True,True,True,True,True,False,True,5862,5856.0,3.7641452367024613,2.3524032584209635,0.9026239395607263,
store\data_saved\phase2_B5D_tight_local_envelope_validation\case_reports\b5c011_hp349p694_vm0p101\phase2_B5A_hp349p694m_vm0p101203mps_sp2deg_combined.csv,B5D,phase2_B5A_hp349p694m_vm0p101203mps_sp2deg_combined,0,349.694,-0.101,True,True,17499,True,True,True,True,True,True,False,True,5847,5841.0,0.1932371110706299,0.5583022028220057,0.4845080380619038,
store\data_saved\phase2_B5D_tight_local_envelope_validation\combined\b5c008_hp76p236_vm1p050_combined.csv,B5D,b5c008_hp76p236_vm1p050_combined,1,76.236,-1.05,True,True,17499,True,True,True,True,True,True,False,True,5833,5827.0,1.875438519029558,1.346267261230878,0.349642728237086,
store\data_saved\phase2_B5D_tight_local_envelope_validation\combined\b5c041_hp343p214_vm7p616_combined.csv,B5D,b5c041_hp343p214_vm7p616_combined,2,343.214,-7.616,True,True,17499,True,True,True,True,True,True,False,True,5816,5810.0,6.415044799890893,0.4429679736547314,1.011788258285378,
store\data_saved\phase2_B5D_tight_local_envelope_validation\combined\b5c041_hp343p214_vm7p616_combined.csv,B5D,b5c041_hp343p214_vm7p616_combined,1,343.214,-7.616,True,True,17499,True,True,True,True,True,True,False,True,5834,5828.0,4.262345415972959,0.6470588901249812,0.3064472766200197,
store\data_saved\phase2_B5D_tight_local_envelope_validation\combined\b5c008_hp76p236_vm1p050_combined.csv,B5D,b5c008_hp76p236_vm1p050_combined,2,76.236,-1.05,True,True,17499,True,True,True,True,True,True,False,True,5804,5798.0,6.854793636921386,6.772163814008763,0.30873722016985994,
store\data_saved\phase2_B5D_tight_local_envelope_validation\combined\b5c039_hp377p603_vm0p371_combined.csv,B5D,b5c039_hp377p603_vm0p371_combined,0,377.603,-0.371,True,True,17499,True,True,True,True,True,True,False,True,5851,5844.0,5.4584224648315285,1.5659354878391696,0.27544846074306406,
store\data_saved\phase2_B5D_tight_local_envelope_validation\case_reports\b5c041_hp343p214_vm7p616\phase2_B5A_hp343p214m_vm7p61627mps_sp2deg_combined.csv,B5D,phase2_B5A_hp343p214m_vm7p61627mps_sp2deg_combined,0,343.214,-7.616,True,True,17499,True,True,True,True,True,True,False,True,5849,5843.0,5.111402212434768,2.1499443819632233,0.27816977151087485,
store\data_saved\phase2_B5D_tight_local_envelope_validation\case_reports\b5c008_hp76p236_vm1p050\phase2_B5A_hp76p2357m_vm1p05035mps_sp2deg_combined.csv,B5D,phase2_B5A_hp76p2357m_vm1p05035mps_sp2deg_combined,2,76.236,-1.05,True,True,17499,True,True,True,True,True,True,False,True,5804,5798.0,6.854793636921386,6.772163814008763,0.30873722016985994,
store\data_saved\phase2_B5D_tight_local_envelope_validation\combined\b5c041_hp343p214_vm7p616_combined.csv,B5D,b5c041_hp343p214_vm7p616_combined,0,343.214,-7.616,True,True,17499,True,True,True,True,True,True,False,True,5849,5843.0,5.111402212434768,2.1499443819632233,0.27816977151087485,
store\data_saved\phase2_B5D_tight_local_envelope_validation\combined\b5c039_hp377p603_vm0p371_combined.csv,B5D,b5c039_hp377p603_vm0p371_combined,2,377.603,-0.371,True,True,17499,True,True,True,True,True,True,False,True,5809,5802.0,1.2032762024573458,1.0936254662331066,0.568301621809951,
store\data_saved\phase2_B5D_tight_local_envelope_validation\case_reports\b5c008_hp76p236_vm1p050\phase2_B5A_hp76p2357m_vm1p05035mps_sp2deg_combined.csv,B5D,phase2_B5A_hp76p2357m_vm1p05035mps_sp2deg_combined,0,76.236,-1.05,True,True,17499,True,True,True,True,True,True,False,True,5862,5856.0,3.7641452367024613,2.3524032584209635,0.9026239395607263,
store\data_saved\phase2_B5D_tight_local_envelope_validation\case_reports\b5c008_hp76p236_vm1p050\phase2_B5A_hp76p2357m_vm1p05035mps_sp2deg_combined.csv,B5D,phase2_B5A_hp76p2357m_vm1p05035mps_sp2deg_combined,1,76.236,-1.05,True,True,17499,True,True,True,True,True,True,False,True,5833,5827.0,1.875438519029558,1.346267261230878,0.349642728237086,
store\data_saved\phase2_B5D_tight_local_envelope_validation\combined\b5c011_hp349p694_vm0p101_combined.csv,B5D,b5c011_hp349p694_vm0p101_combined,0,349.694,-0.101,True,True,17499,True,True,True,True,True,True,False,True,5847,5841.0,0.1932371110706299,0.5583022028220057,0.4845080380619038,
store\data_saved\phase2_B5D_tight_local_envelope_validation\combined\b5c039_hp377p603_vm0p371_combined.csv,B5D,b5c039_hp377p603_vm0p371_combined,1,377.603,-0.371,True,True,17499,True,True,True,True,True,True,False,True,5839,5833.0,1.1688783154786506,1.2641146370278875,0.2226219504736946,
store\data_saved\phase2_B5D_tight_local_envelope_validation\combined\b5c011_hp349p694_vm0p101_combined.csv,B5D,b5c011_hp349p694_vm0p101_combined,2,349.694,-0.101,True,True,17499,True,True,True,True,True,True,False,True,5810,5804.0,0.5971513758449873,6.650384721310729,0.8999363153125159,
store\data_saved\phase2_B5D_tight_local_envelope_validation\combined\b5c011_hp349p694_vm0p101_combined.csv,B5D,b5c011_hp349p694_vm0p101_combined,1,349.694,-0.101,True,True,17499,True,True,True,True,True,True,False,True,5842,5836.0,3.703244221600471,1.763105399202459,0.12077304771810304,
store\data_saved\phase2_B5D_tight_local_envelope_validation\case_reports\b5c039_hp377p603_vm0p371\phase2_B5A_hp377p603m_vm0p370705mps_sp2deg_combined.csv,B5D,phase2_B5A_hp377p603m_vm0p370705mps_sp2deg_combined,0,377.603,-0.371,True,True,17499,True,True,True,True,True,True,False,True,5851,5844.0,5.4584224648315285,1.5659354878391696,0.27544846074306406,
store\data_saved\phase2_B5D_tight_local_envelope_validation\case_reports\b5c039_hp377p603_vm0p371\phase2_B5A_hp377p603m_vm0p370705mps_sp2deg_combined.csv,B5D,phase2_B5A_hp377p603m_vm0p370705mps_sp2deg_combined,1,377.603,-0.371,True,True,17499,True,True,True,True,True,True,False,True,5839,5833.0,1.1688783154786506,1.2641146370278875,0.2226219504736946,
store\data_saved\phase2_B5D_tight_local_envelope_validation\case_reports\b5c002_hp150p213_vm1p197\phase2_B5A_hp150p213m_vm1p19717mps_sp2deg_combined.csv,B5D,phase2_B5A_hp150p213m_vm1p19717mps_sp2deg_combined,0,150.213,-1.197,True,True,17500,True,True,True,True,True,True,False,True,5857,5851.0,3.5164876816706965,2.3389793252356412,0.26366356290964177,
store\data_saved\phase2_B5D_tight_local_envelope_validation\case_reports\b5c002_hp150p213_vm1p197\phase2_B5A_hp150p213m_vm1p19717mps_sp2deg_combined.csv,B5D,phase2_B5A_hp150p213m_vm1p19717mps_sp2deg_combined,1,150.213,-1.197,True,True,17500,True,True,True,True,True,True,False,True,5833,5827.0,1.604993601595197,1.3301699170829124,0.6072312921023695,
store\data_saved\phase2_B5D_tight_local_envelope_validation\case_reports\b5c002_hp150p213_vm1p197\phase2_B5A_hp150p213m_vm1p19717mps_sp2deg_combined.csv,B5D,phase2_B5A_hp150p213m_vm1p19717mps_sp2deg_combined,2,150.213,-1.197,True,True,17500,True,True,True,True,True,True,False,True,5810,5804.0,6.607883163087536,6.789604396168897,0.02201295125996694,
store\data_saved\phase2_B5B_mc_pilot\conservative_u3\combined\mc027_hp205p165_vm3p156_combined.csv,B5B,mc027_hp205p165_vm3p156_combined,1,205.165,-3.156,True,True,17500,True,True,True,True,True,True,False,True,5840,5834.0,8.377332616870262,1.3111066439701062,0.13788705356273567,
store\data_saved\phase2_B5B_mc_pilot\conservative_u3\combined\mc027_hp205p165_vm3p156_combined.csv,B5B,mc027_hp205p165_vm3p156_combined,0,205.165,-3.156,True,True,17500,True,True,True,True,True,True,False,True,5854,5848.0,3.9886312218040985,7.110821768054393,0.0545758435910102,
store\data_saved\phase2_B5D_tight_local_envelope_validation\case_reports\b5c048_hp380p801_vm0p950\phase2_B5A_hp380p801m_vm0p949795mps_sp2deg_combined.csv,B5D,phase2_B5A_hp380p801m_vm0p949795mps_sp2deg_combined,2,380.801,-0.95,True,True,17500,True,True,True,True,True,True,False,True,5813,5807.0,5.800033278850606,3.3754733967607535,0.03563274697808083,
store\data_saved\phase2_B5D_tight_local_envelope_validation\case_reports\b5c048_hp380p801_vm0p950\phase2_B5A_hp380p801m_vm0p949795mps_sp2deg_combined.csv,B5D,phase2_B5A_hp380p801m_vm0p949795mps_sp2deg_combined,1,380.801,-0.95,True,True,17500,True,True,True,True,True,True,False,True,5840,5833.0,7.254811933173187,2.2799247039995407,0.2827393648403813,
store\data_saved\phase2_B5D_tight_local_envelope_validation\case_reports\b5c048_hp380p801_vm0p950\phase2_B5A_hp380p801m_vm0p949795mps_sp2deg_combined.csv,B5D,phase2_B5A_hp380p801m_vm0p949795mps_sp2deg_combined,0,380.801,-0.95,True,True,17500,True,True,True,True,True,True,False,True,5847,5841.0,1.1552370171775692,0.4287054104888739,0.33370902958267834,
store\data_saved\phase2_B5D_tight_local_envelope_validation\combined\b5c048_hp380p801_vm0p950_combined.csv,B5D,b5c048_hp380p801_vm0p950_combined,0,380.801,-0.95,True,True,17500,True,True,True,True,True,True,False,True,5847,5841.0,1.1552370171775692,0.4287054104888739,0.33370902958267834,
store\data_saved\phase2_B5B_mc_pilot\conservative_u3\case_reports\mc027_hp205p165_vm3p156\phase2_B5A_hp205p165m_vm3p15626mps_sp2deg_combined.csv,B5A,phase2_B5A_hp205p165m_vm3p15626mps_sp2deg_combined,0,205.165,-3.156,True,True,17500,True,True,True,True,True,True,False,True,5854,5848.0,3.9886312218040985,7.110821768054393,0.0545758435910102,
store\data_saved\phase2_B5D_tight_local_envelope_validation\combined\b5c048_hp380p801_vm0p950_combined.csv,B5D,b5c048_hp380p801_vm0p950_combined,2,380.801,-0.95,True,True,17500,True,True,True,True,True,True,False,True,5813,5807.0,5.800033278850606,3.3754733967607535,0.03563274697808083,
store\data_saved\phase2_B5D_tight_local_envelope_validation\combined\b5c002_hp150p213_vm1p197_combined.csv,B5D,b5c002_hp150p213_vm1p197_combined,2,150.213,-1.197,True,True,17500,True,True,True,True,True,True,False,True,5810,5804.0,6.607883163087536,6.789604396168897,0.02201295125996694,
store\data_saved\phase2_B5D_tight_local_envelope_validation\combined\b5c002_hp150p213_vm1p197_combined.csv,B5D,b5c002_hp150p213_vm1p197_combined,1,150.213,-1.197,True,True,17500,True,True,True,True,True,True,False,True,5833,5827.0,1.604993601595197,1.3301699170829124,0.6072312921023695,
store\data_saved\phase2_B5D_tight_local_envelope_validation\combined\b5c048_hp380p801_vm0p950_combined.csv,B5D,b5c048_hp380p801_vm0p950_combined,1,380.801,-0.95,True,True,17500,True,True,True,True,True,True,False,True,5840,5833.0,7.254811933173187,2.2799247039995407,0.2827393648403813,
store\data_saved\phase2_B5B_mc_pilot\conservative_u3\combined\mc027_hp205p165_vm3p156_combined.csv,B5B,mc027_hp205p165_vm3p156_combined,2,205.165,-3.156,True,True,17500,True,True,True,True,True,True,False,True,5806,5800.0,9.663640233571641,1.1172088795831314,0.4658039292335161,
store\data_saved\phase2_B5B_mc_pilot\conservative_u3\case_reports\mc027_hp205p165_vm3p156\phase2_B5A_hp205p165m_vm3p15626mps_sp2deg_combined.csv,B5A,phase2_B5A_hp205p165m_vm3p15626mps_sp2deg_combined,1,205.165,-3.156,True,True,17500,True,True,True,True,True,True,False,True,5840,5834.0,8.377332616870262,1.3111066439701062,0.13788705356273567,
store\data_saved\phase2_B5B_mc_pilot\conservative_u3\case_reports\mc027_hp205p165_vm3p156\phase2_B5A_hp205p165m_vm3p15626mps_sp2deg_combined.csv,B5A,phase2_B5A_hp205p165m_vm3p15626mps_sp2deg_combined,2,205.165,-3.156,True,True,17500,True,True,True,True,True,True,False,True,5806,5800.0,9.663640233571641,1.1172088795831314,0.4658039292335161,
store\data_saved\phase2_B5D_tight_local_envelope_validation\combined\b5c002_hp150p213_vm1p197_combined.csv,B5D,b5c002_hp150p213_vm1p197_combined,0,150.213,-1.197,True,True,17500,True,True,True,True,True,True,False,True,5857,5851.0,3.5164876816706965,2.3389793252356412,0.26366356290964177,
store\data_saved\phase2_B5D_tight_local_envelope_validation\case_reports\b5c047_hp52p723_vp6p654\phase2_B5A_hp52p7228m_vp6p654mps_sp2deg_combined.csv,B5D,phase2_B5A_hp52p7228m_vp6p654mps_sp2deg_combined,1,52.723,6.654,True,True,17501,True,True,True,True,True,True,False,True,5836,5829.0,27.119178896209633,0.39290030197594206,0.028533898017485626,
store\data_saved\phase2_B5C_local_envelope_validation\case_reports\b5c005_hp402p748_vp0p427\phase2_B5A_hp402p748m_vp0p426887mps_sp2deg_combined.csv,B5A,phase2_B5A_hp402p748m_vp0p426887mps_sp2deg_combined,2,402.748,0.427,True,True,17501,True,True,True,True,True,True,False,True,5810,5803.0,0.6367680172297696,1.5602448049965005,0.2079803180458839,
store\data_saved\phase2_B5D_tight_local_envelope_validation\case_reports\b5c047_hp52p723_vp6p654\phase2_B5A_hp52p7228m_vp6p654mps_sp2deg_combined.csv,B5D,phase2_B5A_hp52p7228m_vp6p654mps_sp2deg_combined,0,52.723,6.654,True,True,17501,True,True,True,True,True,True,False,True,5846,5839.0,0.11861996609150083,2.673509357351122,0.501636791988858,
store\data_saved\phase2_B5C_local_envelope_validation\combined\b5c005_hp402p748_vp0p427_combined.csv,B5C,b5c005_hp402p748_vp0p427_combined,0,402.748,0.427,True,True,17501,True,True,True,True,True,True,False,True,5853,5846.0,8.079388464979274,0.8156185703812753,0.9320361428253818,
store\data_saved\phase2_B5C_local_envelope_validation\case_reports\b5c005_hp402p748_vp0p427\phase2_B5A_hp402p748m_vp0p426887mps_sp2deg_combined.csv,B5A,phase2_B5A_hp402p748m_vp0p426887mps_sp2deg_combined,0,402.748,0.427,True,True,17501,True,True,True,True,True,True,False,True,5853,5846.0,8.079388464979274,0.8156185703812753,0.9320361428253818,
store\data_saved\phase2_B5C_local_envelope_validation\case_reports\b5c005_hp402p748_vp0p427\phase2_B5A_hp402p748m_vp0p426887mps_sp2deg_combined.csv,B5A,phase2_B5A_hp402p748m_vp0p426887mps_sp2deg_combined,1,402.748,0.427,True,True,17501,True,True,True,True,True,True,False,True,5838,5831.0,2.194082036283362,0.8757375757470527,0.14354321196879027,
store\data_saved\phase2_B5D_tight_local_envelope_validation\combined\b5c047_hp52p723_vp6p654_combined.csv,B5D,b5c047_hp52p723_vp6p654_combined,0,52.723,6.654,True,True,17501,True,True,True,True,True,True,False,True,5846,5839.0,0.11861996609150083,2.673509357351122,0.501636791988858,
store\data_saved\phase2_B5C_local_envelope_validation\combined\b5c005_hp402p748_vp0p427_combined.csv,B5C,b5c005_hp402p748_vp0p427_combined,1,402.748,0.427,True,True,17501,True,True,True,True,True,True,False,True,5838,5831.0,2.194082036283362,0.8757375757470527,0.14354321196879027,
store\data_saved\phase2_B5D_tight_local_envelope_validation\case_reports\b5c047_hp52p723_vp6p654\phase2_B5A_hp52p7228m_vp6p654mps_sp2deg_combined.csv,B5D,phase2_B5A_hp52p7228m_vp6p654mps_sp2deg_combined,2,52.723,6.654,True,True,17501,True,True,True,True,True,True,False,True,5819,5812.0,8.813467661657342,4.88269667533109,0.6976959623134462,
store\data_saved\phase2_B5D_tight_local_envelope_validation\combined\b5c047_hp52p723_vp6p654_combined.csv,B5D,b5c047_hp52p723_vp6p654_combined,1,52.723,6.654,True,True,17501,True,True,True,True,True,True,False,True,5836,5829.0,27.119178896209633,0.39290030197594206,0.028533898017485626,
store\data_saved\phase2_B5D_tight_local_envelope_validation\combined\b5c047_hp52p723_vp6p654_combined.csv,B5D,b5c047_hp52p723_vp6p654_combined,2,52.723,6.654,True,True,17501,True,True,True,True,True,True,False,True,5819,5812.0,8.813467661657342,4.88269667533109,0.6976959623134462,
store\data_saved\phase2_B5C_local_envelope_validation\combined\b5c005_hp402p748_vp0p427_combined.csv,B5C,b5c005_hp402p748_vp0p427_combined,2,402.748,0.427,True,True,17501,True,True,True,True,True,True,False,True,5810,5803.0,0.6367680172297696,1.5602448049965005,0.2079803180458839,
store\data_saved\phase2_B5C_local_envelope_validation\combined\b5c013_hp333p663_vm5p882_combined.csv,B5C,b5c013_hp333p663_vm5p882_combined,1,333.663,-5.882,True,True,17502,True,True,True,True,True,True,False,True,5829,5823.0,3.381580474670045,0.023916807268051343,0.6672242979475413,
store\data_saved\phase2_B5C_local_envelope_validation\combined\b5c013_hp333p663_vm5p882_combined.csv,B5C,b5c013_hp333p663_vm5p882_combined,2,333.663,-5.882,True,True,17502,True,True,True,True,True,True,False,True,5820,5814.0,2.6778501029439212,3.1252971804551635,0.15604645630082814,
store\data_saved\phase2_B5D_tight_local_envelope_validation\combined\b5c042_hp365p116_vp0p190_combined.csv,B5D,b5c042_hp365p116_vp0p190_combined,0,365.116,0.19,True,True,17502,True,True,True,True,True,True,False,True,5851,5844.0,13.747701461084944,0.145439728224801,0.6497790752109722,
store\data_saved\phase2_B5B_mc_pilot\conservative_u3\combined\mc009_hp327p631_vm12p100_combined.csv,B5B,mc009_hp327p631_vm12p100_combined,2,327.631,-12.1,False,True,17502,True,True,True,True,True,True,False,True,5818,5812.0,13.441352336416458,5.489079005854364,0.6343900012943777,
store\data_saved\phase2_B5D_tight_local_envelope_validation\case_reports\b5c042_hp365p116_vp0p190\phase2_B5A_hp365p116m_vp0p189966mps_sp2deg_combined.csv,B5D,phase2_B5A_hp365p116m_vp0p189966mps_sp2deg_combined,0,365.116,0.19,True,True,17502,True,True,True,True,True,True,False,True,5851,5844.0,13.747701461084944,0.145439728224801,0.6497790752109722,
store\data_saved\phase2_B5C_local_envelope_validation\combined\b5c013_hp333p663_vm5p882_combined.csv,B5C,b5c013_hp333p663_vm5p882_combined,0,333.663,-5.882,True,True,17502,True,True,True,True,True,True,False,True,5853,5847.0,6.18706799208303,1.3526073966668264,0.5374714157587732,
store\data_saved\phase2_B5C_local_envelope_validation\case_reports\b5c013_hp333p663_vm5p882\phase2_B5A_hp333p663m_vm5p88237mps_sp2deg_combined.csv,B5A,phase2_B5A_hp333p663m_vm5p88237mps_sp2deg_combined,1,333.663,-5.882,True,True,17502,True,True,True,True,True,True,False,True,5829,5823.0,3.381580474670045,0.023916807268051343,0.6672242979475413,
store\data_saved\phase2_B5C_local_envelope_validation\case_reports\b5c013_hp333p663_vm5p882\phase2_B5A_hp333p663m_vm5p88237mps_sp2deg_combined.csv,B5A,phase2_B5A_hp333p663m_vm5p88237mps_sp2deg_combined,0,333.663,-5.882,True,True,17502,True,True,True,True,True,True,False,True,5853,5847.0,6.18706799208303,1.3526073966668264,0.5374714157587732,
store\data_saved\phase2_B5C_local_envelope_validation\case_reports\b5c013_hp333p663_vm5p882\phase2_B5A_hp333p663m_vm5p88237mps_sp2deg_combined.csv,B5A,phase2_B5A_hp333p663m_vm5p88237mps_sp2deg_combined,2,333.663,-5.882,True,True,17502,True,True,True,True,True,True,False,True,5820,5814.0,2.6778501029439212,3.1252971804551635,0.15604645630082814,
store\data_saved\phase2_B5D_tight_local_envelope_validation\case_reports\b5c042_hp365p116_vp0p190\phase2_B5A_hp365p116m_vp0p189966mps_sp2deg_combined.csv,B5D,phase2_B5A_hp365p116m_vp0p189966mps_sp2deg_combined,2,365.116,0.19,True,True,17502,True,True,True,True,True,True,False,True,5821,5815.0,9.478865340552147,0.29810760273994674,0.17229432425665436,
store\data_saved\phase2_B2_exact_single_combined.csv,B2,phase2_B2_exact_single_combined,1,,,,True,17502,True,True,True,True,True,True,False,True,5834,5828.0,0.4972516618290683,0.5890364176959793,0.5568661253710161,
store\data_saved\phase2_B5D_tight_local_envelope_validation\combined\b5c042_hp365p116_vp0p190_combined.csv,B5D,b5c042_hp365p116_vp0p190_combined,2,365.116,0.19,True,True,17502,True,True,True,True,True,True,False,True,5821,5815.0,9.478865340552147,0.29810760273994674,0.17229432425665436,
store\data_saved\phase2_B5D_tight_local_envelope_validation\combined\b5c042_hp365p116_vp0p190_combined.csv,B5D,b5c042_hp365p116_vp0p190_combined,1,365.116,0.19,True,True,17502,True,True,True,True,True,True,False,True,5830,5824.0,2.135817031026818,4.522313835035902,0.047472500016738195,
store\data_saved\phase2_B5B_mc_pilot\conservative_u3\combined\mc009_hp327p631_vm12p100_combined.csv,B5B,mc009_hp327p631_vm12p100_combined,1,327.631,-12.1,False,True,17502,True,True,True,True,True,True,False,True,5826,5820.0,2.183146499133727,1.1611399809687555,0.17103343740018317,
store\data_saved\phase2_B5B_mc_pilot\conservative_u3\combined\mc009_hp327p631_vm12p100_combined.csv,B5B,mc009_hp327p631_vm12p100_combined,0,327.631,-12.1,False,True,17502,True,True,True,True,True,True,False,True,5858,5852.0,1.2456381163901824,1.8376138723976965,0.025110489426879212,
store\data_saved\phase2_B2_exact_single_combined.csv,B2,phase2_B2_exact_single_combined,2,,,,True,17502,True,True,True,True,True,True,False,True,5834,5828.0,0.4972516618290683,0.5890364176959793,0.5568661253710161,
store\data_saved\phase2_B5D_tight_local_envelope_validation\case_reports\b5c042_hp365p116_vp0p190\phase2_B5A_hp365p116m_vp0p189966mps_sp2deg_combined.csv,B5D,phase2_B5A_hp365p116m_vp0p189966mps_sp2deg_combined,1,365.116,0.19,True,True,17502,True,True,True,True,True,True,False,True,5830,5824.0,2.135817031026818,4.522313835035902,0.047472500016738195,
store\data_saved\phase2_B2_exact_single_combined.csv,B2,phase2_B2_exact_single_combined,0,,,,True,17502,True,True,True,True,True,True,False,True,5834,5828.0,0.4972516618290683,0.5890364176959793,0.5568661253710161,
store\data_saved\phase2_B5B_mc_pilot\conservative_u3\case_reports\mc009_hp327p631_vm12p100\phase2_B5A_hp327p631m_vm12p1001mps_sp2deg_combined.csv,B5A,phase2_B5A_hp327p631m_vm12p1001mps_sp2deg_combined,0,327.631,-12.1,False,True,17502,True,True,True,True,True,True,False,True,5858,5852.0,1.2456381163901824,1.8376138723976965,0.025110489426879212,
store\data_saved\phase2_B5B_mc_pilot\conservative_u3\case_reports\mc009_hp327p631_vm12p100\phase2_B5A_hp327p631m_vm12p1001mps_sp2deg_combined.csv,B5A,phase2_B5A_hp327p631m_vm12p1001mps_sp2deg_combined,1,327.631,-12.1,False,True,17502,True,True,True,True,True,True,False,True,5826,5820.0,2.183146499133727,1.1611399809687555,0.17103343740018317,
store\data_saved\phase2_B5B_mc_pilot\conservative_u3\case_reports\mc009_hp327p631_vm12p100\phase2_B5A_hp327p631m_vm12p1001mps_sp2deg_combined.csv,B5A,phase2_B5A_hp327p631m_vm12p1001mps_sp2deg_combined,2,327.631,-12.1,False,True,17502,True,True,True,True,True,True,False,True,5818,5812.0,13.441352336416458,5.489079005854364,0.6343900012943777,
store\data_saved\phase2_B5D_tight_local_envelope_validation\combined\b5c045_hp67p020_vm0p134_combined.csv,B5D,b5c045_hp67p020_vm0p134_combined,0,67.02,-0.134,True,True,17503,True,True,True,True,True,True,False,True,5861,5855.0,5.154460924368323,0.6151765098259148,0.11469119371759007,
store\data_saved\phase2_B5D_tight_local_envelope_validation\case_reports\b5c045_hp67p020_vm0p134\phase2_B5A_hp67p02m_vm0p134274mps_sp2deg_combined.csv,B5D,phase2_B5A_hp67p02m_vm0p134274mps_sp2deg_combined,2,67.02,-0.134,True,True,17503,True,True,True,True,True,True,False,True,5811,5805.0,5.211416817288409,4.491846627264749,0.6219572220652481,
store\data_saved\phase2_B5D_tight_local_envelope_validation\combined\b5c045_hp67p020_vm0p134_combined.csv,B5D,b5c045_hp67p020_vm0p134_combined,2,67.02,-0.134,True,True,17503,True,True,True,True,True,True,False,True,5811,5805.0,5.211416817288409,4.491846627264749,0.6219572220652481,
store\data_saved\phase2_B5D_tight_local_envelope_validation\combined\b5c045_hp67p020_vm0p134_combined.csv,B5D,b5c045_hp67p020_vm0p134_combined,1,67.02,-0.134,True,True,17503,True,True,True,True,True,True,False,True,5831,5825.0,2.000189221733308,0.5891623123291083,0.7411353250936372,
store\data_saved\phase2_B5D_tight_local_envelope_validation\case_reports\b5c045_hp67p020_vm0p134\phase2_B5A_hp67p02m_vm0p134274mps_sp2deg_combined.csv,B5D,phase2_B5A_hp67p02m_vm0p134274mps_sp2deg_combined,0,67.02,-0.134,True,True,17503,True,True,True,True,True,True,False,True,5861,5855.0,5.154460924368323,0.6151765098259148,0.11469119371759007,
store\data_saved\phase2_B5D_tight_local_envelope_validation\case_reports\b5c045_hp67p020_vm0p134\phase2_B5A_hp67p02m_vm0p134274mps_sp2deg_combined.csv,B5D,phase2_B5A_hp67p02m_vm0p134274mps_sp2deg_combined,1,67.02,-0.134,True,True,17503,True,True,True,True,True,True,False,True,5831,5825.0,2.000189221733308,0.5891623123291083,0.7411353250936372,
store\data_saved\phase2_B5A_dispersion_grid_report\phase2_B5A_hz0m_vz0mps_sp2deg_combined.csv,B5A,phase2_B5A_hz0m_vz0mps_sp2deg_combined,2,,,,True,17504,True,True,True,True,True,True,False,True,5814,5808.0,5.092600761647191,4.506536722896044,0.567177112607169,
store\data_saved\phase2_B5D_tight_local_envelope_validation\combined\b5c013_hp141p172_vp0p854_combined.csv,B5D,b5c013_hp141p172_vp0p854_combined,0,141.172,0.854,True,True,17504,True,True,True,True,True,True,False,True,5857,5851.0,10.909980363918294,0.3565025954351313,0.005879127544176299,
store\data_saved\phase2_B5D_tight_local_envelope_validation\case_reports\b5c013_hp141p172_vp0p854\phase2_B5A_hp141p172m_vp0p854173mps_sp2deg_combined.csv,B5D,phase2_B5A_hp141p172m_vp0p854173mps_sp2deg_combined,2,141.172,0.854,True,True,17504,True,True,True,True,True,True,False,True,5815,5809.0,2.782820918921061,7.862969803536089,0.29503704550734255,
store\data_saved\phase2_B5B_mc_pilot\conservative_u3\combined\mc022_hp332p260_vm1p714_combined.csv,B5B,mc022_hp332p260_vm1p714_combined,2,332.26,-1.714,True,True,17504,True,True,True,True,True,True,False,True,5807,5800.0,0.1691877705634397,0.8358483687970875,0.22375127896521008,
store\data_saved\phase2_B5D_tight_local_envelope_validation\combined\b5c022_hp44p606_vm9p298_combined.csv,B5D,b5c022_hp44p606_vm9p298_combined,2,44.606,-9.298,True,True,17504,True,True,True,True,True,True,False,True,5817,5811.0,11.776790166204592,7.144074214063949,0.5781355451545096,
store\data_saved\phase2_B5B_mc_pilot\conservative_u3\combined\mc022_hp332p260_vm1p714_combined.csv,B5B,mc022_hp332p260_vm1p714_combined,1,332.26,-1.714,True,True,17504,True,True,True,True,True,True,False,True,5838,5832.0,0.6641957801584795,2.511234349092092,0.23009878728043986,
store\data_saved\phase2_B5B_mc_pilot\conservative_u3\combined\mc022_hp332p260_vm1p714_combined.csv,B5B,mc022_hp332p260_vm1p714_combined,0,332.26,-1.714,True,True,17504,True,True,True,True,True,True,False,True,5859,5853.0,3.257381200801319,2.32100035473195,0.17022301856195554,
store\data_saved\phase2_B3A_heading_spread_report\phase2_B3A_spread_2deg_combined.csv,B3,phase2_B3A_spread_2deg_combined,0,,,,True,17504,True,True,True,True,True,True,False,True,5856,5850.0,5.589893562890211,0.610704812885615,0.1074394760580617,
store\data_saved\phase2_B5D_tight_local_envelope_validation\combined\b5c022_hp44p606_vm9p298_combined.csv,B5D,b5c022_hp44p606_vm9p298_combined,0,44.606,-9.298,True,True,17504,True,True,True,True,True,True,False,True,5858,5852.0,7.175475967957027,1.5003450175872786,0.10300606591044925,
store\data_saved\phase2_B5D_tight_local_envelope_validation\case_reports\b5c019_hp61p117_vp1p056\phase2_B5A_hp61p1167m_vp1p05555mps_sp2deg_combined.csv,B5D,phase2_B5A_hp61p1167m_vp1p05555mps_sp2deg_combined,1,61.117,1.056,True,True,17504,True,True,True,True,True,True,False,True,5829,5823.0,0.3000324708336848,0.4128832862249965,0.6681249112371006,
store\data_saved\phase2_B5D_tight_local_envelope_validation\case_reports\b5c019_hp61p117_vp1p056\phase2_B5A_hp61p1167m_vp1p05555mps_sp2deg_combined.csv,B5D,phase2_B5A_hp61p1167m_vp1p05555mps_sp2deg_combined,2,61.117,1.056,True,True,17504,True,True,True,True,True,True,False,True,5817,5810.0,1.802693798836117,1.6388416219647297,0.045287978784472216,
store\data_saved\phase2_B3B_run_dwell_report\phase2_B3B_dwell_3_combined.csv,B3,phase2_B3B_dwell_3_combined,0,,,,True,17504,True,True,True,True,True,True,False,True,5856,5850.0,5.589893562890211,0.610704812885615,0.1074394760580617,
store\data_saved\phase2_B3B_run_dwell_report\phase2_B3B_dwell_3_combined.csv,B3,phase2_B3B_dwell_3_combined,1,,,,True,17504,True,True,True,True,True,True,False,True,5834,5828.0,0.4972516618290683,0.5890364176959793,0.5568661253710161,
store\data_saved\phase2_B3B_run_dwell_report\phase2_B3B_dwell_3_combined.csv,B3,phase2_B3B_dwell_3_combined,2,,,,True,17504,True,True,True,True,True,True,False,True,5814,5808.0,5.092600761647191,4.506536722896044,0.567177112607169,
store\data_saved\phase2_B3B_run_dwell_report\phase2_B3B_dwell_4_combined.csv,B3,phase2_B3B_dwell_4_combined,0,,,,True,17504,True,True,True,True,True,True,False,True,5856,5850.0,5.589893562890211,0.610704812885615,0.1074394760580617,
store\data_saved\phase2_B5D_tight_local_envelope_validation\case_reports\b5c019_hp61p117_vp1p056\phase2_B5A_hp61p1167m_vp1p05555mps_sp2deg_combined.csv,B5D,phase2_B5A_hp61p1167m_vp1p05555mps_sp2deg_combined,0,61.117,1.056,True,True,17504,True,True,True,True,True,True,False,True,5858,5852.0,8.259649801038904,0.3498255972347124,0.5792829657366383,
store\data_saved\phase2_B3B_run_dwell_report\phase2_B3B_dwell_4_combined.csv,B3,phase2_B3B_dwell_4_combined,1,,,,True,17504,True,True,True,True,True,True,False,True,5834,5828.0,0.4972516618290683,0.5890364176959793,0.5568661253710161,
store\data_saved\phase2_B3B_run_dwell_report\phase2_B3B_dwell_4_combined.csv,B3,phase2_B3B_dwell_4_combined,2,,,,True,17504,True,True,True,True,True,True,False,True,5814,5808.0,5.092600761647191,4.506536722896044,0.567177112607169,
store\data_saved\phase2_B3B_run_dwell_report\phase2_B3B_dwell_5_combined.csv,B3,phase2_B3B_dwell_5_combined,0,,,,True,17504,True,True,True,True,True,True,False,True,5856,5850.0,5.589893562890211,0.610704812885615,0.1074394760580617,
store\data_saved\phase2_B5D_tight_local_envelope_validation\case_reports\b5c013_hp141p172_vp0p854\phase2_B5A_hp141p172m_vp0p854173mps_sp2deg_combined.csv,B5D,phase2_B5A_hp141p172m_vp0p854173mps_sp2deg_combined,1,141.172,0.854,True,True,17504,True,True,True,True,True,True,False,True,5832,5826.0,6.006320117838186,4.689471586619902,0.15665473958506482,
store\data_saved\phase2_B3B_run_dwell_report\phase2_B3B_dwell_5_combined.csv,B3,phase2_B3B_dwell_5_combined,1,,,,True,17504,True,True,True,True,True,True,False,True,5834,5828.0,0.4972516618290683,0.5890364176959793,0.5568661253710161,
store\data_saved\phase2_B3B_run_dwell_report\phase2_B3B_dwell_5_combined.csv,B3,phase2_B3B_dwell_5_combined,2,,,,True,17504,True,True,True,True,True,True,False,True,5814,5808.0,5.092600761647191,4.506536722896044,0.567177112607169,
store\data_saved\phase2_B5D_tight_local_envelope_validation\combined\b5c019_hp61p117_vp1p056_combined.csv,B5D,b5c019_hp61p117_vp1p056_combined,2,61.117,1.056,True,True,17504,True,True,True,True,True,True,False,True,5817,5810.0,1.802693798836117,1.6388416219647297,0.045287978784472216,
store\data_saved\phase2_B5D_tight_local_envelope_validation\combined\b5c022_hp44p606_vm9p298_combined.csv,B5D,b5c022_hp44p606_vm9p298_combined,1,44.606,-9.298,True,True,17504,True,True,True,True,True,True,False,True,5829,5824.0,10.853060520170402,0.5198942337369772,0.6628900984869688,
store\data_saved\phase2_B5D_tight_local_envelope_validation\combined\b5c013_hp141p172_vp0p854_combined.csv,B5D,b5c013_hp141p172_vp0p854_combined,2,141.172,0.854,True,True,17504,True,True,True,True,True,True,False,True,5815,5809.0,2.782820918921061,7.862969803536089,0.29503704550734255,
store\data_saved\phase2_B5D_tight_local_envelope_validation\combined\b5c013_hp141p172_vp0p854_combined.csv,B5D,b5c013_hp141p172_vp0p854_combined,1,141.172,0.854,True,True,17504,True,True,True,True,True,True,False,True,5832,5826.0,6.006320117838186,4.689471586619902,0.15665473958506482,
store\data_saved\phase2_B5D_tight_local_envelope_validation\combined\b5c019_hp61p117_vp1p056_combined.csv,B5D,b5c019_hp61p117_vp1p056_combined,1,61.117,1.056,True,True,17504,True,True,True,True,True,True,False,True,5829,5823.0,0.3000324708336848,0.4128832862249965,0.6681249112371006,
store\data_saved\PHASE2_B2R_ROLE_DISTINCT_PASS_FREEZE\phase2_B2R_role_distinct_combined.csv,B2,phase2_B2R_role_distinct_combined,0,,,,True,17504,True,True,True,True,True,True,False,True,5856,5850.0,5.589893562890211,0.610704812885615,0.1074394760580617,
store\data_saved\phase2_B3A_heading_spread_report\phase2_B3A_spread_2deg_combined.csv,B3,phase2_B3A_spread_2deg_combined,1,,,,True,17504,True,True,True,True,True,True,False,True,5834,5828.0,0.4972516618290683,0.5890364176959793,0.5568661253710161,
store\data_saved\phase2_B3A_heading_spread_report\phase2_B3A_spread_2deg_combined.csv,B3,phase2_B3A_spread_2deg_combined,2,,,,True,17504,True,True,True,True,True,True,False,True,5814,5808.0,5.092600761647191,4.506536722896044,0.567177112607169,
store\data_saved\phase2_B2R_role_distinct_combined.csv,B2,phase2_B2R_role_distinct_combined,2,,,,True,17504,True,True,True,True,True,True,False,True,5814,5808.0,5.092600761647191,4.506536722896044,0.567177112607169,
store\data_saved\phase2_B5D_tight_local_envelope_validation\combined\b5c019_hp61p117_vp1p056_combined.csv,B5D,b5c019_hp61p117_vp1p056_combined,0,61.117,1.056,True,True,17504,True,True,True,True,True,True,False,True,5858,5852.0,8.259649801038904,0.3498255972347124,0.5792829657366383,
store\data_saved\PHASE2_B2R_ROLE_DISTINCT_PASS_FREEZE\phase2_B2R_role_distinct_combined.csv,B2,phase2_B2R_role_distinct_combined,1,,,,True,17504,True,True,True,True,True,True,False,True,5834,5828.0,0.4972516618290683,0.5890364176959793,0.5568661253710161,
store\data_saved\phase2_B5D_tight_local_envelope_validation\case_reports\b5c022_hp44p606_vm9p298\phase2_B5A_hp44p6059m_vm9p2977mps_sp2deg_combined.csv,B5D,phase2_B5A_hp44p6059m_vm9p2977mps_sp2deg_combined,0,44.606,-9.298,True,True,17504,True,True,True,True,True,True,False,True,5858,5852.0,7.175475967957027,1.5003450175872786,0.10300606591044925,
store\data_saved\phase2_B5D_tight_local_envelope_validation\case_reports\b5c013_hp141p172_vp0p854\phase2_B5A_hp141p172m_vp0p854173mps_sp2deg_combined.csv,B5D,phase2_B5A_hp141p172m_vp0p854173mps_sp2deg_combined,0,141.172,0.854,True,True,17504,True,True,True,True,True,True,False,True,5857,5851.0,10.909980363918294,0.3565025954351313,0.005879127544176299,
store\data_saved\phase2_B5B_mc_pilot\conservative_u3\case_reports\mc022_hp332p260_vm1p714\phase2_B5A_hp332p26m_vm1p71414mps_sp2deg_combined.csv,B5A,phase2_B5A_hp332p26m_vm1p71414mps_sp2deg_combined,2,332.26,-1.714,True,True,17504,True,True,True,True,True,True,False,True,5807,5800.0,0.1691877705634397,0.8358483687970875,0.22375127896521008,
store\data_saved\phase2_B5D_tight_local_envelope_validation\case_reports\b5c022_hp44p606_vm9p298\phase2_B5A_hp44p6059m_vm9p2977mps_sp2deg_combined.csv,B5D,phase2_B5A_hp44p6059m_vm9p2977mps_sp2deg_combined,1,44.606,-9.298,True,True,17504,True,True,True,True,True,True,False,True,5829,5824.0,10.853060520170402,0.5198942337369772,0.6628900984869688,
store\data_saved\phase2_B5D_tight_local_envelope_validation\case_reports\b5c022_hp44p606_vm9p298\phase2_B5A_hp44p6059m_vm9p2977mps_sp2deg_combined.csv,B5D,phase2_B5A_hp44p6059m_vm9p2977mps_sp2deg_combined,2,44.606,-9.298,True,True,17504,True,True,True,True,True,True,False,True,5817,5811.0,11.776790166204592,7.144074214063949,0.5781355451545096,
store\data_saved\phase2_B5B_mc_pilot\conservative_u3\case_reports\mc022_hp332p260_vm1p714\phase2_B5A_hp332p26m_vm1p71414mps_sp2deg_combined.csv,B5A,phase2_B5A_hp332p26m_vm1p71414mps_sp2deg_combined,0,332.26,-1.714,True,True,17504,True,True,True,True,True,True,False,True,5859,5853.0,3.257381200801319,2.32100035473195,0.17022301856195554,
store\data_saved\phase2_B5A_dispersion_grid_report\phase2_B5A_hz0m_vz0mps_sp2deg_combined.csv,B5A,phase2_B5A_hz0m_vz0mps_sp2deg_combined,0,,,,True,17504,True,True,True,True,True,True,False,True,5856,5850.0,5.589893562890211,0.610704812885615,0.1074394760580617,
store\data_saved\phase2_B5A_dispersion_grid_report\phase2_B5A_hz0m_vz0mps_sp2deg_combined.csv,B5A,phase2_B5A_hz0m_vz0mps_sp2deg_combined,1,,,,True,17504,True,True,True,True,True,True,False,True,5834,5828.0,0.4972516618290683,0.5890364176959793,0.5568661253710161,
store\data_saved\phase2_B5B_mc_pilot\conservative_u3\case_reports\mc022_hp332p260_vm1p714\phase2_B5A_hp332p26m_vm1p71414mps_sp2deg_combined.csv,B5A,phase2_B5A_hp332p26m_vm1p71414mps_sp2deg_combined,1,332.26,-1.714,True,True,17504,True,True,True,True,True,True,False,True,5838,5832.0,0.6641957801584795,2.511234349092092,0.23009878728043986,
store\data_saved\phase2_B5D_tight_local_envelope_validation\combined\b5c033_hp336p292_vp0p794_combined.csv,B5D,b5c033_hp336p292_vp0p794_combined,2,336.292,0.794,True,True,17505,True,True,True,True,True,True,False,True,5817,5810.0,1.4851841866584437,0.3287786641335515,0.7915076007629978,
store\data_saved\phase2_B5D_tight_local_envelope_validation\case_reports\b5c033_hp336p292_vp0p794\phase2_B5A_hp336p292m_vp0p79384mps_sp2deg_combined.csv,B5D,phase2_B5A_hp336p292m_vp0p79384mps_sp2deg_combined,0,336.292,0.794,True,True,17505,True,True,True,True,True,True,False,True,5859,5853.0,8.88402531986867,0.3559463285992024,0.1295783620007569,
store\data_saved\phase2_B5D_tight_local_envelope_validation\case_reports\b5c033_hp336p292_vp0p794\phase2_B5A_hp336p292m_vp0p79384mps_sp2deg_combined.csv,B5D,phase2_B5A_hp336p292m_vp0p79384mps_sp2deg_combined,1,336.292,0.794,True,True,17505,True,True,True,True,True,True,False,True,5829,5823.0,2.4609233652881812,6.8281934093724885,0.07553760893642902,
store\data_saved\phase2_B5D_tight_local_envelope_validation\case_reports\b5c033_hp336p292_vp0p794\phase2_B5A_hp336p292m_vp0p79384mps_sp2deg_combined.csv,B5D,phase2_B5A_hp336p292m_vp0p79384mps_sp2deg_combined,2,336.292,0.794,True,True,17505,True,True,True,True,True,True,False,True,5817,5810.0,1.4851841866584437,0.3287786641335515,0.7915076007629978,
store\data_saved\phase2_B5D_tight_local_envelope_validation\combined\b5c033_hp336p292_vp0p794_combined.csv,B5D,b5c033_hp336p292_vp0p794_combined,1,336.292,0.794,True,True,17505,True,True,True,True,True,True,False,True,5829,5823.0,2.4609233652881812,6.8281934093724885,0.07553760893642902,
store\data_saved\phase2_B5D_tight_local_envelope_validation\combined\b5c033_hp336p292_vp0p794_combined.csv,B5D,b5c033_hp336p292_vp0p794_combined,0,336.292,0.794,True,True,17505,True,True,True,True,True,True,False,True,5859,5853.0,8.88402531986867,0.3559463285992024,0.1295783620007569,
store\data_saved\phase2_B5C_local_envelope_validation\case_reports\b5c000_hp471p766_vm9p217\phase2_B5A_hp471p766m_vm9p21737mps_sp2deg_combined.csv,B5A,phase2_B5A_hp471p766m_vm9p21737mps_sp2deg_combined,2,471.766,-9.217,True,True,17506,True,True,True,True,True,True,False,True,5814,5808.0,2.992860846759868,1.1469314961639157,0.8990223104774486,
store\data_saved\phase2_B5C_local_envelope_validation\case_reports\b5c000_hp471p766_vm9p217\phase2_B5A_hp471p766m_vm9p21737mps_sp2deg_combined.csv,B5A,phase2_B5A_hp471p766m_vm9p21737mps_sp2deg_combined,1,471.766,-9.217,True,True,17506,True,True,True,True,True,True,False,True,5832,5826.0,4.808261821723136,1.7654395162333003,0.034141853771870956,
store\data_saved\phase2_B5C_local_envelope_validation\case_reports\b5c024_hp89p592_vm2p948\phase2_B5A_hp89p5916m_vm2p94839mps_sp2deg_combined.csv,B5A,phase2_B5A_hp89p5916m_vm2p94839mps_sp2deg_combined,0,89.592,-2.948,True,True,17506,True,True,True,True,True,True,False,True,5861,5855.0,1.1405221402674215,3.092637728152795,0.23934348171314923,
store\data_saved\phase2_B5C_local_envelope_validation\case_reports\b5c024_hp89p592_vm2p948\phase2_B5A_hp89p5916m_vm2p94839mps_sp2deg_combined.csv,B5A,phase2_B5A_hp89p5916m_vm2p94839mps_sp2deg_combined,1,89.592,-2.948,True,True,17506,True,True,True,True,True,True,False,True,5835,5828.0,3.2167345205307356,3.427552174294078,0.9254739287789562,
store\data_saved\phase2_B5C_local_envelope_validation\case_reports\b5c024_hp89p592_vm2p948\phase2_B5A_hp89p5916m_vm2p94839mps_sp2deg_combined.csv,B5A,phase2_B5A_hp89p5916m_vm2p94839mps_sp2deg_combined,2,89.592,-2.948,True,True,17506,True,True,True,True,True,True,False,True,5810,5804.0,9.239097134752228,1.165541874012888,0.9586136395446374,
store\data_saved\phase2_B5C_local_envelope_validation\combined\b5c024_hp89p592_vm2p948_combined.csv,B5C,b5c024_hp89p592_vm2p948_combined,2,89.592,-2.948,True,True,17506,True,True,True,True,True,True,False,True,5810,5804.0,9.239097134752228,1.165541874012888,0.9586136395446374,
store\data_saved\phase2_B5C_local_envelope_validation\combined\b5c024_hp89p592_vm2p948_combined.csv,B5C,b5c024_hp89p592_vm2p948_combined,1,89.592,-2.948,True,True,17506,True,True,True,True,True,True,False,True,5835,5828.0,3.2167345205307356,3.427552174294078,0.9254739287789562,
store\data_saved\phase2_B5C_local_envelope_validation\combined\b5c024_hp89p592_vm2p948_combined.csv,B5C,b5c024_hp89p592_vm2p948_combined,0,89.592,-2.948,True,True,17506,True,True,True,True,True,True,False,True,5861,5855.0,1.1405221402674215,3.092637728152795,0.23934348171314923,
store\data_saved\phase2_B5D_tight_local_envelope_validation\case_reports\b5c035_hp132p429_vm3p567\phase2_B5A_hp132p429m_vm3p5673mps_sp2deg_combined.csv,B5D,phase2_B5A_hp132p429m_vm3p5673mps_sp2deg_combined,2,132.429,-3.567,True,True,17506,True,True,True,True,True,True,False,True,5829,5823.0,4.930002309039992,0.4071606537647767,0.5413639775069896,
store\data_saved\phase2_B5D_tight_local_envelope_validation\case_reports\b5c035_hp132p429_vm3p567\phase2_B5A_hp132p429m_vm3p5673mps_sp2deg_combined.csv,B5D,phase2_B5A_hp132p429m_vm3p5673mps_sp2deg_combined,1,132.429,-3.567,True,True,17506,True,True,True,True,True,True,False,True,5820,5814.0,11.001954021012352,0.5740695874860648,0.01566703405842418,
store\data_saved\phase2_B5D_tight_local_envelope_validation\case_reports\b5c035_hp132p429_vm3p567\phase2_B5A_hp132p429m_vm3p5673mps_sp2deg_combined.csv,B5D,phase2_B5A_hp132p429m_vm3p5673mps_sp2deg_combined,0,132.429,-3.567,True,True,17506,True,True,True,True,True,True,False,True,5857,5851.0,6.162999413394573,1.4547722673044063,0.37267741203686455,
store\data_saved\phase2_B5C_local_envelope_validation\combined\b5c000_hp471p766_vm9p217_combined.csv,B5C,b5c000_hp471p766_vm9p217_combined,2,471.766,-9.217,True,True,17506,True,True,True,True,True,True,False,True,5814,5808.0,2.992860846759868,1.1469314961639157,0.8990223104774486,
store\data_saved\phase2_B5C_local_envelope_validation\combined\b5c000_hp471p766_vm9p217_combined.csv,B5C,b5c000_hp471p766_vm9p217_combined,1,471.766,-9.217,True,True,17506,True,True,True,True,True,True,False,True,5832,5826.0,4.808261821723136,1.7654395162333003,0.034141853771870956,
store\data_saved\phase2_B5D_tight_local_envelope_validation\combined\b5c035_hp132p429_vm3p567_combined.csv,B5D,b5c035_hp132p429_vm3p567_combined,0,132.429,-3.567,True,True,17506,True,True,True,True,True,True,False,True,5857,5851.0,6.162999413394573,1.4547722673044063,0.37267741203686455,
store\data_saved\phase2_B5D_tight_local_envelope_validation\combined\b5c035_hp132p429_vm3p567_combined.csv,B5D,b5c035_hp132p429_vm3p567_combined,1,132.429,-3.567,True,True,17506,True,True,True,True,True,True,False,True,5820,5814.0,11.001954021012352,0.5740695874860648,0.01566703405842418,
store\data_saved\phase2_B5D_tight_local_envelope_validation\combined\b5c035_hp132p429_vm3p567_combined.csv,B5D,b5c035_hp132p429_vm3p567_combined,2,132.429,-3.567,True,True,17506,True,True,True,True,True,True,False,True,5829,5823.0,4.930002309039992,0.4071606537647767,0.5413639775069896,
store\data_saved\phase2_B5C_local_envelope_validation\combined\b5c000_hp471p766_vm9p217_combined.csv,B5C,b5c000_hp471p766_vm9p217_combined,0,471.766,-9.217,True,True,17506,True,True,True,True,True,True,False,True,5860,5854.0,14.866801327149005,0.9485256107222995,0.3790345051820623,
store\data_saved\phase2_B5C_local_envelope_validation\case_reports\b5c000_hp471p766_vm9p217\phase2_B5A_hp471p766m_vm9p21737mps_sp2deg_combined.csv,B5A,phase2_B5A_hp471p766m_vm9p21737mps_sp2deg_combined,0,471.766,-9.217,True,True,17506,True,True,True,True,True,True,False,True,5860,5854.0,14.866801327149005,0.9485256107222995,0.3790345051820623,
store\data_saved\phase2_B5D_tight_local_envelope_validation\combined\b5c000_hp173p144_vm1p127_combined.csv,B5D,b5c000_hp173p144_vm1p127_combined,0,173.144,-1.127,True,True,17507,True,True,True,True,True,True,False,True,5864,5858.0,4.401625943770341,2.4765316789716962,0.07095107674103929,
store\data_saved\phase2_B5D_tight_local_envelope_validation\case_reports\b5c021_hp9p864_vp0p067\phase2_B5A_hp9p864m_vp0p067197mps_sp2deg_combined.csv,B5D,phase2_B5A_hp9p864m_vp0p067197mps_sp2deg_combined,1,9.864,0.067,True,True,17507,True,True,True,True,True,True,False,True,5830,5824.0,1.8513211400277214,0.8336384678079867,0.5948835129966028,
store\data_saved\phase2_B5D_tight_local_envelope_validation\case_reports\b5c021_hp9p864_vp0p067\phase2_B5A_hp9p864m_vp0p067197mps_sp2deg_combined.csv,B5D,phase2_B5A_hp9p864m_vp0p067197mps_sp2deg_combined,0,9.864,0.067,True,True,17507,True,True,True,True,True,True,False,True,5857,5851.0,0.5075437161467562,4.314031466452434,0.23765526650095126,
store\data_saved\phase2_B5D_tight_local_envelope_validation\combined\b5c021_hp9p864_vp0p067_combined.csv,B5D,b5c021_hp9p864_vp0p067_combined,0,9.864,0.067,True,True,17507,True,True,True,True,True,True,False,True,5857,5851.0,0.5075437161467562,4.314031466452434,0.23765526650095126,
store\data_saved\phase2_B5D_tight_local_envelope_validation\combined\b5c021_hp9p864_vp0p067_combined.csv,B5D,b5c021_hp9p864_vp0p067_combined,1,9.864,0.067,True,True,17507,True,True,True,True,True,True,False,True,5830,5824.0,1.8513211400277214,0.8336384678079867,0.5948835129966028,
store\data_saved\phase2_B5D_tight_local_envelope_validation\case_reports\b5c010_hp59p976_vp4p029\phase2_B5A_hp59p9762m_vp4p02922mps_sp2deg_combined.csv,B5D,phase2_B5A_hp59p9762m_vp4p02922mps_sp2deg_combined,2,59.976,4.029,True,True,17507,True,True,True,True,True,True,False,True,5812,5805.0,23.787523794999288,0.358720178056501,0.15426561825006502,
store\data_saved\phase2_B5D_tight_local_envelope_validation\combined\b5c021_hp9p864_vp0p067_combined.csv,B5D,b5c021_hp9p864_vp0p067_combined,2,9.864,0.067,True,True,17507,True,True,True,True,True,True,False,True,5820,5814.0,0.6554489238988026,4.5115232982350335,0.013177606932003982,
store\data_saved\phase2_B5D_tight_local_envelope_validation\combined\b5c000_hp173p144_vm1p127_combined.csv,B5D,b5c000_hp173p144_vm1p127_combined,1,173.144,-1.127,True,True,17507,True,True,True,True,True,True,False,True,5828,5822.0,0.17310373295549653,4.127298354085042,0.31962481384834973,
store\data_saved\phase2_B5D_tight_local_envelope_validation\case_reports\b5c021_hp9p864_vp0p067\phase2_B5A_hp9p864m_vp0p067197mps_sp2deg_combined.csv,B5D,phase2_B5A_hp9p864m_vp0p067197mps_sp2deg_combined,2,9.864,0.067,True,True,17507,True,True,True,True,True,True,False,True,5820,5814.0,0.6554489238988026,4.5115232982350335,0.013177606932003982,
store\data_saved\phase2_B5C_local_envelope_validation\combined\b5c007_hp447p399_vm2p791_combined.csv,B5C,b5c007_hp447p399_vm2p791_combined,1,447.399,-2.791,True,True,17507,True,True,True,True,True,True,False,True,5831,5825.0,3.809561478541582,0.47422361657049805,0.24749235736817354,
store\data_saved\phase2_B5B_mc_pilot\conservative_u3\combined\mc001_hp358p598_vm8p158_combined.csv,B5B,mc001_hp358p598_vm8p158_combined,1,358.598,-8.158,True,True,17507,True,True,True,True,True,True,False,True,5838,5832.0,5.395331230465672,4.682101439161897,0.5088734717282932,
store\data_saved\phase2_B5D_tight_local_envelope_validation\case_reports\b5c010_hp59p976_vp4p029\phase2_B5A_hp59p9762m_vp4p02922mps_sp2deg_combined.csv,B5D,phase2_B5A_hp59p9762m_vp4p02922mps_sp2deg_combined,1,59.976,4.029,True,True,17507,True,True,True,True,True,True,False,True,5843,5836.0,14.83278660925862,1.2534956768558914,0.2903945233410923,
store\data_saved\phase2_B5B_mc_pilot\conservative_u3\combined\mc001_hp358p598_vm8p158_combined.csv,B5B,mc001_hp358p598_vm8p158_combined,2,358.598,-8.158,True,True,17507,True,True,True,True,True,True,False,True,5816,5809.0,12.52318240121167,1.5177840147280222,0.8915250516511151,
store\data_saved\phase2_B5D_tight_local_envelope_validation\combined\b5c000_hp173p144_vm1p127_combined.csv,B5D,b5c000_hp173p144_vm1p127_combined,2,173.144,-1.127,True,True,17507,True,True,True,True,True,True,False,True,5815,5809.0,2.3428732431857497,0.40442656186405657,0.12736626523837913,
store\data_saved\phase2_B5B_mc_pilot\conservative_u3\combined\mc001_hp358p598_vm8p158_combined.csv,B5B,mc001_hp358p598_vm8p158_combined,0,358.598,-8.158,True,True,17507,True,True,True,True,True,True,False,True,5853,5847.0,7.327857576579845,3.1675774308032487,1.0140047321110615,
store\data_saved\phase2_B5D_tight_local_envelope_validation\case_reports\b5c000_hp173p144_vm1p127\phase2_B5A_hp173p144m_vm1p12688mps_sp2deg_combined.csv,B5D,phase2_B5A_hp173p144m_vm1p12688mps_sp2deg_combined,2,173.144,-1.127,True,True,17507,True,True,True,True,True,True,False,True,5815,5809.0,2.3428732431857497,0.40442656186405657,0.12736626523837913,
store\data_saved\phase2_B5D_tight_local_envelope_validation\case_reports\b5c000_hp173p144_vm1p127\phase2_B5A_hp173p144m_vm1p12688mps_sp2deg_combined.csv,B5D,phase2_B5A_hp173p144m_vm1p12688mps_sp2deg_combined,1,173.144,-1.127,True,True,17507,True,True,True,True,True,True,False,True,5828,5822.0,0.17310373295549653,4.127298354085042,0.31962481384834973,
store\data_saved\phase2_B5D_tight_local_envelope_validation\combined\b5c010_hp59p976_vp4p029_combined.csv,B5D,b5c010_hp59p976_vp4p029_combined,0,59.976,4.029,True,True,17507,True,True,True,True,True,True,False,True,5852,5846.0,7.917209827337501,2.8546388511247187,0.8143053910534945,
store\data_saved\phase2_B5D_tight_local_envelope_validation\combined\b5c010_hp59p976_vp4p029_combined.csv,B5D,b5c010_hp59p976_vp4p029_combined,1,59.976,4.029,True,True,17507,True,True,True,True,True,True,False,True,5843,5836.0,14.83278660925862,1.2534956768558914,0.2903945233410923,
store\data_saved\phase2_B5D_tight_local_envelope_validation\combined\b5c010_hp59p976_vp4p029_combined.csv,B5D,b5c010_hp59p976_vp4p029_combined,2,59.976,4.029,True,True,17507,True,True,True,True,True,True,False,True,5812,5805.0,23.787523794999288,0.358720178056501,0.15426561825006502,
store\data_saved\phase2_B5D_tight_local_envelope_validation\case_reports\b5c010_hp59p976_vp4p029\phase2_B5A_hp59p9762m_vp4p02922mps_sp2deg_combined.csv,B5D,phase2_B5A_hp59p9762m_vp4p02922mps_sp2deg_combined,0,59.976,4.029,True,True,17507,True,True,True,True,True,True,False,True,5852,5846.0,7.917209827337501,2.8546388511247187,0.8143053910534945,
store\data_saved\phase2_B5C_local_envelope_validation\combined\b5c007_hp447p399_vm2p791_combined.csv,B5C,b5c007_hp447p399_vm2p791_combined,2,447.399,-2.791,True,True,17507,True,True,True,True,True,True,False,True,5819,5813.0,6.335826585014729,2.8263512803303,0.666516464909364,
store\data_saved\phase2_B5C_local_envelope_validation\case_reports\b5c007_hp447p399_vm2p791\phase2_B5A_hp447p399m_vm2p79102mps_sp2deg_combined.csv,B5A,phase2_B5A_hp447p399m_vm2p79102mps_sp2deg_combined,0,447.399,-2.791,True,True,17507,True,True,True,True,True,True,False,True,5857,5850.0,8.058894066914945,0.9119106897703659,0.3519555199163733,
store\data_saved\phase2_B5AR_positive_velocity_report\phase2_B5A_hm500m_vp30mps_sp2deg_combined.csv,B5A,phase2_B5A_hm500m_vp30mps_sp2deg_combined,0,-500.0,30.0,False,True,17507,True,False,True,True,True,True,False,False,5827,,4.089533968308388,16.022141409710912,0.8326806622062577,
store\data_saved\phase2_B5AR_positive_velocity_report\phase2_B5A_hm500m_vp30mps_sp2deg_combined.csv,B5A,phase2_B5A_hm500m_vp30mps_sp2deg_combined,1,-500.0,30.0,False,True,17507,True,True,True,True,True,True,False,True,5842,5810.0,35.02026886598105,0.7442881214490171,0.9653215474609169,
store\data_saved\phase2_B5AR_positive_velocity_report\phase2_B5A_hm500m_vp30mps_sp2deg_combined.csv,B5A,phase2_B5A_hm500m_vp30mps_sp2deg_combined,2,-500.0,30.0,False,True,17507,True,True,True,True,True,True,False,True,5838,5805.0,18.83903271714007,2.5601765127782983,0.2559057614998892,
store\data_saved\phase2_B5D_tight_local_envelope_validation\case_reports\b5c000_hp173p144_vm1p127\phase2_B5A_hp173p144m_vm1p12688mps_sp2deg_combined.csv,B5D,phase2_B5A_hp173p144m_vm1p12688mps_sp2deg_combined,0,173.144,-1.127,True,True,17507,True,True,True,True,True,True,False,True,5864,5858.0,4.401625943770341,2.4765316789716962,0.07095107674103929,
store\data_saved\phase2_B5C_local_envelope_validation\case_reports\b5c007_hp447p399_vm2p791\phase2_B5A_hp447p399m_vm2p79102mps_sp2deg_combined.csv,B5A,phase2_B5A_hp447p399m_vm2p79102mps_sp2deg_combined,2,447.399,-2.791,True,True,17507,True,True,True,True,True,True,False,True,5819,5813.0,6.335826585014729,2.8263512803303,0.666516464909364,
store\data_saved\phase2_B5B_mc_pilot\conservative_u3\case_reports\mc001_hp358p598_vm8p158\phase2_B5A_hp358p598m_vm8p15792mps_sp2deg_combined.csv,B5A,phase2_B5A_hp358p598m_vm8p15792mps_sp2deg_combined,0,358.598,-8.158,True,True,17507,True,True,True,True,True,True,False,True,5853,5847.0,7.327857576579845,3.1675774308032487,1.0140047321110615,
store\data_saved\phase2_B5B_mc_pilot\conservative_u3\case_reports\mc001_hp358p598_vm8p158\phase2_B5A_hp358p598m_vm8p15792mps_sp2deg_combined.csv,B5A,phase2_B5A_hp358p598m_vm8p15792mps_sp2deg_combined,1,358.598,-8.158,True,True,17507,True,True,True,True,True,True,False,True,5838,5832.0,5.395331230465672,4.682101439161897,0.5088734717282932,
store\data_saved\phase2_B5B_mc_pilot\conservative_u3\case_reports\mc001_hp358p598_vm8p158\phase2_B5A_hp358p598m_vm8p15792mps_sp2deg_combined.csv,B5A,phase2_B5A_hp358p598m_vm8p15792mps_sp2deg_combined,2,358.598,-8.158,True,True,17507,True,True,True,True,True,True,False,True,5816,5809.0,12.52318240121167,1.5177840147280222,0.8915250516511151,
store\data_saved\phase2_B5C_local_envelope_validation\combined\b5c007_hp447p399_vm2p791_combined.csv,B5C,b5c007_hp447p399_vm2p791_combined,0,447.399,-2.791,True,True,17507,True,True,True,True,True,True,False,True,5857,5850.0,8.058894066914945,0.9119106897703659,0.3519555199163733,
store\data_saved\phase2_B5C_local_envelope_validation\case_reports\b5c007_hp447p399_vm2p791\phase2_B5A_hp447p399m_vm2p79102mps_sp2deg_combined.csv,B5A,phase2_B5A_hp447p399m_vm2p79102mps_sp2deg_combined,1,447.399,-2.791,True,True,17507,True,True,True,True,True,True,False,True,5831,5825.0,3.809561478541582,0.47422361657049805,0.24749235736817354,
store\data_saved\phase2_B5D_tight_local_envelope_validation\case_reports\b5c001_hp407p878_vp3p750\phase2_B5A_hp407p878m_vp3p74983mps_sp2deg_combined.csv,B5D,phase2_B5A_hp407p878m_vp3p74983mps_sp2deg_combined,2,407.878,3.75,True,True,17508,True,True,True,True,True,True,False,True,5813,5806.0,31.602340827030275,2.8802732188601112,0.1878012024462805,
store\data_saved\phase2_B5D_tight_local_envelope_validation\case_reports\b5c001_hp407p878_vp3p750\phase2_B5A_hp407p878m_vp3p74983mps_sp2deg_combined.csv,B5D,phase2_B5A_hp407p878m_vp3p74983mps_sp2deg_combined,0,407.878,3.75,True,True,17508,True,True,True,True,True,True,False,True,5855,5849.0,0.30601710758855916,0.7605628826663633,0.8694009381797514,
store\data_saved\phase2_B5D_tight_local_envelope_validation\combined\b5c001_hp407p878_vp3p750_combined.csv,B5D,b5c001_hp407p878_vp3p750_combined,2,407.878,3.75,True,True,17508,True,True,True,True,True,True,False,True,5813,5806.0,31.602340827030275,2.8802732188601112,0.1878012024462805,
store\data_saved\phase2_B5D_tight_local_envelope_validation\combined\b5c001_hp407p878_vp3p750_combined.csv,B5D,b5c001_hp407p878_vp3p750_combined,1,407.878,3.75,True,True,17508,True,True,True,True,True,True,False,True,5840,5833.0,3.1262806956910936,0.6208077995527219,0.15811391703027766,
store\data_saved\phase2_B5D_tight_local_envelope_validation\combined\b5c001_hp407p878_vp3p750_combined.csv,B5D,b5c001_hp407p878_vp3p750_combined,0,407.878,3.75,True,True,17508,True,True,True,True,True,True,False,True,5855,5849.0,0.30601710758855916,0.7605628826663633,0.8694009381797514,
store\data_saved\phase2_B5D_tight_local_envelope_validation\combined\b5c038_hp335p499_vm1p147_combined.csv,B5D,b5c038_hp335p499_vm1p147_combined,2,335.499,-1.147,True,True,17508,True,True,True,True,True,True,False,True,5805,5799.0,3.0793733125356084,0.4220397798360409,0.7097029878786998,
store\data_saved\phase2_B5D_tight_local_envelope_validation\case_reports\b5c001_hp407p878_vp3p750\phase2_B5A_hp407p878m_vp3p74983mps_sp2deg_combined.csv,B5D,phase2_B5A_hp407p878m_vp3p74983mps_sp2deg_combined,1,407.878,3.75,True,True,17508,True,True,True,True,True,True,False,True,5840,5833.0,3.1262806956910936,0.6208077995527219,0.15811391703027766,
store\data_saved\phase2_B5D_tight_local_envelope_validation\combined\b5c038_hp335p499_vm1p147_combined.csv,B5D,b5c038_hp335p499_vm1p147_combined,0,335.499,-1.147,True,True,17508,True,True,True,True,True,True,False,True,5860,5853.0,0.708702385534707,0.22613397288887427,0.6645660971480538,
store\data_saved\phase2_B5D_tight_local_envelope_validation\case_reports\b5c038_hp335p499_vm1p147\phase2_B5A_hp335p499m_vm1p14706mps_sp2deg_combined.csv,B5D,phase2_B5A_hp335p499m_vm1p14706mps_sp2deg_combined,1,335.499,-1.147,True,True,17508,True,True,True,True,True,True,False,True,5843,5837.0,2.5945301038664184,1.12259690755036,0.4285544522208511,
store\data_saved\phase2_B5D_tight_local_envelope_validation\case_reports\b5c038_hp335p499_vm1p147\phase2_B5A_hp335p499m_vm1p14706mps_sp2deg_combined.csv,B5D,phase2_B5A_hp335p499m_vm1p14706mps_sp2deg_combined,2,335.499,-1.147,True,True,17508,True,True,True,True,True,True,False,True,5805,5799.0,3.0793733125356084,0.4220397798360409,0.7097029878786998,
store\data_saved\phase2_B5D_tight_local_envelope_validation\case_reports\b5c038_hp335p499_vm1p147\phase2_B5A_hp335p499m_vm1p14706mps_sp2deg_combined.csv,B5D,phase2_B5A_hp335p499m_vm1p14706mps_sp2deg_combined,0,335.499,-1.147,True,True,17508,True,True,True,True,True,True,False,True,5860,5853.0,0.708702385534707,0.22613397288887427,0.6645660971480538,
store\data_saved\phase2_B5D_tight_local_envelope_validation\combined\b5c038_hp335p499_vm1p147_combined.csv,B5D,b5c038_hp335p499_vm1p147_combined,1,335.499,-1.147,True,True,17508,True,True,True,True,True,True,False,True,5843,5837.0,2.5945301038664184,1.12259690755036,0.4285544522208511,
store\data_saved\phase2_B5D_tight_local_envelope_validation\case_reports\b5c012_hp14p700_vp1p086\phase2_B5A_hp14p7004m_vp1p08638mps_sp2deg_combined.csv,B5D,phase2_B5A_hp14p7004m_vp1p08638mps_sp2deg_combined,0,14.7,1.086,True,True,17509,True,True,True,True,True,True,False,True,5865,5859.0,9.022199568502401,0.3554910988275424,0.6945289348223014,
store\data_saved\phase2_B5D_tight_local_envelope_validation\case_reports\b5c043_hp452p043_vp0p481\phase2_B5A_hp452p043m_vp0p481273mps_sp2deg_combined.csv,B5D,phase2_B5A_hp452p043m_vp0p481273mps_sp2deg_combined,0,452.043,0.481,True,True,17509,True,True,True,True,True,True,False,True,5847,5841.0,10.151683962540119,0.348105051597031,0.7032077292606118,
store\data_saved\phase2_B5D_tight_local_envelope_validation\combined\b5c043_hp452p043_vp0p481_combined.csv,B5D,b5c043_hp452p043_vp0p481_combined,2,452.043,0.481,True,True,17509,True,True,True,True,True,True,False,True,5814,5807.0,0.9486259810983029,1.9343473508740772,0.04542246188066201,
store\data_saved\phase2_B5D_tight_local_envelope_validation\case_reports\b5c012_hp14p700_vp1p086\phase2_B5A_hp14p7004m_vp1p08638mps_sp2deg_combined.csv,B5D,phase2_B5A_hp14p7004m_vp1p08638mps_sp2deg_combined,1,14.7,1.086,True,True,17509,True,True,True,True,True,True,False,True,5829,5823.0,0.8020549944485538,0.37587608563990216,0.7309110504866112,
store\data_saved\phase2_B5D_tight_local_envelope_validation\case_reports\b5c012_hp14p700_vp1p086\phase2_B5A_hp14p7004m_vp1p08638mps_sp2deg_combined.csv,B5D,phase2_B5A_hp14p7004m_vp1p08638mps_sp2deg_combined,2,14.7,1.086,True,True,17509,True,True,True,True,True,True,False,True,5815,5808.0,4.278549170387123,2.3544748858971616,0.9685804730397649,
store\data_saved\phase2_B5D_tight_local_envelope_validation\combined\b5c012_hp14p700_vp1p086_combined.csv,B5D,b5c012_hp14p700_vp1p086_combined,0,14.7,1.086,True,True,17509,True,True,True,True,True,True,False,True,5865,5859.0,9.022199568502401,0.3554910988275424,0.6945289348223014,
store\data_saved\phase2_B5D_tight_local_envelope_validation\case_reports\b5c043_hp452p043_vp0p481\phase2_B5A_hp452p043m_vp0p481273mps_sp2deg_combined.csv,B5D,phase2_B5A_hp452p043m_vp0p481273mps_sp2deg_combined,2,452.043,0.481,True,True,17509,True,True,True,True,True,True,False,True,5814,5807.0,0.9486259810983029,1.9343473508740772,0.04542246188066201,
store\data_saved\phase2_B5D_tight_local_envelope_validation\combined\b5c012_hp14p700_vp1p086_combined.csv,B5D,b5c012_hp14p700_vp1p086_combined,2,14.7,1.086,True,True,17509,True,True,True,True,True,True,False,True,5815,5808.0,4.278549170387123,2.3544748858971616,0.9685804730397649,
store\data_saved\phase2_B5D_tight_local_envelope_validation\combined\b5c012_hp14p700_vp1p086_combined.csv,B5D,b5c012_hp14p700_vp1p086_combined,1,14.7,1.086,True,True,17509,True,True,True,True,True,True,False,True,5829,5823.0,0.8020549944485538,0.37587608563990216,0.7309110504866112,
store\data_saved\phase2_B5D_tight_local_envelope_validation\case_reports\b5c043_hp452p043_vp0p481\phase2_B5A_hp452p043m_vp0p481273mps_sp2deg_combined.csv,B5D,phase2_B5A_hp452p043m_vp0p481273mps_sp2deg_combined,1,452.043,0.481,True,True,17509,True,True,True,True,True,True,False,True,5848,5841.0,0.12049711179133737,0.406702522774367,0.7267853796365671,
store\data_saved\phase2_B5D_tight_local_envelope_validation\combined\b5c043_hp452p043_vp0p481_combined.csv,B5D,b5c043_hp452p043_vp0p481_combined,0,452.043,0.481,True,True,17509,True,True,True,True,True,True,False,True,5847,5841.0,10.151683962540119,0.348105051597031,0.7032077292606118,
store\data_saved\phase2_B5D_tight_local_envelope_validation\combined\b5c043_hp452p043_vp0p481_combined.csv,B5D,b5c043_hp452p043_vp0p481_combined,1,452.043,0.481,True,True,17509,True,True,True,True,True,True,False,True,5848,5841.0,0.12049711179133737,0.406702522774367,0.7267853796365671,
store\data_saved\phase2_B5C_local_envelope_validation\case_reports\b5c023_hp107p913_vp0p974\phase2_B5A_hp107p913m_vp0p973792mps_sp2deg_combined.csv,B5A,phase2_B5A_hp107p913m_vp0p973792mps_sp2deg_combined,2,107.913,0.974,True,True,17510,True,True,True,True,True,True,False,True,5821,5814.0,0.537528416080022,2.753684321801984,0.8170320626231842,
store\data_saved\phase2_B5C_local_envelope_validation\combined\b5c023_hp107p913_vp0p974_combined.csv,B5C,b5c023_hp107p913_vp0p974_combined,0,107.913,0.974,True,True,17510,True,True,True,True,True,True,False,True,5861,5854.0,10.511536917598278,0.815064087730434,0.11581115845910972,
store\data_saved\phase2_B5C_local_envelope_validation\combined\b5c023_hp107p913_vp0p974_combined.csv,B5C,b5c023_hp107p913_vp0p974_combined,1,107.913,0.974,True,True,17510,True,True,True,True,True,True,False,True,5828,5822.0,2.5098293278788333,1.015280805757584,0.5974581513000885,
store\data_saved\phase2_B5C_local_envelope_validation\combined\b5c023_hp107p913_vp0p974_combined.csv,B5C,b5c023_hp107p913_vp0p974_combined,2,107.913,0.974,True,True,17510,True,True,True,True,True,True,False,True,5821,5814.0,0.537528416080022,2.753684321801984,0.8170320626231842,
store\data_saved\phase2_B5C_local_envelope_validation\case_reports\b5c023_hp107p913_vp0p974\phase2_B5A_hp107p913m_vp0p973792mps_sp2deg_combined.csv,B5A,phase2_B5A_hp107p913m_vp0p973792mps_sp2deg_combined,0,107.913,0.974,True,True,17510,True,True,True,True,True,True,False,True,5861,5854.0,10.511536917598278,0.815064087730434,0.11581115845910972,
store\data_saved\phase2_B5C_local_envelope_validation\case_reports\b5c023_hp107p913_vp0p974\phase2_B5A_hp107p913m_vp0p973792mps_sp2deg_combined.csv,B5A,phase2_B5A_hp107p913m_vp0p973792mps_sp2deg_combined,1,107.913,0.974,True,True,17510,True,True,True,True,True,True,False,True,5828,5822.0,2.5098293278788333,1.015280805757584,0.5974581513000885,
store\data_saved\phase2_B5D_tight_local_envelope_validation\case_reports\b5c018_hp343p939_vp1p764\phase2_B5A_hp343p939m_vp1p76417mps_sp2deg_combined.csv,B5D,phase2_B5A_hp343p939m_vp1p76417mps_sp2deg_combined,1,343.939,1.764,True,True,17513,True,True,True,True,True,True,False,True,5836,5829.0,3.9431465672350896,1.4920014897541023,0.5060423412214732,
store\data_saved\phase2_B5D_tight_local_envelope_validation\case_reports\b5c018_hp343p939_vp1p764\phase2_B5A_hp343p939m_vp1p76417mps_sp2deg_combined.csv,B5D,phase2_B5A_hp343p939m_vp1p76417mps_sp2deg_combined,2,343.939,1.764,True,True,17513,True,True,True,True,True,True,False,True,5820,5813.0,19.261337696523697,2.6583121756289074,0.7728821229102323,
store\data_saved\phase2_B5D_tight_local_envelope_validation\combined\b5c018_hp343p939_vp1p764_combined.csv,B5D,b5c018_hp343p939_vp1p764_combined,1,343.939,1.764,True,True,17513,True,True,True,True,True,True,False,True,5836,5829.0,3.9431465672350896,1.4920014897541023,0.5060423412214732,
store\data_saved\phase2_B5D_tight_local_envelope_validation\combined\b5c018_hp343p939_vp1p764_combined.csv,B5D,b5c018_hp343p939_vp1p764_combined,2,343.939,1.764,True,True,17513,True,True,True,True,True,True,False,True,5820,5813.0,19.261337696523697,2.6583121756289074,0.7728821229102323,
store\data_saved\phase2_B5D_tight_local_envelope_validation\combined\b5c018_hp343p939_vp1p764_combined.csv,B5D,b5c018_hp343p939_vp1p764_combined,0,343.939,1.764,True,True,17513,True,True,True,True,True,True,False,True,5857,5851.0,8.38495449551192,2.11496685358793,0.7479272044220124,
store\data_saved\phase2_B5D_tight_local_envelope_validation\case_reports\b5c018_hp343p939_vp1p764\phase2_B5A_hp343p939m_vp1p76417mps_sp2deg_combined.csv,B5D,phase2_B5A_hp343p939m_vp1p76417mps_sp2deg_combined,0,343.939,1.764,True,True,17513,True,True,True,True,True,True,False,True,5857,5851.0,8.38495449551192,2.11496685358793,0.7479272044220124,
store\data_saved\phase2_B5B_mc_pilot\conservative_u3\combined\mc015_hp244p762_vp8p051_combined.csv,B5B,mc015_hp244p762_vp8p051_combined,2,244.762,8.051,True,True,17514,True,True,True,True,True,True,False,True,5825,5817.0,31.702677359473455,1.905652214898737,0.14033628968900302,
store\data_saved\phase2_B5B_mc_pilot\conservative_u3\combined\mc015_hp244p762_vp8p051_combined.csv,B5B,mc015_hp244p762_vp8p051_combined,1,244.762,8.051,True,True,17514,True,True,True,True,True,True,False,True,5839,5832.0,31.29532170541279,0.16596596774365935,0.7267786300726584,
store\data_saved\phase2_B5D_tight_local_envelope_validation\case_reports\b5c040_hp129p630_vm0p019\phase2_B5A_hp129p63m_vm0p0193577mps_sp2deg_combined.csv,B5D,phase2_B5A_hp129p63m_vm0p0193577mps_sp2deg_combined,2,129.63,-0.019,True,True,17514,True,True,True,True,True,True,False,True,5814,5808.0,1.9616134681782569,4.514322230276775,0.6300799324963009,
store\data_saved\phase2_B5D_tight_local_envelope_validation\combined\b5c040_hp129p630_vm0p019_combined.csv,B5D,b5c040_hp129p630_vm0p019_combined,0,129.63,-0.019,True,True,17514,True,True,True,True,True,True,False,True,5867,5861.0,1.3080484699057706,1.801434473077279,0.41787522021331824,
store\data_saved\phase2_B5B_mc_pilot\conservative_u3\case_reports\mc015_hp244p762_vp8p051\phase2_B5A_hp244p762m_vp8p05058mps_sp2deg_combined.csv,B5A,phase2_B5A_hp244p762m_vp8p05058mps_sp2deg_combined,2,244.762,8.051,True,True,17514,True,True,True,True,True,True,False,True,5825,5817.0,31.702677359473455,1.905652214898737,0.14033628968900302,
store\data_saved\phase2_B5B_mc_pilot\conservative_u3\combined\mc015_hp244p762_vp8p051_combined.csv,B5B,mc015_hp244p762_vp8p051_combined,0,244.762,8.051,True,True,17514,True,True,True,True,True,True,False,True,5850,5844.0,18.088636506789044,0.689729304247976,0.7542333773671999,
store\data_saved\phase2_B5B_mc_pilot\conservative_u3\case_reports\mc015_hp244p762_vp8p051\phase2_B5A_hp244p762m_vp8p05058mps_sp2deg_combined.csv,B5A,phase2_B5A_hp244p762m_vp8p05058mps_sp2deg_combined,1,244.762,8.051,True,True,17514,True,True,True,True,True,True,False,True,5839,5832.0,31.29532170541279,0.16596596774365935,0.7267786300726584,
store\data_saved\phase2_B5B_mc_pilot\conservative_u3\case_reports\mc015_hp244p762_vp8p051\phase2_B5A_hp244p762m_vp8p05058mps_sp2deg_combined.csv,B5A,phase2_B5A_hp244p762m_vp8p05058mps_sp2deg_combined,0,244.762,8.051,True,True,17514,True,True,True,True,True,True,False,True,5850,5844.0,18.088636506789044,0.689729304247976,0.7542333773671999,
store\data_saved\phase2_B5D_tight_local_envelope_validation\combined\b5c040_hp129p630_vm0p019_combined.csv,B5D,b5c040_hp129p630_vm0p019_combined,2,129.63,-0.019,True,True,17514,True,True,True,True,True,True,False,True,5814,5808.0,1.9616134681782569,4.514322230276775,0.6300799324963009,
store\data_saved\phase2_B5D_tight_local_envelope_validation\combined\b5c040_hp129p630_vm0p019_combined.csv,B5D,b5c040_hp129p630_vm0p019_combined,1,129.63,-0.019,True,True,17514,True,True,True,True,True,True,False,True,5833,5827.0,2.8581107040445204,0.5938869243520912,0.042624156980309635,
store\data_saved\phase2_B5D_tight_local_envelope_validation\case_reports\b5c040_hp129p630_vm0p019\phase2_B5A_hp129p63m_vm0p0193577mps_sp2deg_combined.csv,B5D,phase2_B5A_hp129p63m_vm0p0193577mps_sp2deg_combined,1,129.63,-0.019,True,True,17514,True,True,True,True,True,True,False,True,5833,5827.0,2.8581107040445204,0.5938869243520912,0.042624156980309635,
store\data_saved\phase2_B5D_tight_local_envelope_validation\case_reports\b5c040_hp129p630_vm0p019\phase2_B5A_hp129p63m_vm0p0193577mps_sp2deg_combined.csv,B5D,phase2_B5A_hp129p63m_vm0p0193577mps_sp2deg_combined,0,129.63,-0.019,True,True,17514,True,True,True,True,True,True,False,True,5867,5861.0,1.3080484699057706,1.801434473077279,0.41787522021331824,
store\data_saved\phase2_B5D_tight_local_envelope_validation\combined\b5c027_hp312p051_vm5p900_combined.csv,B5D,b5c027_hp312p051_vm5p900_combined,2,312.051,-5.9,True,True,17515,True,True,True,True,True,True,False,True,5824,5818.0,6.742276962129836,1.2426240007719116,0.5351179474382661,
store\data_saved\phase2_B5D_tight_local_envelope_validation\case_reports\b5c027_hp312p051_vm5p900\phase2_B5A_hp312p051m_vm5p89996mps_sp2deg_combined.csv,B5D,phase2_B5A_hp312p051m_vm5p89996mps_sp2deg_combined,1,312.051,-5.9,True,True,17515,True,True,True,True,True,True,False,True,5834,5828.0,1.2621370558008493,0.00875663004967464,0.19282208053482464,
store\data_saved\phase2_B5D_tight_local_envelope_validation\combined\b5c027_hp312p051_vm5p900_combined.csv,B5D,b5c027_hp312p051_vm5p900_combined,0,312.051,-5.9,True,True,17515,True,True,True,True,True,True,False,True,5857,5851.0,9.042379274640552,1.3775875416204144,0.776512694232224,
store\data_saved\phase2_B5D_tight_local_envelope_validation\combined\b5c027_hp312p051_vm5p900_combined.csv,B5D,b5c027_hp312p051_vm5p900_combined,1,312.051,-5.9,True,True,17515,True,True,True,True,True,True,False,True,5834,5828.0,1.2621370558008493,0.00875663004967464,0.19282208053482464,
store\data_saved\phase2_B5D_tight_local_envelope_validation\case_reports\b5c027_hp312p051_vm5p900\phase2_B5A_hp312p051m_vm5p89996mps_sp2deg_combined.csv,B5D,phase2_B5A_hp312p051m_vm5p89996mps_sp2deg_combined,2,312.051,-5.9,True,True,17515,True,True,True,True,True,True,False,True,5824,5818.0,6.742276962129836,1.2426240007719116,0.5351179474382661,
store\data_saved\phase2_B5D_tight_local_envelope_validation\case_reports\b5c027_hp312p051_vm5p900\phase2_B5A_hp312p051m_vm5p89996mps_sp2deg_combined.csv,B5D,phase2_B5A_hp312p051m_vm5p89996mps_sp2deg_combined,0,312.051,-5.9,True,True,17515,True,True,True,True,True,True,False,True,5857,5851.0,9.042379274640552,1.3775875416204144,0.776512694232224,
store\data_saved\phase2_B5D_tight_local_envelope_validation\combined\b5c036_hp421p940_vm4p196_combined.csv,B5D,b5c036_hp421p940_vm4p196_combined,2,421.94,-4.196,True,True,17516,True,True,True,True,True,True,False,True,5823,5817.0,4.872095241658826,1.2977241523560679,0.2261160476700752,
store\data_saved\phase2_B5D_tight_local_envelope_validation\combined\b5c036_hp421p940_vm4p196_combined.csv,B5D,b5c036_hp421p940_vm4p196_combined,1,421.94,-4.196,True,True,17516,True,True,True,True,True,True,False,True,5835,5828.0,1.020702137320768,1.257581828595903,0.6515290684619686,
store\data_saved\phase2_B5D_tight_local_envelope_validation\combined\b5c036_hp421p940_vm4p196_combined.csv,B5D,b5c036_hp421p940_vm4p196_combined,0,421.94,-4.196,True,True,17516,True,True,True,True,True,True,False,True,5858,5852.0,7.548504776223126,1.6810710568292961,0.4952267788175959,
store\data_saved\phase2_B5D_tight_local_envelope_validation\case_reports\b5c036_hp421p940_vm4p196\phase2_B5A_hp421p94m_vm4p19604mps_sp2deg_combined.csv,B5D,phase2_B5A_hp421p94m_vm4p19604mps_sp2deg_combined,1,421.94,-4.196,True,True,17516,True,True,True,True,True,True,False,True,5835,5828.0,1.020702137320768,1.257581828595903,0.6515290684619686,
store\data_saved\phase2_B5D_tight_local_envelope_validation\case_reports\b5c036_hp421p940_vm4p196\phase2_B5A_hp421p94m_vm4p19604mps_sp2deg_combined.csv,B5D,phase2_B5A_hp421p94m_vm4p19604mps_sp2deg_combined,2,421.94,-4.196,True,True,17516,True,True,True,True,True,True,False,True,5823,5817.0,4.872095241658826,1.2977241523560679,0.2261160476700752,
store\data_saved\phase2_B5D_tight_local_envelope_validation\case_reports\b5c036_hp421p940_vm4p196\phase2_B5A_hp421p94m_vm4p19604mps_sp2deg_combined.csv,B5D,phase2_B5A_hp421p94m_vm4p19604mps_sp2deg_combined,0,421.94,-4.196,True,True,17516,True,True,True,True,True,True,False,True,5858,5852.0,7.548504776223126,1.6810710568292961,0.4952267788175959,
store\data_saved\phase2_B5D_tight_local_envelope_validation\case_reports\b5c037_hp344p441_vp2p572\phase2_B5A_hp344p441m_vp2p57177mps_sp2deg_combined.csv,B5D,phase2_B5A_hp344p441m_vp2p57177mps_sp2deg_combined,1,344.441,2.572,True,True,17517,True,True,True,True,True,True,False,True,5844,5838.0,3.8796508070881828,6.6624724012631305,0.24314726357988548,
store\data_saved\phase2_B5D_tight_local_envelope_validation\case_reports\b5c037_hp344p441_vp2p572\phase2_B5A_hp344p441m_vp2p57177mps_sp2deg_combined.csv,B5D,phase2_B5A_hp344p441m_vp2p57177mps_sp2deg_combined,2,344.441,2.572,True,True,17517,True,True,True,True,True,True,False,True,5814,5807.0,11.36964358793557,0.36503748421205273,0.5813236810354283,
store\data_saved\phase2_B5D_tight_local_envelope_validation\case_reports\b5c015_hp468p756_vp8p881\phase2_B5A_hp468p756m_vp8p88129mps_sp2deg_combined.csv,B5D,phase2_B5A_hp468p756m_vp8p88129mps_sp2deg_combined,2,468.756,8.881,True,True,17517,True,True,True,True,True,True,False,True,5820,5812.0,2.098270029597188,1.1915718365239627,0.18665617480291985,
store\data_saved\phase2_B5D_tight_local_envelope_validation\combined\b5c015_hp468p756_vp8p881_combined.csv,B5D,b5c015_hp468p756_vp8p881_combined,0,468.756,8.881,True,True,17517,True,True,True,True,True,True,False,True,5858,5851.0,0.569194532235997,0.6203601666600207,0.04568147741520079,
store\data_saved\phase2_B5D_tight_local_envelope_validation\combined\b5c015_hp468p756_vp8p881_combined.csv,B5D,b5c015_hp468p756_vp8p881_combined,1,468.756,8.881,True,True,17517,True,True,True,True,True,True,False,True,5839,5832.0,11.44900558210793,1.867695447538381,0.6978022492767195,
store\data_saved\phase2_B5D_tight_local_envelope_validation\combined\b5c015_hp468p756_vp8p881_combined.csv,B5D,b5c015_hp468p756_vp8p881_combined,2,468.756,8.881,True,True,17517,True,True,True,True,True,True,False,True,5820,5812.0,2.098270029597188,1.1915718365239627,0.18665617480291985,
store\data_saved\phase2_B5D_tight_local_envelope_validation\case_reports\b5c015_hp468p756_vp8p881\phase2_B5A_hp468p756m_vp8p88129mps_sp2deg_combined.csv,B5D,phase2_B5A_hp468p756m_vp8p88129mps_sp2deg_combined,1,468.756,8.881,True,True,17517,True,True,True,True,True,True,False,True,5839,5832.0,11.44900558210793,1.867695447538381,0.6978022492767195,
store\data_saved\phase2_B5D_tight_local_envelope_validation\case_reports\b5c015_hp468p756_vp8p881\phase2_B5A_hp468p756m_vp8p88129mps_sp2deg_combined.csv,B5D,phase2_B5A_hp468p756m_vp8p88129mps_sp2deg_combined,0,468.756,8.881,True,True,17517,True,True,True,True,True,True,False,True,5858,5851.0,0.569194532235997,0.6203601666600207,0.04568147741520079,
store\data_saved\phase2_B5D_tight_local_envelope_validation\combined\b5c037_hp344p441_vp2p572_combined.csv,B5D,b5c037_hp344p441_vp2p572_combined,0,344.441,2.572,True,True,17517,True,True,True,True,True,True,False,True,5859,5853.0,11.14076937984646,0.40189396146001855,0.13168803072767332,
store\data_saved\phase2_B5D_tight_local_envelope_validation\combined\b5c037_hp344p441_vp2p572_combined.csv,B5D,b5c037_hp344p441_vp2p572_combined,1,344.441,2.572,True,True,17517,True,True,True,True,True,True,False,True,5844,5838.0,3.8796508070881828,6.6624724012631305,0.24314726357988548,
store\data_saved\phase2_B5D_tight_local_envelope_validation\combined\b5c037_hp344p441_vp2p572_combined.csv,B5D,b5c037_hp344p441_vp2p572_combined,2,344.441,2.572,True,True,17517,True,True,True,True,True,True,False,True,5814,5807.0,11.36964358793557,0.36503748421205273,0.5813236810354283,
store\data_saved\phase2_B5D_tight_local_envelope_validation\case_reports\b5c037_hp344p441_vp2p572\phase2_B5A_hp344p441m_vp2p57177mps_sp2deg_combined.csv,B5D,phase2_B5A_hp344p441m_vp2p57177mps_sp2deg_combined,0,344.441,2.572,True,True,17517,True,True,True,True,True,True,False,True,5859,5853.0,11.14076937984646,0.40189396146001855,0.13168803072767332,
store\data_saved\phase2_B5D_tight_local_envelope_validation\combined\b5c025_hp457p541_vm6p362_combined.csv,B5D,b5c025_hp457p541_vm6p362_combined,0,457.541,-6.362,True,True,17518,True,True,True,True,True,True,False,True,5856,5850.0,4.9524284509025165,0.8154788580668537,0.5968667138731689,
store\data_saved\phase2_B5D_tight_local_envelope_validation\combined\b5c025_hp457p541_vm6p362_combined.csv,B5D,b5c025_hp457p541_vm6p362_combined,1,457.541,-6.362,True,True,17518,True,True,True,True,True,True,False,True,5840,5834.0,4.8861525103639,0.8387769565656527,0.06607793742296053,
store\data_saved\phase2_B5D_tight_local_envelope_validation\case_reports\b5c025_hp457p541_vm6p362\phase2_B5A_hp457p541m_vm6p36166mps_sp2deg_combined.csv,B5D,phase2_B5A_hp457p541m_vm6p36166mps_sp2deg_combined,1,457.541,-6.362,True,True,17518,True,True,True,True,True,True,False,True,5840,5834.0,4.8861525103639,0.8387769565656527,0.06607793742296053,
store\data_saved\phase2_B5D_tight_local_envelope_validation\combined\b5c025_hp457p541_vm6p362_combined.csv,B5D,b5c025_hp457p541_vm6p362_combined,2,457.541,-6.362,True,True,17518,True,True,True,True,True,True,False,True,5822,5816.0,4.747452091829473,2.518458249020796,1.0128160575623042,
store\data_saved\phase2_B5AR_positive_velocity_report\phase2_B5A_hp500m_vp10mps_sp2deg_combined.csv,B5A,phase2_B5A_hp500m_vp10mps_sp2deg_combined,1,500.0,10.0,True,True,17518,True,True,True,True,True,True,False,True,5845,5838.0,14.511116117719212,4.032935698149686,0.2622358522567083,
store\data_saved\phase2_B5AR_positive_velocity_report\phase2_B5A_hp500m_vp10mps_sp2deg_combined.csv,B5A,phase2_B5A_hp500m_vp10mps_sp2deg_combined,0,500.0,10.0,True,True,17518,True,True,True,True,True,True,False,True,5850,5843.0,32.731611401151895,0.46338394279632666,0.20709415801684372,
store\data_saved\phase2_B5D_tight_local_envelope_validation\case_reports\b5c025_hp457p541_vm6p362\phase2_B5A_hp457p541m_vm6p36166mps_sp2deg_combined.csv,B5D,phase2_B5A_hp457p541m_vm6p36166mps_sp2deg_combined,0,457.541,-6.362,True,True,17518,True,True,True,True,True,True,False,True,5856,5850.0,4.9524284509025165,0.8154788580668537,0.5968667138731689,
store\data_saved\phase2_B5AR_positive_velocity_report\phase2_B5A_hp500m_vp10mps_sp2deg_combined.csv,B5A,phase2_B5A_hp500m_vp10mps_sp2deg_combined,2,500.0,10.0,True,True,17518,True,True,True,True,True,True,False,True,5823,5815.0,24.487554927436577,1.3427675327520774,0.9982984200323699,
store\data_saved\phase2_B5D_tight_local_envelope_validation\case_reports\b5c025_hp457p541_vm6p362\phase2_B5A_hp457p541m_vm6p36166mps_sp2deg_combined.csv,B5D,phase2_B5A_hp457p541m_vm6p36166mps_sp2deg_combined,2,457.541,-6.362,True,True,17518,True,True,True,True,True,True,False,True,5822,5816.0,4.747452091829473,2.518458249020796,1.0128160575623042,
store\data_saved\phase2_B5C_local_envelope_validation\case_reports\b5c014_hp484p922_vp5p208\phase2_B5A_hp484p922m_vp5p20782mps_sp2deg_combined.csv,B5A,phase2_B5A_hp484p922m_vp5p20782mps_sp2deg_combined,2,484.922,5.208,True,True,17519,True,True,True,True,True,True,False,True,5824,5818.0,2.2890006765010185,0.2850990236763664,0.1145717206018162,
store\data_saved\phase2_B5C_local_envelope_validation\case_reports\b5c014_hp484p922_vp5p208\phase2_B5A_hp484p922m_vp5p20782mps_sp2deg_combined.csv,B5A,phase2_B5A_hp484p922m_vp5p20782mps_sp2deg_combined,1,484.922,5.208,True,True,17519,True,True,True,True,True,True,False,True,5837,5830.0,22.565931349639868,0.3158084091987803,0.14777484808291774,
store\data_saved\phase2_B5C_local_envelope_validation\case_reports\b5c014_hp484p922_vp5p208\phase2_B5A_hp484p922m_vp5p20782mps_sp2deg_combined.csv,B5A,phase2_B5A_hp484p922m_vp5p20782mps_sp2deg_combined,0,484.922,5.208,True,True,17519,True,True,True,True,True,True,False,True,5858,5851.0,1.814661062475352,6.698760408837643,0.9854229244374437,
store\data_saved\phase2_B5C_local_envelope_validation\combined\b5c014_hp484p922_vp5p208_combined.csv,B5C,b5c014_hp484p922_vp5p208_combined,0,484.922,5.208,True,True,17519,True,True,True,True,True,True,False,True,5858,5851.0,1.814661062475352,6.698760408837643,0.9854229244374437,
store\data_saved\phase2_B5C_local_envelope_validation\combined\b5c014_hp484p922_vp5p208_combined.csv,B5C,b5c014_hp484p922_vp5p208_combined,1,484.922,5.208,True,True,17519,True,True,True,True,True,True,False,True,5837,5830.0,22.565931349639868,0.3158084091987803,0.14777484808291774,
store\data_saved\phase2_B5C_local_envelope_validation\combined\b5c014_hp484p922_vp5p208_combined.csv,B5C,b5c014_hp484p922_vp5p208_combined,2,484.922,5.208,True,True,17519,True,True,True,True,True,True,False,True,5824,5818.0,2.2890006765010185,0.2850990236763664,0.1145717206018162,
store\data_saved\phase2_B5D_tight_local_envelope_validation\case_reports\b5c009_hp463p922_vp3p164\phase2_B5A_hp463p922m_vp3p16358mps_sp2deg_combined.csv,B5D,phase2_B5A_hp463p922m_vp3p16358mps_sp2deg_combined,1,463.922,3.164,True,True,17520,True,True,True,True,True,True,False,True,5832,5825.0,9.23790716032454,1.2476235240424103,0.9506298369087745,
store\data_saved\phase2_B5D_tight_local_envelope_validation\combined\b5c009_hp463p922_vp3p164_combined.csv,B5D,b5c009_hp463p922_vp3p164_combined,2,463.922,3.164,True,True,17520,True,True,True,True,True,True,False,True,5819,5812.0,23.416937816673453,0.35999571442312117,0.5208261158550158,
store\data_saved\phase2_B5D_tight_local_envelope_validation\case_reports\b5c009_hp463p922_vp3p164\phase2_B5A_hp463p922m_vp3p16358mps_sp2deg_combined.csv,B5D,phase2_B5A_hp463p922m_vp3p16358mps_sp2deg_combined,2,463.922,3.164,True,True,17520,True,True,True,True,True,True,False,True,5819,5812.0,23.416937816673453,0.35999571442312117,0.5208261158550158,
store\data_saved\phase2_B5D_tight_local_envelope_validation\case_reports\b5c009_hp463p922_vp3p164\phase2_B5A_hp463p922m_vp3p16358mps_sp2deg_combined.csv,B5D,phase2_B5A_hp463p922m_vp3p16358mps_sp2deg_combined,0,463.922,3.164,True,True,17520,True,True,True,True,True,True,False,True,5869,5863.0,0.7487145131999569,0.12179010838804061,0.6439994832908269,
store\data_saved\phase2_B5D_tight_local_envelope_validation\combined\b5c009_hp463p922_vp3p164_combined.csv,B5D,b5c009_hp463p922_vp3p164_combined,0,463.922,3.164,True,True,17520,True,True,True,True,True,True,False,True,5869,5863.0,0.7487145131999569,0.12179010838804061,0.6439994832908269,
store\data_saved\phase2_B5D_tight_local_envelope_validation\combined\b5c009_hp463p922_vp3p164_combined.csv,B5D,b5c009_hp463p922_vp3p164_combined,1,463.922,3.164,True,True,17520,True,True,True,True,True,True,False,True,5832,5825.0,9.23790716032454,1.2476235240424103,0.9506298369087745,
store\data_saved\phase2_B5D_tight_local_envelope_validation\combined\b5c049_hp64p217_vp6p242_combined.csv,B5D,b5c049_hp64p217_vp6p242_combined,0,64.217,6.242,True,True,17521,True,True,True,True,True,True,False,True,5865,5858.0,2.8662157234975894,0.3902723721628263,0.6752466667458066,
store\data_saved\phase2_B5D_tight_local_envelope_validation\combined\b5c049_hp64p217_vp6p242_combined.csv,B5D,b5c049_hp64p217_vp6p242_combined,1,64.217,6.242,True,True,17521,True,True,True,True,True,True,False,True,5829,5822.0,27.854147635323898,0.4119465886412854,0.08427587338519515,
store\data_saved\phase2_B5D_tight_local_envelope_validation\combined\b5c049_hp64p217_vp6p242_combined.csv,B5D,b5c049_hp64p217_vp6p242_combined,2,64.217,6.242,True,True,17521,True,True,True,True,True,True,False,True,5827,5820.0,10.810235196488065,2.2888389589124927,1.0186540724535007,
store\data_saved\phase2_B5D_tight_local_envelope_validation\case_reports\b5c049_hp64p217_vp6p242\phase2_B5A_hp64p2172m_vp6p24229mps_sp2deg_combined.csv,B5D,phase2_B5A_hp64p2172m_vp6p24229mps_sp2deg_combined,0,64.217,6.242,True,True,17521,True,True,True,True,True,True,False,True,5865,5858.0,2.8662157234975894,0.3902723721628263,0.6752466667458066,
store\data_saved\phase2_B5D_tight_local_envelope_validation\case_reports\b5c049_hp64p217_vp6p242\phase2_B5A_hp64p2172m_vp6p24229mps_sp2deg_combined.csv,B5D,phase2_B5A_hp64p2172m_vp6p24229mps_sp2deg_combined,1,64.217,6.242,True,True,17521,True,True,True,True,True,True,False,True,5829,5822.0,27.854147635323898,0.4119465886412854,0.08427587338519515,
store\data_saved\phase2_B5C_local_envelope_validation\combined\b5c009_hp325p987_vm9p589_combined.csv,B5C,b5c009_hp325p987_vm9p589_combined,2,325.987,-9.589,True,True,17521,True,True,True,True,True,True,False,True,5850,4715.0,5.664695827861578,2.820882272400695,0.5296489267275319,
store\data_saved\phase2_B5C_local_envelope_validation\case_reports\b5c009_hp325p987_vm9p589\phase2_B5A_hp325p987m_vm9p58915mps_sp2deg_combined.csv,B5A,phase2_B5A_hp325p987m_vm9p58915mps_sp2deg_combined,2,325.987,-9.589,True,True,17521,True,True,True,True,True,True,False,True,5850,4715.0,5.664695827861578,2.820882272400695,0.5296489267275319,
store\data_saved\phase2_B5C_local_envelope_validation\combined\b5c009_hp325p987_vm9p589_combined.csv,B5C,b5c009_hp325p987_vm9p589_combined,0,325.987,-9.589,True,True,17521,True,True,True,True,True,True,False,True,5852,5846.0,15.979282144144236,0.4789553402590627,0.7420394252621918,
store\data_saved\phase2_B5C_local_envelope_validation\combined\b5c009_hp325p987_vm9p589_combined.csv,B5C,b5c009_hp325p987_vm9p589_combined,1,325.987,-9.589,True,True,17521,True,True,True,True,True,True,False,True,5819,5813.0,0.8106861294436385,1.6792990325759547,0.8152881468340638,
store\data_saved\phase2_B5D_tight_local_envelope_validation\case_reports\b5c049_hp64p217_vp6p242\phase2_B5A_hp64p2172m_vp6p24229mps_sp2deg_combined.csv,B5D,phase2_B5A_hp64p2172m_vp6p24229mps_sp2deg_combined,2,64.217,6.242,True,True,17521,True,True,True,True,True,True,False,True,5827,5820.0,10.810235196488065,2.2888389589124927,1.0186540724535007,
store\data_saved\phase2_B5C_local_envelope_validation\case_reports\b5c009_hp325p987_vm9p589\phase2_B5A_hp325p987m_vm9p58915mps_sp2deg_combined.csv,B5A,phase2_B5A_hp325p987m_vm9p58915mps_sp2deg_combined,1,325.987,-9.589,True,True,17521,True,True,True,True,True,True,False,True,5819,5813.0,0.8106861294436385,1.6792990325759547,0.8152881468340638,
store\data_saved\phase2_B5C_local_envelope_validation\case_reports\b5c009_hp325p987_vm9p589\phase2_B5A_hp325p987m_vm9p58915mps_sp2deg_combined.csv,B5A,phase2_B5A_hp325p987m_vm9p58915mps_sp2deg_combined,0,325.987,-9.589,True,True,17521,True,True,True,True,True,True,False,True,5852,5846.0,15.979282144144236,0.4789553402590627,0.7420394252621918,
store\data_saved\phase2_B5D_tight_local_envelope_validation\combined\b5c017_hp492p240_vp1p120_combined.csv,B5D,b5c017_hp492p240_vp1p120_combined,0,492.24,1.12,True,True,17526,True,True,True,True,True,True,False,True,5866,5860.0,9.210520897609968,2.489357913490494,0.6233961418329272,
store\data_saved\phase2_B5D_tight_local_envelope_validation\case_reports\b5c017_hp492p240_vp1p120\phase2_B5A_hp492p24m_vp1p11974mps_sp2deg_combined.csv,B5D,phase2_B5A_hp492p24m_vp1p11974mps_sp2deg_combined,2,492.24,1.12,True,True,17526,True,True,True,True,True,True,False,True,5824,5817.0,1.7678554266385618,0.4926820870944084,0.684121273283381,
store\data_saved\phase2_B5D_tight_local_envelope_validation\case_reports\b5c017_hp492p240_vp1p120\phase2_B5A_hp492p24m_vp1p11974mps_sp2deg_combined.csv,B5D,phase2_B5A_hp492p24m_vp1p11974mps_sp2deg_combined,1,492.24,1.12,True,True,17526,True,True,True,True,True,True,False,True,5836,5830.0,2.224172232890851,7.788890485822321,0.9165345879227971,
store\data_saved\phase2_B5D_tight_local_envelope_validation\case_reports\b5c017_hp492p240_vp1p120\phase2_B5A_hp492p24m_vp1p11974mps_sp2deg_combined.csv,B5D,phase2_B5A_hp492p24m_vp1p11974mps_sp2deg_combined,0,492.24,1.12,True,True,17526,True,True,True,True,True,True,False,True,5866,5860.0,9.210520897609968,2.489357913490494,0.6233961418329272,
store\data_saved\phase2_B5D_tight_local_envelope_validation\combined\b5c017_hp492p240_vp1p120_combined.csv,B5D,b5c017_hp492p240_vp1p120_combined,2,492.24,1.12,True,True,17526,True,True,True,True,True,True,False,True,5824,5817.0,1.7678554266385618,0.4926820870944084,0.684121273283381,
store\data_saved\phase2_B5D_tight_local_envelope_validation\combined\b5c017_hp492p240_vp1p120_combined.csv,B5D,b5c017_hp492p240_vp1p120_combined,1,492.24,1.12,True,True,17526,True,True,True,True,True,True,False,True,5836,5830.0,2.224172232890851,7.788890485822321,0.9165345879227971,
store\data_saved\phase2_B5B_mc_pilot\conservative_u3\case_reports\mc011_hp470p698_vp3p587\phase2_B5A_hp470p698m_vp3p58727mps_sp2deg_combined.csv,B5A,phase2_B5A_hp470p698m_vp3p58727mps_sp2deg_combined,2,470.698,3.587,True,True,17527,True,True,True,True,True,True,False,True,5823,5816.0,32.376584214918694,2.882176988818401,0.15133365424117073,
store\data_saved\phase2_B5B_mc_pilot\conservative_u3\case_reports\mc011_hp470p698_vp3p587\phase2_B5A_hp470p698m_vp3p58727mps_sp2deg_combined.csv,B5A,phase2_B5A_hp470p698m_vp3p58727mps_sp2deg_combined,1,470.698,3.587,True,True,17527,True,True,True,True,True,True,False,True,5843,5836.0,2.500102929490822,0.5885473634789378,0.3261970878447755,
store\data_saved\phase2_B5B_mc_pilot\conservative_u3\combined\mc011_hp470p698_vp3p587_combined.csv,B5B,mc011_hp470p698_vp3p587_combined,2,470.698,3.587,True,True,17527,True,True,True,True,True,True,False,True,5823,5816.0,32.376584214918694,2.882176988818401,0.15133365424117073,
store\data_saved\phase2_B5B_mc_pilot\conservative_u3\combined\mc011_hp470p698_vp3p587_combined.csv,B5B,mc011_hp470p698_vp3p587_combined,1,470.698,3.587,True,True,17527,True,True,True,True,True,True,False,True,5843,5836.0,2.500102929490822,0.5885473634789378,0.3261970878447755,
store\data_saved\phase2_B5B_mc_pilot\conservative_u3\case_reports\mc011_hp470p698_vp3p587\phase2_B5A_hp470p698m_vp3p58727mps_sp2deg_combined.csv,B5A,phase2_B5A_hp470p698m_vp3p58727mps_sp2deg_combined,0,470.698,3.587,True,True,17527,True,True,True,True,True,True,False,True,5861,5855.0,0.9082397285455954,0.7665062235071218,0.2563288014498539,
store\data_saved\phase2_B5B_mc_pilot\conservative_u3\combined\mc011_hp470p698_vp3p587_combined.csv,B5B,mc011_hp470p698_vp3p587_combined,0,470.698,3.587,True,True,17527,True,True,True,True,True,True,False,True,5861,5855.0,0.9082397285455954,0.7665062235071218,0.2563288014498539,
store\data_saved\phase2_B5A_dispersion_grid_report\phase2_B5A_hp500m_vz0mps_sp2deg_combined.csv,B5A,phase2_B5A_hp500m_vz0mps_sp2deg_combined,2,500.0,,,True,17530,True,True,True,True,True,True,False,True,5816,5810.0,0.5000531476944161,4.088369087680803,0.3485761781121255,
store\data_saved\phase2_B5A_dispersion_grid_report\phase2_B5A_hp500m_vz0mps_sp2deg_combined.csv,B5A,phase2_B5A_hp500m_vz0mps_sp2deg_combined,1,500.0,,,True,17530,True,True,True,True,True,True,False,True,5841,5835.0,2.8395684072784206,0.7310303468359507,0.5241959678023704,
store\data_saved\phase2_B5A_dispersion_grid_report\phase2_B5A_hp500m_vz0mps_sp2deg_combined.csv,B5A,phase2_B5A_hp500m_vz0mps_sp2deg_combined,0,500.0,,,True,17530,True,True,True,True,True,True,False,True,5873,5867.0,9.605038431542198,0.19067711311595303,0.378695125466038,
store\data_saved\phase2_B5AR_positive_velocity_report\phase2_B5A_hm500m_vp20mps_sp2deg_combined.csv,B5A,phase2_B5A_hm500m_vp20mps_sp2deg_combined,2,-500.0,20.0,False,True,17531,True,True,True,True,True,True,False,True,5795,5786.0,34.13271551750222,17.07695201235697,0.013607067128759809,
store\data_saved\phase2_B5AR_positive_velocity_report\phase2_B5A_hm500m_vp20mps_sp2deg_combined.csv,B5A,phase2_B5A_hm500m_vp20mps_sp2deg_combined,1,-500.0,20.0,False,True,17531,True,False,False,True,False,True,True,False,5897,,5.184210842384346,120.89424428614575,1.0725920487820986,
store\data_saved\phase2_B5AR_positive_velocity_report\phase2_B5A_hm500m_vp20mps_sp2deg_combined.csv,B5A,phase2_B5A_hm500m_vp20mps_sp2deg_combined,0,-500.0,20.0,False,True,17531,True,True,True,True,True,True,False,True,5839,5832.0,22.55592017039453,0.6848288651840448,0.3174180461719516,
store\data_saved\phase2_B5B_mc_pilot\conservative_u3\combined\mc029_hm360p203_vm43p128_combined.csv,B5B,mc029_hm360p203_vm43p128_combined,0,-360.203,-43.128,False,True,17535,True,False,False,True,False,True,True,False,5912,,12.26096963346572,74.85097700233837,0.0695671588400728,
store\data_saved\phase2_B5B_mc_pilot\conservative_u3\case_reports\mc029_hm360p203_vm43p128\phase2_B5A_hm360p203m_vm43p1282mps_sp2deg_combined.csv,B5A,phase2_B5A_hm360p203m_vm43p1282mps_sp2deg_combined,1,-360.203,-43.128,False,True,17535,True,False,False,True,False,True,True,False,5890,,0.44645438099178136,43.50152664279949,0.6167956158024026,
store\data_saved\phase2_B5B_mc_pilot\conservative_u3\combined\mc029_hm360p203_vm43p128_combined.csv,B5B,mc029_hm360p203_vm43p128_combined,2,-360.203,-43.128,False,True,17535,True,False,True,True,True,True,False,False,5733,,9.074998964730185,116.61271348297396,0.9166397654043976,
store\data_saved\phase2_B5B_mc_pilot\conservative_u3\case_reports\mc029_hm360p203_vm43p128\phase2_B5A_hm360p203m_vm43p1282mps_sp2deg_combined.csv,B5A,phase2_B5A_hm360p203m_vm43p1282mps_sp2deg_combined,2,-360.203,-43.128,False,True,17535,True,False,True,True,True,True,False,False,5733,,9.074998964730185,116.61271348297396,0.9166397654043976,
store\data_saved\phase2_B5B_mc_pilot\conservative_u3\case_reports\mc029_hm360p203_vm43p128\phase2_B5A_hm360p203m_vm43p1282mps_sp2deg_combined.csv,B5A,phase2_B5A_hm360p203m_vm43p1282mps_sp2deg_combined,0,-360.203,-43.128,False,True,17535,True,False,False,True,False,True,True,False,5912,,12.26096963346572,74.85097700233837,0.0695671588400728,
store\data_saved\phase2_B5B_mc_pilot\conservative_u3\combined\mc029_hm360p203_vm43p128_combined.csv,B5B,mc029_hm360p203_vm43p128_combined,1,-360.203,-43.128,False,True,17535,True,False,False,True,False,True,True,False,5890,,0.44645438099178136,43.50152664279949,0.6167956158024026,
store\data_saved\phase2_B5D_tight_local_envelope_validation\case_reports\b5c020_hp21p581_vm9p979\phase2_B5A_hp21p5813m_vm9p97941mps_sp2deg_combined.csv,B5D,phase2_B5A_hp21p5813m_vm9p97941mps_sp2deg_combined,2,21.581,-9.979,True,True,17537,True,True,True,True,True,True,False,True,5805,5799.0,5.879395992069476,1.3935176173379205,0.6186293293503695,
store\data_saved\phase2_B5C_local_envelope_validation\case_reports\b5c012_hp420p482_vp4p545\phase2_B5A_hp420p482m_vp4p54463mps_sp2deg_combined.csv,B5A,phase2_B5A_hp420p482m_vp4p54463mps_sp2deg_combined,0,420.482,4.545,True,True,17537,True,True,True,True,True,True,False,True,5861,5855.0,6.173499625627301,2.716676730663494,0.4148449223357602,
store\data_saved\phase2_B5D_tight_local_envelope_validation\combined\b5c020_hp21p581_vm9p979_combined.csv,B5D,b5c020_hp21p581_vm9p979_combined,0,21.581,-9.979,True,True,17537,True,False,False,True,False,True,True,False,5910,,736.7056318200812,2.081419471591971,0.37740678059344646,
store\data_saved\phase2_B5D_tight_local_envelope_validation\combined\b5c020_hp21p581_vm9p979_combined.csv,B5D,b5c020_hp21p581_vm9p979_combined,1,21.581,-9.979,True,True,17537,True,True,True,True,True,True,False,True,5822,5816.0,2.464756612367637,2.5635101961343025,0.843867346397019,
store\data_saved\phase2_B5D_tight_local_envelope_validation\combined\b5c020_hp21p581_vm9p979_combined.csv,B5D,b5c020_hp21p581_vm9p979_combined,2,21.581,-9.979,True,True,17537,True,True,True,True,True,True,False,True,5805,5799.0,5.879395992069476,1.3935176173379205,0.6186293293503695,
store\data_saved\phase2_B5C_local_envelope_validation\case_reports\b5c012_hp420p482_vp4p545\phase2_B5A_hp420p482m_vp4p54463mps_sp2deg_combined.csv,B5A,phase2_B5A_hp420p482m_vp4p54463mps_sp2deg_combined,1,420.482,4.545,True,True,17537,True,True,True,True,True,True,False,True,5845,5839.0,1.0962806278657808,0.8225659549800639,0.09653939243435161,
store\data_saved\phase2_B5C_local_envelope_validation\case_reports\b5c012_hp420p482_vp4p545\phase2_B5A_hp420p482m_vp4p54463mps_sp2deg_combined.csv,B5A,phase2_B5A_hp420p482m_vp4p54463mps_sp2deg_combined,2,420.482,4.545,True,True,17537,True,True,True,True,True,True,False,True,5831,5824.0,4.654804565063387,0.39606947624884015,0.6518823634833097,
store\data_saved\phase2_B5C_local_envelope_validation\combined\b5c012_hp420p482_vp4p545_combined.csv,B5C,b5c012_hp420p482_vp4p545_combined,0,420.482,4.545,True,True,17537,True,True,True,True,True,True,False,True,5861,5855.0,6.173499625627301,2.716676730663494,0.4148449223357602,
store\data_saved\phase2_B5C_local_envelope_validation\combined\b5c012_hp420p482_vp4p545_combined.csv,B5C,b5c012_hp420p482_vp4p545_combined,1,420.482,4.545,True,True,17537,True,True,True,True,True,True,False,True,5845,5839.0,1.0962806278657808,0.8225659549800639,0.09653939243435161,
store\data_saved\phase2_B5C_local_envelope_validation\combined\b5c012_hp420p482_vp4p545_combined.csv,B5C,b5c012_hp420p482_vp4p545_combined,2,420.482,4.545,True,True,17537,True,True,True,True,True,True,False,True,5831,5824.0,4.654804565063387,0.39606947624884015,0.6518823634833097,
store\data_saved\phase2_B5D_tight_local_envelope_validation\case_reports\b5c020_hp21p581_vm9p979\phase2_B5A_hp21p5813m_vm9p97941mps_sp2deg_combined.csv,B5D,phase2_B5A_hp21p5813m_vm9p97941mps_sp2deg_combined,1,21.581,-9.979,True,True,17537,True,True,True,True,True,True,False,True,5822,5816.0,2.464756612367637,2.5635101961343025,0.843867346397019,
store\data_saved\phase2_B5D_tight_local_envelope_validation\case_reports\b5c020_hp21p581_vm9p979\phase2_B5A_hp21p5813m_vm9p97941mps_sp2deg_combined.csv,B5D,phase2_B5A_hp21p5813m_vm9p97941mps_sp2deg_combined,0,21.581,-9.979,True,True,17537,True,False,False,True,False,True,True,False,5910,,736.7056318200812,2.081419471591971,0.37740678059344646,
store\data_saved\phase2_B5C_local_envelope_validation\case_reports\b5c016_hp477p976_vp3p569\phase2_B5A_hp477p976m_vp3p56853mps_sp2deg_combined.csv,B5A,phase2_B5A_hp477p976m_vp3p56853mps_sp2deg_combined,1,477.976,3.569,True,True,17541,True,True,True,True,True,True,False,True,5847,5840.0,1.701478360359033,0.14599642537450563,0.22953056584083242,
store\data_saved\phase2_B5C_local_envelope_validation\combined\b5c016_hp477p976_vp3p569_combined.csv,B5C,b5c016_hp477p976_vp3p569_combined,0,477.976,3.569,True,True,17541,True,True,True,True,True,True,False,True,5865,5859.0,0.9837951669942413,0.7675380869627588,0.21331990601174766,
store\data_saved\phase2_B5C_local_envelope_validation\case_reports\b5c016_hp477p976_vp3p569\phase2_B5A_hp477p976m_vp3p56853mps_sp2deg_combined.csv,B5A,phase2_B5A_hp477p976m_vp3p56853mps_sp2deg_combined,2,477.976,3.569,True,True,17541,True,True,True,True,True,True,False,True,5829,5822.0,32.96318538879859,2.898426417773635,0.01975436307839118,
store\data_saved\phase2_B5C_local_envelope_validation\combined\b5c016_hp477p976_vp3p569_combined.csv,B5C,b5c016_hp477p976_vp3p569_combined,2,477.976,3.569,True,True,17541,True,True,True,True,True,True,False,True,5829,5822.0,32.96318538879859,2.898426417773635,0.01975436307839118,
store\data_saved\phase2_B5C_local_envelope_validation\case_reports\b5c016_hp477p976_vp3p569\phase2_B5A_hp477p976m_vp3p56853mps_sp2deg_combined.csv,B5A,phase2_B5A_hp477p976m_vp3p56853mps_sp2deg_combined,0,477.976,3.569,True,True,17541,True,True,True,True,True,True,False,True,5865,5859.0,0.9837951669942413,0.7675380869627588,0.21331990601174766,
store\data_saved\phase2_B5C_local_envelope_validation\combined\b5c016_hp477p976_vp3p569_combined.csv,B5C,b5c016_hp477p976_vp3p569_combined,1,477.976,3.569,True,True,17541,True,True,True,True,True,True,False,True,5847,5840.0,1.701478360359033,0.14599642537450563,0.22953056584083242,
store\data_saved\phase2_B3A_heading_spread_report\phase2_B3A_spread_4deg_combined.csv,B3,phase2_B3A_spread_4deg_combined,0,,,,True,17546,True,True,True,True,True,True,False,True,5915,5909.0,5.797629009561206,2.8271476039778918,0.2306923215292045,
store\data_saved\phase2_B3A_heading_spread_report\phase2_B3A_spread_4deg_combined.csv,B3,phase2_B3A_spread_4deg_combined,2,,,,True,17546,True,True,True,True,True,True,False,True,5797,5791.0,3.142194584946992,8.36412512951756,0.3706794837344205,
store\data_saved\phase2_B3A_heading_spread_report\phase2_B3A_spread_4deg_combined.csv,B3,phase2_B3A_spread_4deg_combined,1,,,,True,17546,True,True,True,True,True,True,False,True,5834,5828.0,0.4972516618290683,0.5890364176959793,0.5568661253710161,
store\data_saved\phase2_B5C_local_envelope_validation\case_reports\b5c003_hp434p666_vm9p076\phase2_B5A_hp434p666m_vm9p07585mps_sp2deg_combined.csv,B5A,phase2_B5A_hp434p666m_vm9p07585mps_sp2deg_combined,0,434.666,-9.076,True,True,17550,True,True,True,True,True,True,False,True,5849,5843.0,0.8836154710479605,2.7380593963519004,0.24961127796268556,
store\data_saved\phase2_B5C_local_envelope_validation\case_reports\b5c003_hp434p666_vm9p076\phase2_B5A_hp434p666m_vm9p07585mps_sp2deg_combined.csv,B5A,phase2_B5A_hp434p666m_vm9p07585mps_sp2deg_combined,1,434.666,-9.076,True,True,17550,True,True,True,True,True,True,False,True,5883,4742.0,2.1446073321094445,1.414568456744064,0.974999413061596,
store\data_saved\phase2_B5C_local_envelope_validation\combined\b5c003_hp434p666_vm9p076_combined.csv,B5C,b5c003_hp434p666_vm9p076_combined,2,434.666,-9.076,True,True,17550,True,True,True,True,True,True,False,True,5818,5812.0,2.1166234591546527,1.7037461469783466,0.3477057731724926,
store\data_saved\phase2_B5C_local_envelope_validation\combined\b5c003_hp434p666_vm9p076_combined.csv,B5C,b5c003_hp434p666_vm9p076_combined,0,434.666,-9.076,True,True,17550,True,True,True,True,True,True,False,True,5849,5843.0,0.8836154710479605,2.7380593963519004,0.24961127796268556,
store\data_saved\phase2_B5C_local_envelope_validation\case_reports\b5c003_hp434p666_vm9p076\phase2_B5A_hp434p666m_vm9p07585mps_sp2deg_combined.csv,B5A,phase2_B5A_hp434p666m_vm9p07585mps_sp2deg_combined,2,434.666,-9.076,True,True,17550,True,True,True,True,True,True,False,True,5818,5812.0,2.1166234591546527,1.7037461469783466,0.3477057731724926,
store\data_saved\phase2_B5C_local_envelope_validation\combined\b5c003_hp434p666_vm9p076_combined.csv,B5C,b5c003_hp434p666_vm9p076_combined,1,434.666,-9.076,True,True,17550,True,True,True,True,True,True,False,True,5883,4742.0,2.1446073321094445,1.414568456744064,0.974999413061596,
store\data_saved\phase2_B5AR_positive_velocity_report\phase2_B5A_hz0m_vp20mps_sp2deg_combined.csv,B5A,phase2_B5A_hz0m_vp20mps_sp2deg_combined,0,,20.0,,True,17554,True,True,True,True,True,True,False,True,5886,5853.0,3.1599907020172395,2.5941019376052736,0.8073180856736144,
store\data_saved\phase2_B5AR_positive_velocity_report\phase2_B5A_hz0m_vp20mps_sp2deg_combined.csv,B5A,phase2_B5A_hz0m_vp20mps_sp2deg_combined,1,,20.0,,True,17554,True,True,True,True,True,True,False,True,5862,5827.0,5.338236069761479,2.232411888516708,0.17062985789380036,
store\data_saved\phase2_B5AR_positive_velocity_report\phase2_B5A_hz0m_vp20mps_sp2deg_combined.csv,B5A,phase2_B5A_hz0m_vp20mps_sp2deg_combined,2,,20.0,,True,17554,True,True,True,True,True,True,False,True,5806,5797.0,17.78754517019479,24.368533683065607,0.14712529342796188,
store\data_saved\phase2_B5C_local_envelope_validation\case_reports\b5c011_hp27p601_vm12p488\phase2_B5A_hp27p6014m_vm12p4877mps_sp2deg_combined.csv,B5A,phase2_B5A_hp27p6014m_vm12p4877mps_sp2deg_combined,0,27.601,-12.488,False,True,17565,True,False,False,True,False,True,True,False,5928,,695.8772385091142,0.4126285745635414,0.3396117695228895,
store\data_saved\phase2_B5C_local_envelope_validation\combined\b5c011_hp27p601_vm12p488_combined.csv,B5C,b5c011_hp27p601_vm12p488_combined,2,27.601,-12.488,False,True,17565,True,True,True,True,True,True,False,True,5802,5796.0,7.013874153257348,2.0505075619848867,0.5686547394288937,
store\data_saved\phase2_B5C_local_envelope_validation\combined\b5c011_hp27p601_vm12p488_combined.csv,B5C,b5c011_hp27p601_vm12p488_combined,1,27.601,-12.488,False,True,17565,True,True,True,True,True,True,False,True,5835,5829.0,16.03858420502729,0.2562994484403589,0.5056262158686877,
store\data_saved\phase2_B5C_local_envelope_validation\combined\b5c011_hp27p601_vm12p488_combined.csv,B5C,b5c011_hp27p601_vm12p488_combined,0,27.601,-12.488,False,True,17565,True,False,False,True,False,True,True,False,5928,,695.8772385091142,0.4126285745635414,0.3396117695228895,
store\data_saved\phase2_B5C_local_envelope_validation\case_reports\b5c011_hp27p601_vm12p488\phase2_B5A_hp27p6014m_vm12p4877mps_sp2deg_combined.csv,B5A,phase2_B5A_hp27p6014m_vm12p4877mps_sp2deg_combined,2,27.601,-12.488,False,True,17565,True,True,True,True,True,True,False,True,5802,5796.0,7.013874153257348,2.0505075619848867,0.5686547394288937,
store\data_saved\phase2_B5C_local_envelope_validation\case_reports\b5c011_hp27p601_vm12p488\phase2_B5A_hp27p6014m_vm12p4877mps_sp2deg_combined.csv,B5A,phase2_B5A_hp27p6014m_vm12p4877mps_sp2deg_combined,1,27.601,-12.488,False,True,17565,True,True,True,True,True,True,False,True,5835,5829.0,16.03858420502729,0.2562994484403589,0.5056262158686877,
store\data_saved\phase2_B5B_mc_pilot\conservative_u3\combined\mc028_hm41p084_vm15p876_combined.csv,B5B,mc028_hm41p084_vm15p876_combined,1,-41.084,-15.876,False,True,17568,True,True,True,True,True,True,False,True,5826,5821.0,1.7899302674522914,6.318435166411518,0.67087313203956,
store\data_saved\phase2_B5B_mc_pilot\conservative_u3\combined\mc028_hm41p084_vm15p876_combined.csv,B5B,mc028_hm41p084_vm15p876_combined,2,-41.084,-15.876,False,True,17568,True,True,True,True,True,True,False,True,5803,5797.0,2.313206339847966,1.6227989676115158,0.6073856345610693,
store\data_saved\phase2_B5B_mc_pilot\conservative_u3\combined\mc028_hm41p084_vm15p876_combined.csv,B5B,mc028_hm41p084_vm15p876_combined,0,-41.084,-15.876,False,True,17568,True,False,False,True,False,True,True,False,5939,,447.8305669067595,0.5364723644509013,0.7638203390597482,
store\data_saved\phase2_B5B_mc_pilot\conservative_u3\case_reports\mc028_hm41p084_vm15p876\phase2_B5A_hm41p0842m_vm15p8755mps_sp2deg_combined.csv,B5A,phase2_B5A_hm41p0842m_vm15p8755mps_sp2deg_combined,2,-41.084,-15.876,False,True,17568,True,True,True,True,True,True,False,True,5803,5797.0,2.313206339847966,1.6227989676115158,0.6073856345610693,
store\data_saved\phase2_B5B_mc_pilot\conservative_u3\case_reports\mc028_hm41p084_vm15p876\phase2_B5A_hm41p0842m_vm15p8755mps_sp2deg_combined.csv,B5A,phase2_B5A_hm41p0842m_vm15p8755mps_sp2deg_combined,1,-41.084,-15.876,False,True,17568,True,True,True,True,True,True,False,True,5826,5821.0,1.7899302674522914,6.318435166411518,0.67087313203956,
store\data_saved\phase2_B5B_mc_pilot\conservative_u3\case_reports\mc028_hm41p084_vm15p876\phase2_B5A_hm41p0842m_vm15p8755mps_sp2deg_combined.csv,B5A,phase2_B5A_hm41p0842m_vm15p8755mps_sp2deg_combined,0,-41.084,-15.876,False,True,17568,True,False,False,True,False,True,True,False,5939,,447.8305669067595,0.5364723644509013,0.7638203390597482,
store\data_saved\phase2_B5C_local_envelope_validation\combined\b5c021_hp246p017_vm13p129_combined.csv,B5C,b5c021_hp246p017_vm13p129_combined,2,246.017,-13.129,False,True,17575,True,True,True,True,True,True,False,True,5817,5811.0,7.700017931678303,1.7504944727650127,0.4790573817444965,
store\data_saved\phase2_B5C_local_envelope_validation\combined\b5c021_hp246p017_vm13p129_combined.csv,B5C,b5c021_hp246p017_vm13p129_combined,1,246.017,-13.129,False,True,17575,True,True,True,True,True,True,False,True,5816,5810.0,9.693343538267072,0.3923118025659278,0.5207310317564406,
store\data_saved\phase2_B5C_local_envelope_validation\combined\b5c021_hp246p017_vm13p129_combined.csv,B5C,b5c021_hp246p017_vm13p129_combined,0,246.017,-13.129,False,True,17575,True,False,False,True,False,True,True,False,5942,,611.9312243232016,0.5549416799472056,1.0143308073675144,
store\data_saved\phase2_B5C_local_envelope_validation\case_reports\b5c021_hp246p017_vm13p129\phase2_B5A_hp246p017m_vm13p1293mps_sp2deg_combined.csv,B5A,phase2_B5A_hp246p017m_vm13p1293mps_sp2deg_combined,0,246.017,-13.129,False,True,17575,True,False,False,True,False,True,True,False,5942,,611.9312243232016,0.5549416799472056,1.0143308073675144,
store\data_saved\phase2_B5C_local_envelope_validation\case_reports\b5c021_hp246p017_vm13p129\phase2_B5A_hp246p017m_vm13p1293mps_sp2deg_combined.csv,B5A,phase2_B5A_hp246p017m_vm13p1293mps_sp2deg_combined,2,246.017,-13.129,False,True,17575,True,True,True,True,True,True,False,True,5817,5811.0,7.700017931678303,1.7504944727650127,0.4790573817444965,
store\data_saved\phase2_B5C_local_envelope_validation\case_reports\b5c021_hp246p017_vm13p129\phase2_B5A_hp246p017m_vm13p1293mps_sp2deg_combined.csv,B5A,phase2_B5A_hp246p017m_vm13p1293mps_sp2deg_combined,1,246.017,-13.129,False,True,17575,True,True,True,True,True,True,False,True,5816,5810.0,9.693343538267072,0.3923118025659278,0.5207310317564406,
store\data_saved\phase2_B5B_mc_pilot\conservative_u3\case_reports\mc019_hm273p091_vm9p811\phase2_B5A_hm273p091m_vm9p81116mps_sp2deg_combined.csv,B5A,phase2_B5A_hm273p091m_vm9p81116mps_sp2deg_combined,1,-273.091,-9.811,False,True,17588,True,True,True,True,True,True,False,True,5827,5821.0,2.1248134386223683,0.3609142398079257,0.2956800226966152,
store\data_saved\phase2_B5B_mc_pilot\conservative_u3\case_reports\mc019_hm273p091_vm9p811\phase2_B5A_hm273p091m_vm9p81116mps_sp2deg_combined.csv,B5A,phase2_B5A_hm273p091m_vm9p81116mps_sp2deg_combined,2,-273.091,-9.811,False,True,17588,True,True,True,True,True,True,False,True,5818,5812.0,3.567785669609293,3.895910557888101,0.2545970957799,
store\data_saved\phase2_B5B_mc_pilot\conservative_u3\case_reports\mc019_hm273p091_vm9p811\phase2_B5A_hm273p091m_vm9p81116mps_sp2deg_combined.csv,B5A,phase2_B5A_hm273p091m_vm9p81116mps_sp2deg_combined,0,-273.091,-9.811,False,True,17588,True,False,False,True,False,True,True,False,5943,,6.440658061441354,0.13614308727869684,0.7713387041731039,
store\data_saved\phase2_B5B_mc_pilot\conservative_u3\combined\mc019_hm273p091_vm9p811_combined.csv,B5B,mc019_hm273p091_vm9p811_combined,0,-273.091,-9.811,False,True,17588,True,False,False,True,False,True,True,False,5943,,6.440658061441354,0.13614308727869684,0.7713387041731039,
store\data_saved\phase2_B5B_mc_pilot\conservative_u3\combined\mc019_hm273p091_vm9p811_combined.csv,B5B,mc019_hm273p091_vm9p811_combined,1,-273.091,-9.811,False,True,17588,True,True,True,True,True,True,False,True,5827,5821.0,2.1248134386223683,0.3609142398079257,0.2956800226966152,
store\data_saved\phase2_B5B_mc_pilot\conservative_u3\combined\mc019_hm273p091_vm9p811_combined.csv,B5B,mc019_hm273p091_vm9p811_combined,2,-273.091,-9.811,False,True,17588,True,True,True,True,True,True,False,True,5818,5812.0,3.567785669609293,3.895910557888101,0.2545970957799,
store\data_saved\phase2_B5C_local_envelope_validation\case_reports\b5c029_hp453p825_vm15p327\phase2_B5A_hp453p825m_vm15p3266mps_sp2deg_combined.csv,B5A,phase2_B5A_hp453p825m_vm15p3266mps_sp2deg_combined,2,453.825,-15.327,False,True,17588,True,True,True,True,True,True,False,True,5822,5816.0,3.7564935743503156,1.7586748043479474,0.34668809908180265,
store\data_saved\phase2_B5C_local_envelope_validation\case_reports\b5c029_hp453p825_vm15p327\phase2_B5A_hp453p825m_vm15p3266mps_sp2deg_combined.csv,B5A,phase2_B5A_hp453p825m_vm15p3266mps_sp2deg_combined,1,453.825,-15.327,False,True,17588,True,True,True,True,True,True,False,True,5826,5820.0,3.6032068495987915,0.40212760416716264,0.9304080795263872,
store\data_saved\phase2_B5C_local_envelope_validation\case_reports\b5c029_hp453p825_vm15p327\phase2_B5A_hp453p825m_vm15p3266mps_sp2deg_combined.csv,B5A,phase2_B5A_hp453p825m_vm15p3266mps_sp2deg_combined,0,453.825,-15.327,False,True,17588,True,False,False,True,False,True,True,False,5940,,602.9674532813551,0.3478495998956532,0.5072322235719184,
store\data_saved\phase2_B5C_local_envelope_validation\combined\b5c029_hp453p825_vm15p327_combined.csv,B5C,b5c029_hp453p825_vm15p327_combined,0,453.825,-15.327,False,True,17588,True,False,False,True,False,True,True,False,5940,,602.9674532813551,0.3478495998956532,0.5072322235719184,
store\data_saved\phase2_B5C_local_envelope_validation\combined\b5c029_hp453p825_vm15p327_combined.csv,B5C,b5c029_hp453p825_vm15p327_combined,2,453.825,-15.327,False,True,17588,True,True,True,True,True,True,False,True,5822,5816.0,3.7564935743503156,1.7586748043479474,0.34668809908180265,
store\data_saved\phase2_B5C_local_envelope_validation\combined\b5c029_hp453p825_vm15p327_combined.csv,B5C,b5c029_hp453p825_vm15p327_combined,1,453.825,-15.327,False,True,17588,True,True,True,True,True,True,False,True,5826,5820.0,3.6032068495987915,0.40212760416716264,0.9304080795263872,
store\data_saved\phase2_B3A_heading_spread_report\phase2_B3A_spread_3deg_combined.csv,B3,phase2_B3A_spread_3deg_combined,2,,,,True,17594,True,True,True,True,True,True,False,True,5820,5813.0,2.5268061072965793,0.7064554108665106,0.598119598631456,
store\data_saved\phase2_B3A_heading_spread_report\phase2_B3A_spread_3deg_combined.csv,B3,phase2_B3A_spread_3deg_combined,0,,,,True,17594,True,True,True,True,True,True,False,True,5940,5934.0,0.5347529434984608,1.9615167758311145,0.5592693625440006,
store\data_saved\phase2_B3A_heading_spread_report\phase2_B3A_spread_3deg_combined.csv,B3,phase2_B3A_spread_3deg_combined,1,,,,True,17594,True,True,True,True,True,True,False,True,5834,5828.0,0.4972516618290683,0.5890364176959793,0.5568661253710161,
store\data_saved\phase2_B5B_mc_pilot\conservative_u3\case_reports\mc012_hp278p383_vm38p322\phase2_B5A_hp278p383m_vm38p3217mps_sp2deg_combined.csv,B5A,phase2_B5A_hp278p383m_vm38p3217mps_sp2deg_combined,0,278.383,-38.322,False,True,17600,True,False,False,True,False,True,True,False,5874,,4.645448206068977,59.465447841714195,0.8098892792768311,
store\data_saved\phase2_B5B_mc_pilot\conservative_u3\combined\mc012_hp278p383_vm38p322_combined.csv,B5B,mc012_hp278p383_vm38p322_combined,1,278.383,-38.322,False,True,17600,True,False,False,True,False,True,True,False,5869,,0.3466359890117019,51.550144641333645,0.37590505299158394,
store\data_saved\phase2_B5B_mc_pilot\conservative_u3\case_reports\mc012_hp278p383_vm38p322\phase2_B5A_hp278p383m_vm38p3217mps_sp2deg_combined.csv,B5A,phase2_B5A_hp278p383m_vm38p3217mps_sp2deg_combined,2,278.383,-38.322,False,True,17600,True,False,False,True,False,True,True,False,5857,,22.07046025784075,84.68645840560885,1.07106695650873,
store\data_saved\phase2_B5B_mc_pilot\conservative_u3\combined\mc012_hp278p383_vm38p322_combined.csv,B5B,mc012_hp278p383_vm38p322_combined,0,278.383,-38.322,False,True,17600,True,False,False,True,False,True,True,False,5874,,4.645448206068977,59.465447841714195,0.8098892792768311,
store\data_saved\phase2_B5B_mc_pilot\conservative_u3\combined\mc012_hp278p383_vm38p322_combined.csv,B5B,mc012_hp278p383_vm38p322_combined,2,278.383,-38.322,False,True,17600,True,False,False,True,False,True,True,False,5857,,22.07046025784075,84.68645840560885,1.07106695650873,
store\data_saved\phase2_B5B_mc_pilot\conservative_u3\case_reports\mc012_hp278p383_vm38p322\phase2_B5A_hp278p383m_vm38p3217mps_sp2deg_combined.csv,B5A,phase2_B5A_hp278p383m_vm38p3217mps_sp2deg_combined,1,278.383,-38.322,False,True,17600,True,False,False,True,False,True,True,False,5869,,0.3466359890117019,51.550144641333645,0.37590505299158394,
store\data_saved\phase2_B5AR_positive_velocity_report\phase2_B5A_hp500m_vp30mps_sp2deg_combined.csv,B5A,phase2_B5A_hp500m_vp30mps_sp2deg_combined,2,500.0,30.0,False,True,17610,True,True,True,True,True,True,False,True,5848,5813.0,15.59749225853011,1.1436654974304474,0.781003794298158,
store\data_saved\phase2_B5AR_positive_velocity_report\phase2_B5A_hp500m_vp30mps_sp2deg_combined.csv,B5A,phase2_B5A_hp500m_vp30mps_sp2deg_combined,1,500.0,30.0,False,True,17610,True,True,True,True,True,True,False,True,5868,5836.0,0.637404474982759,0.36495423695441787,0.43336580567847705,
store\data_saved\phase2_B5AR_positive_velocity_report\phase2_B5A_hp500m_vp30mps_sp2deg_combined.csv,B5A,phase2_B5A_hp500m_vp30mps_sp2deg_combined,0,500.0,30.0,False,True,17610,True,True,True,True,True,True,False,True,5894,5860.0,20.885075342954224,2.1118227276160724,0.7899653542335727,
store\data_saved\phase2_B5B_mc_pilot\conservative_u3\case_reports\mc007_hm56p586_vm36p366\phase2_B5A_hm56p5858m_vm36p3657mps_sp2deg_combined.csv,B5A,phase2_B5A_hm56p5858m_vm36p3657mps_sp2deg_combined,1,-56.586,-36.366,False,True,17614,True,False,False,True,False,True,True,False,5887,,0.4036028029186127,43.016538078378744,0.2300240190816112,
store\data_saved\phase2_B5B_mc_pilot\conservative_u3\case_reports\mc007_hm56p586_vm36p366\phase2_B5A_hm56p5858m_vm36p3657mps_sp2deg_combined.csv,B5A,phase2_B5A_hm56p5858m_vm36p3657mps_sp2deg_combined,2,-56.586,-36.366,False,True,17614,True,False,False,True,False,True,True,False,5822,,32.80668158995468,164.92086569628464,0.71983163090772,
store\data_saved\phase2_B5B_mc_pilot\conservative_u3\case_reports\mc007_hm56p586_vm36p366\phase2_B5A_hm56p5858m_vm36p3657mps_sp2deg_combined.csv,B5A,phase2_B5A_hm56p5858m_vm36p3657mps_sp2deg_combined,0,-56.586,-36.366,False,True,17614,True,False,False,True,False,True,True,False,5905,,854.7242496913714,107.2407195548285,0.6367156354972394,
store\data_saved\phase2_B5B_mc_pilot\conservative_u3\combined\mc007_hm56p586_vm36p366_combined.csv,B5B,mc007_hm56p586_vm36p366_combined,2,-56.586,-36.366,False,True,17614,True,False,False,True,False,True,True,False,5822,,32.80668158995468,164.92086569628464,0.71983163090772,
store\data_saved\phase2_B5B_mc_pilot\conservative_u3\combined\mc007_hm56p586_vm36p366_combined.csv,B5B,mc007_hm56p586_vm36p366_combined,1,-56.586,-36.366,False,True,17614,True,False,False,True,False,True,True,False,5887,,0.4036028029186127,43.016538078378744,0.2300240190816112,
store\data_saved\phase2_B5B_mc_pilot\conservative_u3\combined\mc007_hm56p586_vm36p366_combined.csv,B5B,mc007_hm56p586_vm36p366_combined,0,-56.586,-36.366,False,True,17614,True,False,False,True,False,True,True,False,5905,,854.7242496913714,107.2407195548285,0.6367156354972394,
store\data_saved\phase2_B5B_mc_pilot\conservative_u3\case_reports\mc023_hm112p522_vm32p700\phase2_B5A_hm112p522m_vm32p7003mps_sp2deg_combined.csv,B5A,phase2_B5A_hm112p522m_vm32p7003mps_sp2deg_combined,0,-112.522,-32.7,False,True,17625,True,False,True,True,True,True,False,False,5779,,0.34235832402919186,118.1909173174181,0.5580794154229807,
store\data_saved\phase2_B5B_mc_pilot\conservative_u3\combined\mc023_hm112p522_vm32p700_combined.csv,B5B,mc023_hm112p522_vm32p700_combined,0,-112.522,-32.7,False,True,17625,True,False,True,True,True,True,False,False,5779,,0.34235832402919186,118.1909173174181,0.5580794154229807,
store\data_saved\phase2_B5B_mc_pilot\conservative_u3\case_reports\mc023_hm112p522_vm32p700\phase2_B5A_hm112p522m_vm32p7003mps_sp2deg_combined.csv,B5A,phase2_B5A_hm112p522m_vm32p7003mps_sp2deg_combined,2,-112.522,-32.7,False,True,17625,True,False,False,True,False,True,True,False,5798,,33.20621903188294,319.3680036973474,0.3448283256511786,
store\data_saved\phase2_B5B_mc_pilot\conservative_u3\case_reports\mc023_hm112p522_vm32p700\phase2_B5A_hm112p522m_vm32p7003mps_sp2deg_combined.csv,B5A,phase2_B5A_hm112p522m_vm32p7003mps_sp2deg_combined,1,-112.522,-32.7,False,True,17625,True,False,False,True,False,True,True,False,6048,,54.610134705759265,0.6425346956507383,0.7391535683927941,
store\data_saved\phase2_B5B_mc_pilot\conservative_u3\combined\mc023_hm112p522_vm32p700_combined.csv,B5B,mc023_hm112p522_vm32p700_combined,2,-112.522,-32.7,False,True,17625,True,False,False,True,False,True,True,False,5798,,33.20621903188294,319.3680036973474,0.3448283256511786,
store\data_saved\phase2_B5B_mc_pilot\conservative_u3\combined\mc023_hm112p522_vm32p700_combined.csv,B5B,mc023_hm112p522_vm32p700_combined,1,-112.522,-32.7,False,True,17625,True,False,False,True,False,True,True,False,6048,,54.610134705759265,0.6425346956507383,0.7391535683927941,
store\data_saved\phase2_B5C_local_envelope_validation\combined\b5c022_hp46p566_vm17p262_combined.csv,B5C,b5c022_hp46p566_vm17p262_combined,2,46.566,-17.262,False,True,17651,True,True,True,True,True,True,False,True,5820,5814.0,7.875920736660191,0.17105302551431123,0.14108939311699942,
store\data_saved\phase2_B5C_local_envelope_validation\case_reports\b5c022_hp46p566_vm17p262\phase2_B5A_hp46p566m_vm17p2617mps_sp2deg_combined.csv,B5A,phase2_B5A_hp46p566m_vm17p2617mps_sp2deg_combined,1,46.566,-17.262,False,True,17651,True,False,False,True,False,True,True,False,5920,,391.7370133052609,0.13150661090958238,0.5445793300095829,
store\data_saved\phase2_B5C_local_envelope_validation\case_reports\b5c022_hp46p566_vm17p262\phase2_B5A_hp46p566m_vm17p2617mps_sp2deg_combined.csv,B5A,phase2_B5A_hp46p566m_vm17p2617mps_sp2deg_combined,0,46.566,-17.262,False,True,17651,True,False,False,True,False,True,True,False,5911,,445.7432552598257,6.181591346434288,0.2375744220407796,
store\data_saved\phase2_B5C_local_envelope_validation\combined\b5c022_hp46p566_vm17p262_combined.csv,B5C,b5c022_hp46p566_vm17p262_combined,1,46.566,-17.262,False,True,17651,True,False,False,True,False,True,True,False,5920,,391.7370133052609,0.13150661090958238,0.5445793300095829,
store\data_saved\phase2_B5C_local_envelope_validation\combined\b5c022_hp46p566_vm17p262_combined.csv,B5C,b5c022_hp46p566_vm17p262_combined,0,46.566,-17.262,False,True,17651,True,False,False,True,False,True,True,False,5911,,445.7432552598257,6.181591346434288,0.2375744220407796,
store\data_saved\phase2_B5C_local_envelope_validation\case_reports\b5c022_hp46p566_vm17p262\phase2_B5A_hp46p566m_vm17p2617mps_sp2deg_combined.csv,B5A,phase2_B5A_hp46p566m_vm17p2617mps_sp2deg_combined,2,46.566,-17.262,False,True,17651,True,True,True,True,True,True,False,True,5820,5814.0,7.875920736660191,0.17105302551431123,0.14108939311699942,
store\data_saved\phase2_B5C_local_envelope_validation\case_reports\b5c028_hp490p152_vm18p579\phase2_B5A_hp490p152m_vm18p5785mps_sp2deg_combined.csv,B5A,phase2_B5A_hp490p152m_vm18p5785mps_sp2deg_combined,2,490.152,-18.579,False,True,17682,True,True,True,True,True,True,False,True,5820,5814.0,0.7573896338799386,1.5639964583679102,0.06597269990015775,
store\data_saved\phase2_B5C_local_envelope_validation\case_reports\b5c028_hp490p152_vm18p579\phase2_B5A_hp490p152m_vm18p5785mps_sp2deg_combined.csv,B5A,phase2_B5A_hp490p152m_vm18p5785mps_sp2deg_combined,1,490.152,-18.579,False,True,17682,True,False,False,True,False,True,True,False,5923,,640.6694901366427,0.39115463989605814,0.8313604028735426,
store\data_saved\phase2_B5C_local_envelope_validation\case_reports\b5c028_hp490p152_vm18p579\phase2_B5A_hp490p152m_vm18p5785mps_sp2deg_combined.csv,B5A,phase2_B5A_hp490p152m_vm18p5785mps_sp2deg_combined,0,490.152,-18.579,False,True,17682,True,False,False,True,False,True,True,False,5939,,375.60501698364897,0.9051238863119124,0.7200923984055407,
store\data_saved\phase2_B5C_local_envelope_validation\combined\b5c028_hp490p152_vm18p579_combined.csv,B5C,b5c028_hp490p152_vm18p579_combined,0,490.152,-18.579,False,True,17682,True,False,False,True,False,True,True,False,5939,,375.60501698364897,0.9051238863119124,0.7200923984055407,
store\data_saved\phase2_B5C_local_envelope_validation\combined\b5c028_hp490p152_vm18p579_combined.csv,B5C,b5c028_hp490p152_vm18p579_combined,1,490.152,-18.579,False,True,17682,True,False,False,True,False,True,True,False,5923,,640.6694901366427,0.39115463989605814,0.8313604028735426,
store\data_saved\phase2_B5C_local_envelope_validation\combined\b5c028_hp490p152_vm18p579_combined.csv,B5C,b5c028_hp490p152_vm18p579_combined,2,490.152,-18.579,False,True,17682,True,True,True,True,True,True,False,True,5820,5814.0,0.7573896338799386,1.5639964583679102,0.06597269990015775,
store\data_saved\phase2_B5B_mc_pilot\conservative_u3\case_reports\mc017_hm30p444_vm38p632\phase2_B5A_hm30p4442m_vm38p6317mps_sp2deg_combined.csv,B5A,phase2_B5A_hm30p4442m_vm38p6317mps_sp2deg_combined,1,-30.444,-38.632,False,True,17699,True,False,False,True,False,True,True,False,5966,,33.50228461236475,20.95665979115688,0.4197168426326243,
store\data_saved\phase2_B5B_mc_pilot\conservative_u3\combined\mc017_hm30p444_vm38p632_combined.csv,B5B,mc017_hm30p444_vm38p632_combined,0,-30.444,-38.632,False,True,17699,True,False,False,True,False,True,True,False,5877,,0.0011050946814066265,19.997379168815087,0.4107025916528073,
store\data_saved\phase2_B5B_mc_pilot\conservative_u3\case_reports\mc017_hm30p444_vm38p632\phase2_B5A_hm30p4442m_vm38p6317mps_sp2deg_combined.csv,B5A,phase2_B5A_hm30p4442m_vm38p6317mps_sp2deg_combined,0,-30.444,-38.632,False,True,17699,True,False,False,True,False,True,True,False,5877,,0.0011050946814066265,19.997379168815087,0.4107025916528073,
store\data_saved\phase2_B5B_mc_pilot\conservative_u3\combined\mc017_hm30p444_vm38p632_combined.csv,B5B,mc017_hm30p444_vm38p632_combined,1,-30.444,-38.632,False,True,17699,True,False,False,True,False,True,True,False,5966,,33.50228461236475,20.95665979115688,0.4197168426326243,
store\data_saved\phase2_B5B_mc_pilot\conservative_u3\combined\mc017_hm30p444_vm38p632_combined.csv,B5B,mc017_hm30p444_vm38p632_combined,2,-30.444,-38.632,False,True,17699,True,False,False,True,False,True,True,False,5856,,805.1188982322492,118.11532645485704,0.4367554019627278,
store\data_saved\phase2_B5B_mc_pilot\conservative_u3\case_reports\mc017_hm30p444_vm38p632\phase2_B5A_hm30p4442m_vm38p6317mps_sp2deg_combined.csv,B5A,phase2_B5A_hm30p4442m_vm38p6317mps_sp2deg_combined,2,-30.444,-38.632,False,True,17699,True,False,False,True,False,True,True,False,5856,,805.1188982322492,118.11532645485704,0.4367554019627278,
store\data_saved\phase2_B5C_local_envelope_validation\combined\b5c006_hp235p530_vm19p076_combined.csv,B5C,b5c006_hp235p530_vm19p076_combined,2,235.53,-19.076,False,True,17715,True,False,False,True,False,True,True,False,5888,,664.9871259145002,0.3917624521027392,0.4078239688387839,
store\data_saved\phase2_B5C_local_envelope_validation\combined\b5c006_hp235p530_vm19p076_combined.csv,B5C,b5c006_hp235p530_vm19p076_combined,1,235.53,-19.076,False,True,17715,True,False,False,True,False,True,True,False,5917,,608.5211015538225,0.33795751065713375,0.2662869428168051,
store\data_saved\phase2_B5C_local_envelope_validation\case_reports\b5c006_hp235p530_vm19p076\phase2_B5A_hp235p53m_vm19p0758mps_sp2deg_combined.csv,B5A,phase2_B5A_hp235p53m_vm19p0758mps_sp2deg_combined,2,235.53,-19.076,False,True,17715,True,False,False,True,False,True,True,False,5888,,664.9871259145002,0.3917624521027392,0.4078239688387839,
store\data_saved\phase2_B5C_local_envelope_validation\case_reports\b5c006_hp235p530_vm19p076\phase2_B5A_hp235p53m_vm19p0758mps_sp2deg_combined.csv,B5A,phase2_B5A_hp235p53m_vm19p0758mps_sp2deg_combined,1,235.53,-19.076,False,True,17715,True,False,False,True,False,True,True,False,5917,,608.5211015538225,0.33795751065713375,0.2662869428168051,
store\data_saved\phase2_B5C_local_envelope_validation\case_reports\b5c006_hp235p530_vm19p076\phase2_B5A_hp235p53m_vm19p0758mps_sp2deg_combined.csv,B5A,phase2_B5A_hp235p53m_vm19p0758mps_sp2deg_combined,0,235.53,-19.076,False,True,17715,True,False,False,True,False,True,True,False,5910,,335.4695300189196,5.987523759784381,1.0855236245479318,
store\data_saved\phase2_B5C_local_envelope_validation\combined\b5c006_hp235p530_vm19p076_combined.csv,B5C,b5c006_hp235p530_vm19p076_combined,0,235.53,-19.076,False,True,17715,True,False,False,True,False,True,True,False,5910,,335.4695300189196,5.987523759784381,1.0855236245479318,
store\data_saved\phase2_B5C_local_envelope_validation\case_reports\b5c020_hp231p021_vm17p231\phase2_B5A_hp231p021m_vm17p2307mps_sp2deg_combined.csv,B5A,phase2_B5A_hp231p021m_vm17p2307mps_sp2deg_combined,2,231.021,-17.231,False,True,17752,True,False,False,True,False,True,True,False,5901,,492.26556192280987,0.15794832131996372,0.3834502442550729,
store\data_saved\phase2_B5C_local_envelope_validation\case_reports\b5c020_hp231p021_vm17p231\phase2_B5A_hp231p021m_vm17p2307mps_sp2deg_combined.csv,B5A,phase2_B5A_hp231p021m_vm17p2307mps_sp2deg_combined,1,231.021,-17.231,False,True,17752,True,False,False,True,False,True,True,False,5914,,308.7913667169705,0.12749753083789983,0.349454269198759,
store\data_saved\phase2_B5C_local_envelope_validation\case_reports\b5c020_hp231p021_vm17p231\phase2_B5A_hp231p021m_vm17p2307mps_sp2deg_combined.csv,B5A,phase2_B5A_hp231p021m_vm17p2307mps_sp2deg_combined,0,231.021,-17.231,False,True,17752,True,False,False,True,False,True,True,False,5937,,466.09785752860626,1.9045147756430651,1.0449451389940805,
store\data_saved\phase2_B5C_local_envelope_validation\combined\b5c020_hp231p021_vm17p231_combined.csv,B5C,b5c020_hp231p021_vm17p231_combined,2,231.021,-17.231,False,True,17752,True,False,False,True,False,True,True,False,5901,,492.26556192280987,0.15794832131996372,0.3834502442550729,
store\data_saved\phase2_B5C_local_envelope_validation\combined\b5c020_hp231p021_vm17p231_combined.csv,B5C,b5c020_hp231p021_vm17p231_combined,1,231.021,-17.231,False,True,17752,True,False,False,True,False,True,True,False,5914,,308.7913667169705,0.12749753083789983,0.349454269198759,
store\data_saved\phase2_B5C_local_envelope_validation\combined\b5c020_hp231p021_vm17p231_combined.csv,B5C,b5c020_hp231p021_vm17p231_combined,0,231.021,-17.231,False,True,17752,True,False,False,True,False,True,True,False,5937,,466.09785752860626,1.9045147756430651,1.0449451389940805,
store\data_saved\phase2_B5B_mc_pilot\conservative_u3\case_reports\mc018_hm370p078_vm21p458\phase2_B5A_hm370p078m_vm21p4577mps_sp2deg_combined.csv,B5A,phase2_B5A_hm370p078m_vm21p4577mps_sp2deg_combined,2,-370.078,-21.458,False,True,17764,True,False,False,True,False,True,True,False,5892,,3.6831927915372944,2.6330767306949383,1.006842582297395,
store\data_saved\phase2_B5B_mc_pilot\conservative_u3\case_reports\mc018_hm370p078_vm21p458\phase2_B5A_hm370p078m_vm21p4577mps_sp2deg_combined.csv,B5A,phase2_B5A_hm370p078m_vm21p4577mps_sp2deg_combined,1,-370.078,-21.458,False,True,17764,True,False,False,True,False,True,True,False,5906,,12.217076644421468,1.8591718087222944,0.22512590557016665,
store\data_saved\phase2_B5B_mc_pilot\conservative_u3\case_reports\mc018_hm370p078_vm21p458\phase2_B5A_hm370p078m_vm21p4577mps_sp2deg_combined.csv,B5A,phase2_B5A_hm370p078m_vm21p4577mps_sp2deg_combined,0,-370.078,-21.458,False,True,17764,True,False,True,True,True,True,False,False,5966,,3.5473713151695847,1.6490486469679126,0.5514149719529087,
store\data_saved\phase2_B5B_mc_pilot\conservative_u3\combined\mc018_hm370p078_vm21p458_combined.csv,B5B,mc018_hm370p078_vm21p458_combined,0,-370.078,-21.458,False,True,17764,True,False,True,True,True,True,False,False,5966,,3.5473713151695847,1.6490486469679126,0.5514149719529087,
store\data_saved\phase2_B5B_mc_pilot\conservative_u3\combined\mc018_hm370p078_vm21p458_combined.csv,B5B,mc018_hm370p078_vm21p458_combined,1,-370.078,-21.458,False,True,17764,True,False,False,True,False,True,True,False,5906,,12.217076644421468,1.8591718087222944,0.22512590557016665,
store\data_saved\phase2_B5B_mc_pilot\conservative_u3\combined\mc018_hm370p078_vm21p458_combined.csv,B5B,mc018_hm370p078_vm21p458_combined,2,-370.078,-21.458,False,True,17764,True,False,False,True,False,True,True,False,5892,,3.6831927915372944,2.6330767306949383,1.006842582297395,
store\data_saved\phase2_B5AR_positive_velocity_report\phase2_B5A_hz0m_vp30mps_sp2deg_combined.csv,B5A,phase2_B5A_hz0m_vp30mps_sp2deg_combined,2,,30.0,,True,17780,True,True,True,True,True,True,False,True,5838,5804.0,25.837328779478412,1.589051876780104,0.12570991303800838,
store\data_saved\phase2_B5AR_positive_velocity_report\phase2_B5A_hz0m_vp30mps_sp2deg_combined.csv,B5A,phase2_B5A_hz0m_vp30mps_sp2deg_combined,1,,30.0,,True,17780,True,True,True,True,True,True,False,True,5856,5822.0,28.33673319677473,1.8252194635292653,0.044698361729388125,
store\data_saved\phase2_B5AR_positive_velocity_report\phase2_B5A_hz0m_vp30mps_sp2deg_combined.csv,B5A,phase2_B5A_hz0m_vp30mps_sp2deg_combined,0,,30.0,,True,17780,True,False,False,True,False,True,True,False,6086,,13.844448088151694,2.079425073441598,0.9537167095913901,
store\data_saved\phase2_B5A_dispersion_grid_report\phase2_B5A_hm500m_vp50mps_sp2deg_combined.csv,B5A,phase2_B5A_hm500m_vp50mps_sp2deg_combined,1,-500.0,50.0,False,True,17785,True,False,False,True,False,True,True,False,5952,,4.306583765603136,8.713579849377084,0.9994254034681944,
store\data_saved\phase2_B5A_dispersion_grid_report\phase2_B5A_hm500m_vp50mps_sp2deg_combined.csv,B5A,phase2_B5A_hm500m_vp50mps_sp2deg_combined,0,-500.0,50.0,False,True,17785,True,False,False,True,False,True,True,False,5920,,4.23499277791052,99.25387250648009,0.8417972234819899,
store\data_saved\phase2_B5A_dispersion_grid_report\phase2_B5A_hm500m_vp50mps_sp2deg_combined.csv,B5A,phase2_B5A_hm500m_vp50mps_sp2deg_combined,2,-500.0,50.0,False,True,17785,True,False,False,True,False,True,True,False,5913,,35.90027068129348,145.97868222333318,0.7966755066809128,
store\data_saved\phase2_B3B_run_dwell_combined_all.csv,B3,phase2_B3B_run_dwell_combined_all,2,,,,True,52512,True,True,True,True,True,True,False,True,17442,5808.0,5.092600761647191,4.506536722896044,0.567177112607169,
store\data_saved\phase2_B3B_run_dwell_combined_all.csv,B3,phase2_B3B_run_dwell_combined_all,1,,,,True,52512,True,True,True,True,True,True,False,True,17502,5828.0,0.4972516618290683,0.5890364176959793,0.5568661253710161,
store\data_saved\phase2_B3B_run_dwell_combined_all.csv,B3,phase2_B3B_run_dwell_combined_all,0,,,,True,52512,True,True,True,True,True,True,False,True,17568,5850.0,5.589893562890211,0.610704812885615,0.1074394760580617,
store\data_saved\phase2_B3A_heading_spread_combined_all.csv,B3,phase2_B3A_heading_spread_combined_all,2,,,,True,70136,True,True,True,True,True,True,False,True,23247,5809.0,0.74834126159476,0.7064554108665106,0.3706794837344205,
store\data_saved\PHASE2_B3A_HEADING_SPREAD_PASS_FREEZE\phase2_B3A_heading_spread_combined_all.csv,B3,phase2_B3A_heading_spread_combined_all,0,,,,True,70136,True,True,True,True,True,True,False,True,23553,5836.0,0.5347529434984608,0.5965998720696462,0.1074394760580617,
store\data_saved\PHASE2_B3A_HEADING_SPREAD_PASS_FREEZE\phase2_B3A_heading_spread_combined_all.csv,B3,phase2_B3A_heading_spread_combined_all,1,,,,True,70136,True,True,True,True,True,True,False,True,23336,5828.0,0.4972516618290683,0.5890364176959793,0.5568661253710161,
store\data_saved\phase2_B5A_dispersion_grid_combined_all.csv,B5A,phase2_B5A_dispersion_grid_combined_all,0,,,,True,147826,True,True,True,True,True,True,True,False,49153,11584.0,3.3681632890402398,0.19067711311595303,0.1074394760580617,
store\data_saved\phase2_B5A_dispersion_grid_combined_all.csv,B5A,phase2_B5A_dispersion_grid_combined_all,1,,,,True,147826,True,True,True,True,True,True,True,False,49416,5797.0,0.38713703968096524,0.21132164196478698,0.003994578939455096,
store\data_saved\phase2_B5A_dispersion_grid_combined_all.csv,B5A,phase2_B5A_dispersion_grid_combined_all,2,,,,True,147826,True,True,True,True,True,True,True,False,49257,4690.0,0.5000531476944161,0.2987126041864485,0.3485761781121255,
store\data_saved\phase2_B5AR_positive_velocity_combined_all.csv,B5A,phase2_B5AR_positive_velocity_combined_all,2,,,,True,257710,True,True,True,True,True,True,True,False,86328,5800.0,1.2024514374606952,0.5035800499726975,0.013607067128759809,
store\data_saved\phase2_B5AR_positive_velocity_combined_all.csv,B5A,phase2_B5AR_positive_velocity_combined_all,1,,,,True,257710,True,True,True,True,True,True,True,False,85642,5822.0,0.637404474982759,0.13703471513554177,0.044698361729388125,
store\data_saved\phase2_B5AR_positive_velocity_combined_all.csv,B5A,phase2_B5AR_positive_velocity_combined_all,0,,,,True,257710,True,True,True,True,True,True,True,False,85740,5821.0,3.1599907020172395,0.40690451908881187,0.17891589771170402,
